-0.014495999474738001 1.9982288240895865 -0.0246326627865792 0.0004190369173637 0.5 0.5
-0.013081231909790048 2.021460475774463 -0.026007262734053 0.0003435934121246 0.5 0.5
-0.010650911788400962 2.0442960896130207 -0.027240385925032 0.0002852865338348 0.5 0.5
-0.00738745461582202 2.06639515773436 -0.0282304771038721 0.0002542489732861 0.5 0.5
-0.0035433902409190074 2.087453017369726 -0.0288942225654543 0.0002584340318654 0.5 0.5
0.000577144786866983 2.1072141051935374 -0.0291735615895462 0.0003027979933543 0.5 0.5
0.004642111173631981 2.1254813735784075 -0.0290408471108595 0.0003886908160963 0.5 0.5
0.008318856042959961 2.1421215716817112 -0.0285016359934963 0.0005135217941707 0.5 0.5
0.011302804156953991 2.15706636900895 -0.0275947503892003 0.0006707485555087 0.5 0.5
0.013344935117883018 2.170309447461642 -0.0263894699735049 0.0008502124085078 0.5 0.5
0.014275293812356961 2.181899900819328 -0.0249799764617166 0.0010388126968971 0.5 0.5
0.01402000711219601 2.1919326534942427 -0.0234774470804809 0.0012214802273986 0.5 0.5
0.012609826584664974 2.200537030163956 -0.0220004463692613 0.0013823780603271 0.5 0.5
0.010179011411780015 2.2078648305712587 -0.0206644637107948 0.001506230532772 0.5 0.5
0.006954334679051995 2.214079125381696 -0.0195715625696168 0.0015796621285277 0.5 0.5
0.003235034910925999 2.2193445461142947 -0.0188011291017116 0.0015924197139916 0.5 0.5
-0.0006344994592069955 2.223819332542021 -0.018402625610619 0.0015383560886631 0.5 0.5
-0.004296767046755023 2.227649081033108 -0.0183910755565397 0.00141606993239 0.5 0.5
-0.007414884743354999 2.2309621096679955 -0.0187457522612152 0.0012291266161333 0.5 0.5
-0.009704771290617968 2.2338665010777943 -0.0194122407355507 0.0009858243186907 0.5 0.5
-0.010962578886275047 2.236448961802994 -0.0203077178646125 0.0006985167591157 0.5 0.5
-0.011084510156002016 2.2387754861614457 -0.02132897575324 0.0003825520792985 0.5 0.5
-0.01007685783234201 2.240893480867652 -0.0223624267688402 5.493062674030304e-05 0.5 0.5
-0.008055094220341986 2.2428347118741616 -0.0232951125520744 -0.0002671834518032 0.5 0.5
-0.0052319479920720155 2.2446183927674817 -0.0240256219741086 -0.0005679451526289 0.5 0.5
-0.0018955177059790454 2.246253985570738 -0.0244738167733158 -0.000834154860801 0.5 0.5
0.0016204639127830045 2.2477436614039723 -0.0245883685439137 -0.0010562938230964 0.5 0.5
0.00497118996097199 2.2490846215458027 -0.0243513221526354 -0.0012291667213148 0.5 0.5
0.007836557045311984 2.250271466205092 -0.0237792031565382 -0.0013520921440116 0.5 0.5
0.009954400842550025 2.2512985793376363 -0.022920547452007 -0.0014286301373317 0.5 0.5
0.011147672853917961 2.252162278828791 -0.021850107367752 -0.0014658842475746 0.5 0.5
0.011342619627745035 2.252862449895098 -0.0206603400823602 -0.0014734590320239 0.5 0.5
0.010575912694297009 2.253403564752246 -0.0194510781195857 -0.0014621892340957 0.5 0.5
0.00898983334047497 2.253795249281368 -0.018318486850156 -0.0014427803426929 0.5 0.5
0.00681592880269203 2.2540526838435837 -0.0173445035161085 -0.0014245092324092 0.5 0.5
0.004348848347513964 2.254197012341037 -0.0165879106358393 -0.0014141264447864 0.5 0.5
0.0019131631641930089 2.254255652813218 -0.0160780258010879 -0.0014150789807435 0.5 0.5
-0.00017323481131901325 2.2542621569495465 -0.0158117094846686 -0.0014271370232402 0.5 0.5
-0.00163513471800103 2.2542552382634424 -0.0157540329658005 -0.0014464639603312 0.5 0.5
-0.002271402039982981 2.254276802752123 -0.0158425464376006 -0.0014661210385979 0.5 0.5
-0.0019782497051339804 2.2543691178539764 -0.0159946866415989 -0.0014769507534217 0.5 0.5
-0.0007617598279419796 2.254571438637816 -0.0161175116121123 -0.0014687415974718 0.5 0.5
0.001261810094301992 2.254916377366932 -0.0161186875949065 -0.0014315455168069 0.5 0.5
0.003878080726400987 2.2554261384767083 -0.0159175065854763 -0.0013570017342437 0.5 0.5
0.00679771706633199 2.256108643449964 -0.0154546985128362 -0.0012395185262755 0.5 0.5
0.009688166788999007 2.256953691730692 -0.014699926806203 -0.0010771787233274 0.5 0.5
0.012210442577844996 2.257929620985333 -0.0136561101273031 -0.0008722640806022 0.5 0.5
0.014056863123812994 2.2589812478622178 -0.0123600658695186 -0.0006313352261032 0.5 0.5
0.014985558456379992 2.2600299670380037 -0.0108793795571373 -0.0003648529694269 0.5 0.5
0.014847880129483992 2.260976678492029 -0.0093058237114993 -8.637763430672364e-05 0.5 0.5
0.013605635659185 2.2617078090441494 -0.0077460356985509 0.0001885703498786 0.5 0.5
0.011336229580238 2.262104298229191 -0.0063104721326324 0.0004438686008198 0.5 0.5
0.008225189411177995 2.262053168817129 -0.0051018491746086 0.0006642266900767 0.5 0.5
0.004546979077905992 2.261461173749149 -0.0042043302334908 0.0008365458962793 0.5 0.5
0.0006362678759319965 2.260269852054032 -0.0036746323257002 0.0009510647233495 0.5 0.5
-0.003147178345540005 2.2584709923383897 -0.003536005538107 0.0010021751752619 0.5 0.5
-0.006456145551411007 2.256120986696303 -0.003775723372661 0.0009888315321261 0.5 0.5
-0.008992065532883002 2.2533520209057984 -0.0043463379278021 0.0009145172659383 0.5 0.5
-0.010535699781142006 2.250377727714933 -0.0051705444810904 0.000786782094519 0.5 0.5
-0.010969243796592996 2.2474910005764066 -0.0061491144592046 0.0006164054171932 0.5 0.5
-0.010287656892698002 2.245052131075675 -0.0071710388388639 0.0004162802399906 0.5 0.5
-0.00859814391530201 2.243466158914011 -0.0081248045281337 0.0002001395671279 0.5 0.5
-0.006107922842095003 2.243149159361398 -0.0089096189196639 -1.8737716272018182e-05 0.5 0.5
-0.003101632004390009 2.244484096035842 -0.0094454112038734 -0.0002287042022252 0.5 0.5
8.919311182700729e-05 2.2477679091141094 -0.0096805744043124 -0.000420682453838 0.5 0.5
0.003121353260166996 2.2531527774050923 -0.0095966550931297 -0.0005887716311998 0.5 0.5
0.005676245304195981 2.260585956644731 -0.009209519767113 -0.0007304690121659 0.5 0.5
0.007493338734888 2.269754042652432 -0.0085668952366934 -0.0008464992681 0.5 0.5
0.008397323171568001 2.280038590260791 -0.0077425613632046 -0.000940291440124 0.5 0.5
0.008316058562241992 2.290490394176456 -0.0068278290460478 -0.0010171854204925 0.5 0.5
0.007287461839898994 2.299829201112205 -0.0059212231898236 -0.0010834805305272 0.5 0.5
0.005454639259926996 2.3064741521827288 -0.0051174770058337 -0.0011454544828398 0.5 0.5
0.003049794196106001 2.3086079489503044 -0.004497013079841 -0.0012084798890819 0.5 0.5
0.00036860958931399235 2.3042747065699656 -0.0041170336602304 -0.0012763477363311 0.5 0.5
-0.002262173562561998 2.2915077815378218 -0.004005172701299 -0.0013508748117001 0.5 0.5
-0.004520499294360008 2.26847966133593 -0.0041563900575552 -0.0014318287287749 0.5 0.5
-0.006124192741375004 2.2336616009454406 -0.0045334399869912 -0.0015171559479615 0.5 0.5
-0.006861792548873008 2.185976734384859 -0.0050708592611287 -0.0016034524817329 0.5 0.5
-0.006615685529498998 2.124927851825244 -0.005682038516016 -0.0016865816140139 0.5 0.5
-0.004025064635722001 2.050681084063168 -0.0062686070689659 -0.0017623248255386 -0.4 -0.4
-0.001887360336481998 1.964090454477453 -0.0067311135325381 -0.0018269559677672 -0.4 -0.4
0.0009519379743009974 1.8666559863646213 -0.0069798495661863 -0.0018776550783554 -0.4 -0.4
0.004219894920465001 1.7604185059013908 -0.0069446557687562 -0.001912720945866 -0.4 -0.4
0.0075948742465610074 1.6478044893643295 -0.0065826662767097 -0.0019315880543819 -0.4 -0.4
0.010740239116152003 1.531441183590155 -0.0058831788520536 -0.001934689921013 -0.4 -0.4
0.013339344274605995 1.413964455241009 -0.0048691549404384 -0.0019232287551652 -0.4 -0.4
0.015128147833010008 1.2978401060339284 -0.0035952205129778 -0.001898911156649 -0.4 -0.4
0.015922174748514 1.1852152742887951 -0.0021424057296768 -0.0018636974603533 -0.4 -0.4
0.015635207265214 1.0778112421519763 -0.0006101882548254 -0.0018195955625037 -0.4 -0.4
0.014287864796856002 0.976863132537171 0.000893332471696 -0.0017685137631259 -0.4 -0.4
0.012005210471418008 0.8831061475795313 0.0022621189513816 -0.0017121739609329 -0.4 -0.4
0.009003676641149006 0.7968028984686375 0.0034026399985234 -0.0016520775349081 -0.4 -0.4
0.005568750418565999 0.7178027542277016 0.0042430076626383 -0.0015895116227553 -0.4 -0.4
0.0020257982799239994 0.6456224458485716 0.0047398827044949 -0.0015255823364503 -0.4 -0.4
-0.0012929208792929973 0.5795373224919034 0.0048824625324873 -0.0014612617820837 -0.4 -0.4
-0.004081611191732995 0.5186740721931694 0.004693170444558 -0.0013974358238224 -0.4 -0.4
-0.006091192344447999 0.4620976246081563 0.0042250093253847 -0.0013349393109004 -0.4 -0.4
-0.0071533858078949965 0.4088868009939906 0.0035558900909399 -0.0012745666622233 -0.4 -0.4
-0.007196328637278991 0.3581949095351942 0.0027805515101504 -0.0012170499798911 -0.4 -0.4
-0.006250335181939997 0.3092930744636568 0.0020009186464225 -0.0011630041726623 -0.4 -0.4
-0.0044434159009049965 0.2615958355528422 0.0013158851282285 -0.0011128468830301 -0.4 -0.4
-0.0019871854149039947 0.2146703567839803 0.000811543538138 -0.0010667077833185 -0.4 -0.4
0.0008452321778170053 0.1682320520657801 0.0005528249966476 -0.0010243455639412 -0.4 -0.4
0.0037469228300910044 0.1221302094146234 0.0005773482144293 -0.0009850915083045 -0.4 -0.4
0.006407695208111004 0.0763271653113498 0.0008920404974384 -0.0009478361480067 -0.4 -0.4
0.008544399855368003 0.0308739643357045 0.0014728100182495 -0.0009110702076 -0.4 -0.4
0.009928155376627005 -0.0141152978714419 0.0022672500037863 -0.0008729833213756 -0.4 -0.4
0.010405922483412008 -0.0584886895841745 0.003200065541449 -0.0008316150471109 -0.4 -0.4
0.009914484035166999 -0.1020795515180937 0.0041806577897902 -0.0007850440862085 -0.4 -0.4
0.008485698083453 -0.1447258830603039 0.0051121061933069 -0.0007315946537495 -0.4 -0.4
0.006242732492140008 -0.1862847259983104 0.0059006760016522 -0.0006700346263712 -0.4 -0.4
0.003387773129354 -0.2266410019586257 0.0064649492508662 -0.0005997394564162 -0.4 -0.4
0.00018242262365599643 -0.2657112124140469 0.0067437265638016 -0.0005207997683616 -0.4 -0.4
-0.0030773444526399976 -0.3034431800701093 0.0067019688261672 -0.0004340588955287 -0.4 -0.4
-0.006089323737692998 -0.3398132526271861 0.0063342343809032 -0.0003410774708342 -0.4 -0.4
-0.008573744765223 -0.3748220831475967 0.0056653020071339 -0.0002440324967042 -0.4 -0.4
-0.010299870729329995 -0.4084895617741619 0.0047479275306116 -0.0001455654333835 -0.4 -0.4
-0.011108074512488995 -0.4408491245312779 0.0036579404576786 -4.8596682986842e-05 -0.4 -0.4
-0.010925216101123993 -0.471941735505459 0.0024871330064297 4.387695953585046e-05 -0.4 -0.4
-0.009771716152992995 -0.5018101869600934 0.0013346113963173 0.0001289879955583 -0.4 -0.4
-0.007759583096441995 -0.5304945959908829 0.000297439781018 0.0002041956970432 -0.4 -0.4
-0.005081604597778995 -0.5580297837342948 -0.0005385185286262 0.0002674650029138 -0.4 -0.4
-0.0019927540360819966 -0.5844446154461111 -0.0011066789884041 0.0003174156061248 -0.4 -0.4
0.0012144340330260024 -0.6097626986769858 -0.0013659543920123 0.0003534282425138 -0.4 -0.4
0.004238159633470005 -0.634003522634101 -0.0013045109887097 0.0003756945725684 -0.4 -0.4
0.006796541348671004 -0.6571833646190448 -0.0009406950253627 0.0003851996288694 -0.4 -0.4
0.008654811752571004 -0.6793158626363069 -0.0003210408904956 0.0003836323189873 -0.4 -0.4
0.009647901654311003 -0.7004126132491725 0.0004844402847615 0.0003732287229659 -0.4 -0.4
0.009696272833361004 -0.7204841957912265 0.0013892304501926 0.0003565624283582 -0.4 -0.4
0.008813477962267006 -0.7395416821320446 0.0022988577335287 0.0003363035137369 -0.4 -0.4
0.007104684653758005 -0.7575982831179532 0.0031202055297554 0.0003149717618719 -0.4 -0.4
0.004756281727881007 -0.7746706590487581 0.0037706739951312 0.0002947101903425 -0.4 -0.4
0.002017578411738002 -0.7907796858532296 0.0041863021679193 0.0002771024478989 -0.4 -0.4
-0.0008236236412170056 -0.805950902319848 0.0043280600090931 0.0002630523496358 -0.4 -0.4
-0.0034692270839269948 -0.8202151100871059 0.0041856976449714 0.000252736239518 -0.4 -0.4
-0.005640071608296994 -0.8336094356909891 0.0037787749365787 0.0002456301122232 -0.4 -0.4
-0.007103337772858993 -0.8461786798281513 0.003154767775749 0.0002406052390532 -0.4 -0.4
-0.0076954305478299945 -0.8579763207297113 0.0023844339984631 0.0002360798224185 -0.4 -0.4
-0.007338127896143996 -0.8690644472122376 0.0015548909436801 0.0002302102749271 -0.4 -0.4
-0.006046462923816254 -0.8795122335016268 0.0007610781540657 0.0002211036244268 -0.4 -0.4
-0.0039275935484647355 -0.8893930806679652 9.643186168407404e-05 0.0002070318679884 -0.4 -0.4
-0.0011707549296279954 -0.8987808876318616 -0.0003563274931624 0.0001866297910099 -0.4 -0.4
0.0019707423425570046 -0.9077458911724814 -0.0005334029861252 0.0001590597832736 -0.4 -0.4
0.00520369959742353 -0.9163502327648612 -0.0003963287518695 0.000124130107133 -0.4 -0.4
0.00822302267109648 -0.9246431734030732 6.404120787285245e-05 8.23563688395091e-05 -0.4 -0.4
0.010740794648312003 -0.9326559477577676 0.0008263434749825 3.4959502663829785e-05 -0.4 -0.4
0.012513614628364002 -0.9403966493732768 0.0018404229398137 -1.620215925527603e-05 -0.4 -0.4
0.013365558390352007 -0.947846040307862 0.0030317844026501 -6.876368229771182e-05 -0.4 -0.4
0.013204588986719997 -0.9549554605209488 0.0043083402416853 -0.000120037491709 -0.4 -0.4
0.012030978060787005 -0.9616478820761554 0.0055687991403573 -0.0001672337728861 -0.4 -0.4
0.009937121325125 -0.96782267726728 0.006711896946436 -0.000207694435495 -0.4 -0.4
0.007098900379083001 -0.9733641137858978 0.0076456090789485 -0.0002391139234207 -0.4 -0.4
0.003759450246567011 -0.9781532174050964 0.0082954991168568 -0.0002597200464257 -0.4 -0.4
0.0002068592316120145 -0.9820825182124576 0.0086114441415135 -0.0002683927276211 -0.4 -0.4
-0.0032521152209989863 -0.9850731388750952 0.0085721300646747 -0.0002647079871616 -0.4 -0.4
-0.006319897147681001 -0.9870934159157108 0.0081869185425748 -0.0002489067525796 -0.4 -0.4
-0.008735018400306991 -0.9881776354742456 0.0074949288278067 -0.0002218001392394 -0.4 -0.4
-0.010295755323031005 -0.9884426612487872 0.006561426987776 -0.0001846317539948 -0.4 -0.4
-0.010878367679314997 -0.988099584257236 0.0054718514554729 -0.0001389217296533 -0.4 -0.4
-0.010448239123077994 -0.987457354630947 0.0043240146875414 -8.631669485110113e-05 -0.4 -0.4
-0.009062836973568996 -0.9869157546697028 0.0032191907752336 -2.8466011495850077e-05 -0.4 -0.4
-0.006866209185364994 -0.9869458736034588 0.0022529070778767 3.306116900771864e-05 -0.4 -0.4
-0.004075565127477996 -0.9880571928179144 0.0015062861593402 9.681020273809224e-05 -0.4 -0.4
-0.0009612004252629964 -0.990751352479462 0.0010387296465924 0.0001614258482109 -0.4 -0.4
0.0021784061398660054 -0.9954637248245256 0.0008826096040661 0.0002255938731303 -0.4 -0.4
0.005044067958962003 -1.0024952594454266 0.0010404502180527 0.0002879517211817 -0.4 -0.4
0.0073634482321190044 -1.0119387860975335 0.0014848570139489 0.0003469860449698 -0.4 -0.4
0.008916223461563006 -1.023605885341906 0.0021612018371608 0.0004009394298071 -0.4 -0.4
0.009554604478719005 -1.0369621352957177 0.0029928241833171 0.0004477515086038 -0.4 -0.4
0.009217345158529002 -1.051079520179491 0.003888284631189 0.0004850596221739 -0.4 -0.4
0.007935895686124001 -1.064614712280871 0.0047500191470419 0.0005102800056596 -0.4 -0.4
0.005832045114012004 -1.07582074243781 0.0054836087156543 0.0005207818426601 -0.4 -0.4
0.003107178284564001 -1.0825973671935862 0.0060068132270555 0.0005141541478684 -0.4 -0.4
2.40312046629991e-05 -1.0825823585280867 0.0062575310555119 0.0004885505626739 -0.4 -0.4
-0.0031174964559759974 -1.0732820490199504 0.0061999341759782 0.0004430810302476 -0.4 -0.4
-0.006008347071370995 -1.0522348161112582 0.0058281845303806 0.0003782034198962 -0.4 -0.4
-0.008359601010014001 -1.0171960184337707 0.0051673498232435 0.0002960547847275 -0.4 -0.4
-0.009930365750737998 -0.966327820885722 0.0042713897222421 0.0002006543967499 -0.4 -0.4
-0.010551641585881993 -0.8983734321008622 0.0032183531471683 9.791285805252569e-05 -0.4 -0.4
-0.011493833883481002 -0.8127939115578328 0.0021031889885801 -4.603203808801219e-06 0.5 0.5
-0.010076053914829077 -0.7098481951561845 0.001028805600232 -9.817139788430412e-05 0.5 0.5
-0.0077660301087389295 -0.5906038747481097 9.620020874909269e-05 -0.0001736562795678 0.5 0.5
-0.004770315509074004 -0.4568764884653831 -0.0006054028021248 -0.0002224228481287 0.5 0.5
-0.0013654188224500037 -0.3111058564831767 -0.0010074343530322 -0.0002373064349194 0.5 0.5
0.0021285932312499955 -0.1561861564239254 -0.0010689762352772 -0.0002135018228901 0.5 0.5
0.005379608457151995 0.004729641474282 -0.0007811169121522 -0.0001492391638755 0.5 0.5
0.008076933336200996 0.1684301273965243 -0.000168156066437 -4.614428173768723e-05 0.5 0.5
0.009963107618575995 0.3318318337289008 0.0007145372671831 9.077307208611063e-05 0.5 0.5
0.010860551843694995 0.4921365068268245 0.0017858480290407 0.0002535085140288 0.5 0.5
0.010690132346598 0.6469489852839786 0.0029469032134102 0.0004317880348029 0.5 0.5
0.009479638984873995 0.7943509581878825 0.00409091644807 0.0006140480499623 0.5 0.5
0.007361206070201996 0.9329312609493414 0.0051138803465574 0.0007885620582806 0.5 0.5
0.004557822015278995 1.061777718567151 0.0059250009535776 0.0009445903402263 0.5 0.5
0.0013602400387089948 1.180438268774421 0.0064557831551055 0.0010734273488056 0.5 0.5
-0.0019033255870550079 1.2888600732409596 0.0066668071589764 0.0011692323736708 0.5 0.5
-0.004901553782338999 1.3873150071916258 0.0065514746002709 0.0012295508668493 0.5 0.5
-0.007334842004372002 1.4763190158782606 0.006136319222037 0.0012554643715968 0.5 0.5
-0.008966920468544007 1.5565518786610189 0.0054778350215998 0.0012513446327853 0.5 0.5
-0.009649796507721006 1.6287830694671384 0.0046561429747454 0.0012242304130718 0.5 0.5
-0.009339226257234004 1.6938083901867584 0.0037661633239733 0.0011828900683702 0.5 0.5
-0.008098984398842001 1.7524005404146328 0.0029072406982499 0.0011366727615267 0.5 0.5
-0.006093470721538006 1.8052747734844776 0.0021723422583657 0.0010942796394999 0.5 0.5
-0.0035694322781950043 1.8530687155885248 0.0016379951862119 0.0010625990950846 0.5 0.5
-0.0008287296588680034 1.896333920258748 0.0013560519583924 0.0010457460336998 0.5 0.5
0.001804904154085996 1.9355362210014104 0.0013481789925056 0.0010444242351147 0.5 0.5
0.004021443576824996 1.9710623167111616 0.0016036694079142 0.0010556951070785 0.5 0.5
0.005558581358955997 2.00323067296973 0.0020808137655967 0.0010731891357941 0.5 0.5
0.006230506687218995 2.032305156713585 0.0027116719014923 0.001087744133798 0.5 0.5
0.005948377455404991 2.058509721028985 0.0034097225702142 0.001088403767616 0.5 0.5
0.004730273379368998 2.0820422654084507 0.0040795603157547 0.0010636668192089 0.5 0.5
0.002699537775600995 2.103085978910565 0.0046275876536916 0.0010028469885596 0.5 0.5
7.170626414800159e-05 2.1218172205485755 0.0049725414312517 0.000897388593817 0.5 0.5
-0.002868528435968007 2.138410031235389 0.0050547120576665 0.0007419876981727 0.5 0.5
-0.005797832250772003 2.153038156962892 0.0048428592140697 0.0005353909536571 0.5 0.5
-0.008388982013065004 2.165875600652729 0.0043380759889925 0.0002807825597215 0.5 0.5
-0.010346141363942006 2.1770962712383746 0.003574177787686 -1.42828634408957e-05 0.5 0.5
-0.011436849078018002 2.18687272060672 0.0026145636512918 -0.0003383941450575 0.5 0.5
-0.011517272121900003 2.195373753301914 0.00154587874349 -0.0006771911576472 0.5 0.5
-0.010548063127137002 2.202761018286031 0.0004691515313 -0.0010145750149944 0.5 0.5
-0.008599182868390004 2.2091852540215218 -0.0005106547814137 -0.0013341013057455 0.5 0.5
-0.0058431320852000024 2.2147831720589397 -0.0012955730682527 -0.0016204193666268 0.5 0.5
-0.002537165459913003 2.2196757397365934 -0.0018048862767727 -0.0018606150633702 0.5 0.5
0.0010037607359489938 2.2239679795763085 -0.001983602822764 -0.0020453214929736 0.5 0.5
0.0044404806619719964 2.2277497713873387 -0.0018082267491691 -0.0021694819001019 0.5 0.5
0.007445974749101995 2.23109693404484 -0.0012891786829719 -0.0022326816225217 0.5 0.5
0.009740668001980996 2.234072168391311 -0.0004695812080617 -0.0022390093942518 0.5 0.5
0.011122765576497995 2.236725978074303 0.0005794855921364 -0.0021964594811174 0.5 0.5
0.011490126564393995 2.239098012749182 0.0017667621497862 -0.002115939215041 0.5 0.5
0.010851067188565999 2.2412191342115597 0.0029907748062256 -0.0020099936824565 0.5 0.5
0.009322802501127991 2.243114007725932 0.0041508815250822 -0.0018913928494539 0.5 0.5
0.007117710865995001 2.2448035752646325 0.005158161775195 -0.0017717415537751 0.5 0.5
0.004518972704934988 2.2463067435504263 0.0059449328617945 -0.0016602687599745 0.5 0.5
0.0018482938478259995 2.2476410554095128 0.006471830132288 -0.0015629307802809 0.5 0.5
-0.0005706698531300018 2.248822692649077 0.0067316595170706 -0.0014819262551867 0.5 0.5
-0.0024490368256440027 2.249866460906884 0.0067495925317576 -0.0014156724282268 0.5 0.5
-0.003565397975122007 2.2507862195880333 0.0065796888491932 -0.0013592386114809 0.5 0.5
-0.003790810722193007 2.251595695839954 0.006298149051681 -0.001305180791523 0.5 0.5
-0.0031033097113000035 2.252309164487536 0.0059940679794617 -0.001244677292117 0.5 0.5
-0.001590309321634004 2.252941440550219 0.0057587370083317 -0.0011688335727145 0.5 0.5
0.0005614060189979963 2.2535070530650905 0.0056747060761683 -0.0010700071399002 0.5 0.5
0.0030869950495879955 2.254019031096641 0.0058058466780681 -0.0009430025388645 0.5 0.5
0.0056737242203279935 2.254488002925371 0.0061895461830269 -0.0007860016045915 0.5 0.5
0.007996491500927 2.254922075073992 0.0068319186050597 -0.0006011238646297 0.5 0.5
0.009754649907029005 2.255327395299628 0.0077065677551524 -0.0003945523481205 0.5 0.5
0.010706001656572983 2.255708842966705 0.0087570327458553 -0.0001762058949615 0.5 0.5
0.010694213636134008 2.2560702777342496 0.0099026329115126 4.1014678584564215e-05 0.5 0.5
0.009666686861665996 2.2564142058264647 0.011047054275126 0.000242336498496 0.5 0.5
0.007681023305238996 2.2567412443681154 0.0120887229612926 0.0004124745603484 0.5 0.5
0.004899515721462997 2.2570499669156665 0.0129318252918165 0.0005371091661956 0.5 0.5
0.0015723506478139936 2.2573374401867974 0.0134967768639628 0.0006043339380226 0.5 0.5
-0.0019886434299590076 2.257600229419132 0.0137290119287442 0.0006059261963462 0.5 0.5
-0.005442892340052005 2.2578352794555854 0.0136051475857483 0.0005383037157921 0.5 0.5
-0.008457092973113006 2.25804016609857 0.0131358583517431 0.0004030579103805 0.5 0.5
-0.010740515798389003 2.258212691827557 0.0123651490544318 0.0002069928984578 0.5 0.5
-0.012075875695226005 2.258350298299684 0.0113660974745929 -3.835014679414117e-05 0.5 0.5
-0.01234251094024301 2.2584499022424382 0.0102335099050703 -0.0003176489312385 0.5 0.5
-0.011529350645690002 2.258508437018571 0.009074258811046 -0.0006131489186157 0.5 0.5
-0.009736177425285 2.2585238569859785 0.007996323746477 -0.000906274361836 0.5 0.5
-0.007162947120428007 2.258496036115864 0.0070977060039485 -0.0011793424157633 0.5 0.5
-0.004088241957472 2.258427099806166 0.0064564112919057 -0.0014172109779899 0.5 0.5
-0.0008391119534570043 2.258321167720121 0.0061225870961585 -0.0016086986748246 0.5 0.5
0.0022445248225099954 2.2581839107884054 0.0061136759008128 -0.0017476391728565 0.5 0.5
0.004847144925394994 2.258022415982224 0.0064131283830638 -0.0018334677701755 0.5 0.5
0.006712501867678997 2.257845545535268 0.0069728428756033 -0.0018712808342469 0.5 0.5
0.007672237806280995 2.257664507220286 0.0077190930623712 -0.0018713532856144 0.5 0.5
0.007664957538786998 2.25749307294276 0.0085613168429993 -0.0018481423816566 0.5 0.5
0.006743520624651993 2.257347001801881 0.009402812596878 -0.0018188448594999 0.5 0.5
0.005069561626949003 2.2572426413556825 0.0101521646593432 -0.0018016067016868 0.5 0.5
0.0028955917822749873 2.257195068615077 0.0107341208220381 -0.0018135082060496 0.5 0.5
0.0005363854463739937 2.2572161979562706 0.0110986800002656 -0.0018684601344466 0.5 0.5
-0.0016674136395790004 2.2573130029675776 0.011227318544903 -0.0019751492979508 0.5 0.5
-0.003389620759255002 2.257485627352218 0.0111355771809451 -0.0021351653305062 0.5 0.5
-0.0043584825005209965 2.2577250218334344 0.0108716151050196 -0.0023414267087088 0.5 0.5
-0.004392013510823006 2.258009985503678 0.0105107668549675 -0.0025770050097136 0.5 0.5
-0.00342483065799001 2.2583039669034424 0.0101465655038852 -0.002814422685605 0.5 0.5
-0.0015234337950380088 2.258552360860222 0.0098790824380862 -0.003015471523491 0.5 0.5
0.0011119151805979999 2.258681043982496 0.0098017390585824 -0.0031315671778646 0.5 0.5
0.004159119825152997 2.258596506283638 0.0099879305766422 -0.0031046210615599 0.5 0.5
0.0071989108555609894 2.258187417844933 0.0104788425591575 -0.0028683762089917 0.5 0.5
0.009221425315407584 2.2573271639757757 0.0112737336447136 -0.0023501213875051 0.4941999999987221 0.5
0.009633533183007782 2.255876962993504 0.012323714176266 -0.0014726732060012 0.481599999999361 0.5
0.008594336988747581 2.253689519039167 0.0135296914945726 -0.0001565067858302 0.4691999999987221 0.5
0.005653840548802778 2.250613436628164 0.014744713193459 0.0016780727143744 0.456599999999361 0.5
0.0005348243250485191 2.246498579349405 0.0157804712483451 0.0041087940543951 0.4441999999986993 0.5
-0.006988374407577262 2.24120220707572 0.0164172916808618 0.0072093535249839 0.4315999999993498 0.5
-0.016932233031365478 2.2345953407832906 0.01641657824011 0.0110474124732201 0.4191999999986994 0.5
-0.029251501008569266 2.226568683191771 0.0155344429369853 0.0156826283369859 0.4065999999993497 0.5
-0.043708043999870494 2.2170376645127887 0.0135351668361343 0.0211646877590621 0.3941999999986994 0.5
-0.06004202743065328 2.205946598763655 0.0102032004361591 0.0275313338722992 0.3815999999993383 0.5
-0.07785919724043054 2.1932721939551176 0.0053526216930998 0.0348064235566617 0.3691999999986767 0.5
-0.09681340152916929 2.17902654107042 -0.0011667100309312 0.0429981056360041 0.3565999999993383 0.5
-0.11649717922380357 2.163259292072462 -0.0094666761838421 0.0520972633049166 0.3441999999986767 0.5
-0.1366194922903773 2.146058348804332 -0.0196220561062104 0.0620763984938176 0.3315999999993383 0.5
-0.15688411192893867 2.1275483441539595 -0.0316748813352421 0.0728891403161942 0.3191999999986539 0.5
-0.17714916586147827 2.1078865880923616 -0.0456412045281237 0.0844705244521572 0.306599999999327 0.5
-0.19728364038569368 2.0872567527208337 -0.0615192471142654 0.0967381175107488 0.294199999998654 0.5
-0.2173042512106993 2.0658610162932223 -0.0792977731528225 0.1095939700857825 0.281599999999327 0.5
-0.23721131500991255 2.0439114579748656 -0.0989635742738863 0.1229272906647956 0.2691999999986539 0.5
-0.25710928477416334 2.0216212897018546 -0.1205071177748653 0.1366176374457541 0.2565999999993156 0.5
-0.2765038096320441 1.999196323475346 -0.1439256722522754 0.150538328085868 0.25 0.5
-0.2953843042321361 1.9768271279121368 -0.1692235532154798 0.1645596913728314 0.25 0.5
-0.3143441196797972 1.9546826018006915 -0.1964094836386934 0.1785517598133973 0.25 0.5
-0.3333038409688138 1.932905916863202 -0.2254913956066731 0.192386052465366 0.25 0.5
-0.3521011937394669 1.9116136477627867 -0.2564692797035545 0.2059362324177372 0.25 0.5
-0.37048912636973075 1.8908983237960904 -0.2893268990775012 0.2190776215832105 0.25 0.5
-0.38814369372257074 1.8708338164201792 -0.3240233117144743 0.2316857710876563 0.25 0.5
-0.40468109999876767 1.851482287879338 -0.3604851810867314 0.2436344737376349 0.25 0.5
-0.4196821842914933 1.8329011612777728 -0.3986007910866082 0.2547937300430934 0.25 0.5
-0.43272165173468047 1.8151487834335809 -0.4382165095157575 0.2650282160923132 0.25 0.5
-0.4433985046181771 1.7982879450784153 -0.4791361746892256 0.2741967422490962 0.25 0.5
-0.45136372687873516 1.782386920794128 -0.5211235251510433 0.2821530423867454 0.25 0.5
-0.4555882970187519 1.7675180222666236 -0.5639073978389169 0.2887480169348121 0.2538000000014143 0.4955999999992929
-0.455039741669816 1.7537538415565677 -0.6071890895408115 0.2938333166441115 0.2664000000007071 0.4825999999992929
-0.4513314329862139 1.7411615533551896 -0.6506510917078061 0.2972659534617732 0.278800000001437 0.4705999999992815
-0.44423552219991613 1.729795980910359 -0.6939663470064472 0.2989134980764641 0.2914000000007185 0.4575999999992814
-0.4340454674324479 1.7196925577782334 -0.7368071772264521 0.2986593861986347 0.303800000001437 0.4455999999992814
-0.42067153181535644 1.7108616046742973 -0.7788530859697166 0.2964079051517556 0.3164000000007184 0.4325999999992815
-0.40450489871022843 1.7032852596739587 -0.8197967671512655 0.2920885440397297 0.3288000000014369 0.4205999999992815
-0.38550723503987916 1.6969179077385057 -0.8593478690223081 0.2856595231725033 0.3414000000007298 0.4075999999992701
-0.36407540357416446 1.6916902293071971 -0.8972343705263094 0.2771104353600588 0.3538000000014597 0.3955999999992701
-0.3401381947241511 1.6875163177626833 -0.9332017728837458 0.2664640134834057 0.3664000000007298 0.3825999999992701
-0.3140336070640204 1.6843029241058822 -0.9670106203561744 0.2537770762362197 0.3788000000014597 0.3705999999992701
-0.28562165927578986 1.6819597918188651 -0.9984330930625964 0.2391406971241775 0.3914000000007299 0.3575999999992701
-0.25517897527704836 1.6804100780357394 -1.0272495369901888 0.2226796035797995 0.4038000000014825 0.3455999999992587
-0.22252771805886473 1.6795998256780624 -1.053245796517914 0.2045507612600677 0.4164000000007413 0.3325999999992587
-0.187942883555674 1.679505307711222 -1.0762120963238142 0.1849410507267593 0.4288000000014825 0.3205999999992587
-0.151288700039931 1.6801369613705863 -1.095943996679402 0.1640639203686986 0.4414000000007412 0.3075999999992588
-0.11292704599489056 1.68153880891902 -1.1122456446834088 0.1421549156226303 0.4538000000014824 0.2955999999992588
-0.07284843785567263 1.6837828526472771 -1.1249352112829183 0.1194660433563332 0.4664000000007526 0.2825999999992474
-0.031568979784546425 1.6869588210557984 -1.1338520830684993 0.0962590321546071 0.4788000000015052 0.2705999999992474
0.010755159374860046 1.691160520894396 -1.1388650930469746 0.0727976870857079 0.4914000000007526 0.2575999999992474
0.052697035897151245 1.6964706073355855 -1.1398808551095023 0.0493396884364734 0.5 0.25
0.09312810385506909 1.702945700577127 -1.1368511515197872 0.0261283202647997 0.5 0.25
0.13300423026834762 1.7106035546313438 -1.1297783411342803 0.0033847040806867 0.5 0.25
0.17180280056489305 1.7194136281368555 -1.1187179181074456 -0.0186988805827878 0.5 0.25
0.20904639408500403 1.7292920576468382 -1.1037776380509563 -0.0399640945686117 0.5 0.25
0.24433721549554033 1.7401016828095597 -1.085112998642456 -0.0602897204451202 0.5 0.25
0.27738516375449995 1.7516573089671492 -1.062919277092902 -0.079592780423906 0.5 0.25
0.30802560317879646 1.7637357355306758 -1.037420760717452 -0.0978276224600784 0.5 0.25
0.33622430235237477 1.7760893121044306 -1.0088582003995723 -0.114983147648919 0.5 0.25
0.3620690546720762 1.788461168021938 -0.9774757701643348 -0.1310784704646448 0.5 0.25
0.38574929628526045 1.8006000664852124 -0.9435088646971272 -0.1461574141229468 0.5 0.25
0.40752625049681135 1.812273143770552 -0.9071739350686012 -0.1602823248873067 0.5 0.25
0.42769700401997235 1.823275445035143 -0.8686613100189201 -0.1735277119578011 0.5 0.25
0.44655654852146176 1.8334358723382376 -0.8281316096169229 -0.1859741823273571 0.5 0.25
0.46436210420826907 1.8426196760325868 -0.7857159547647767 -0.1977030573384222 0.5 0.25
0.4813038807565517 1.8507278777473215 -0.7415197443439498 -0.208791945241563 0.5 0.25
0.4974856627071378 1.857694116602989 -0.6956293562682947 -0.2193114205443688 0.5 0.25
0.5129173384617647 1.8634795192515472 -0.6481207899975809 -0.229322842620215 0.5 0.25
0.5275200552463488 1.8680663798315729 -0.5990690561514045 -0.2388772441331648 0.5 0.25
0.5411431446713294 1.8714516236844276 -0.5485570506267696 -0.2480151448641339 0.5 0.25
0.5535904329145641 1.8736410557525407 -0.4966827361596367 -0.2567671035950912 0.5 0.25
0.5646523846508855 1.8746451419518728 -0.4435636928681803 -0.2651548083098923 0.5 0.25
0.5741398759877109 1.874476579703835 -0.3893384544030918 -0.273192520152251 0.5 0.25
0.5819152872343641 1.8731493827169736 -0.3341644668043207 -0.280888721484776 0.5 0.25
0.5879170680646933 1.8706788743057472 -0.2782129380808843 -0.2882478605499864 0.5 0.25
0.5921746531541999 1.867081974081539 -0.221661231274415 -0.2952721248023969 0.5 0.25
0.59481147381531 1.8623773980852096 -0.164683765958995 -0.3019632034264731 0.5 0.25
0.596035044484808 1.8565856624378216 -0.107442618577464 -0.3083240087904818 0.5 0.25
0.596114598556722 1.8497289083374835 -0.0500791141289832 -0.314360313623315 0.5 0.25
0.595348454836639 1.841830537448504 0.007292345726689 -0.3200822274203259 0.5 0.25
0.5940254820057949 1.832914593647567 0.0645871912103529 -0.3255053910700726 0.5 0.25
0.592387032017748 1.823004894235889 0.1217497394109324 -0.330651732239483 0.5 0.25
0.5905960922176229 1.8121241299631616 0.1787484426127072 -0.3355496120541385 0.5 0.25
0.5887188907001819 1.800293400814171 0.2355680518344695 -0.3402332069241367 0.5 0.25
0.5867217223114263 1.787532746747725 0.2921999409044877 -0.3447410030600821 0.5 0.25
0.5844830462723644 1.77386305573932 0.3486321131356303 -0.3491133358935092 0.5 0.25
0.581818392138338 1.7593093474428254 0.4048404177628667 -0.3533889833787662 0.5 0.25
0.5785137600939949 1.7439050400898026 0.4607822569767005 -0.3576009177074823 0.5 0.25
0.5743620504710945 1.7276966037191106 0.5163936329861 -0.3617714281346822 0.5 0.25
0.5691966318446773 1.710748037635411 0.5715898380332094 -0.3659069382118516 0.5 0.25
0.562916772480786 1.693144769475918 0.6262695012176771 -0.3699929398012997 0.5 0.25
0.5555012216179955 1.6749966754804748 0.6803211784657557 -0.3739895391316465 0.5 0.25
0.5470082811347676 1.6564398758983934 0.7336313006275552 -0.3778281409607554 0.5 0.25
0.5375628310562108 1.637636840040338 0.786092128741032 -0.3814097698138929 0.5 0.25
0.527332452831909 1.6187743174988567 0.837608411846653 -0.3846054317868291 0.5 0.25
0.5164959923840273 1.600058838322462 0.8881016571298439 -0.3872587547398257 0.5 0.25
0.5052091338841658 1.5817099818160865 0.9375112563682466 -0.3891909199141692 0.5 0.25
0.4923057292219668 1.5639521114853214 0.9857921697566632 -0.3902076423878456 0.4925999999991337 0.2564000000008663
0.47809929746455815 1.5470055818462545 1.0329094206788758 -0.3901077127566255 0.4805999999991336 0.2688000000017326
0.46338411390016043 1.5310784355958522 1.0788301724253555 -0.3886924234839406 0.4675999999991336 0.2814000000008663
0.44821637477183485 1.516359385701419 1.1235145118153875 -0.3857751120041886 0.4555999999991336 0.2938000000017326
0.4321338800709218 1.5030125689726976 1.166906221292595 -0.3811900821709438 0.4425999999991336 0.3064000000008663
0.4150557091963014 1.491174313105456 1.208924787299703 -0.3748003044774687 0.4305999999991224 0.3188000000017553
0.39643487316710635 1.48095202534671 1.2494596802193574 -0.3665034995211375 0.4175999999991224 0.3314000000008776
0.3761677181252243 1.472425209584632 1.288367595536084 -0.3562364261179416 0.4055999999991224 0.3438000000017553
0.35374833272570294 1.4656484376023635 1.3254729393486306 -0.3439773847323379 0.3925999999991224 0.3564000000008776
0.32917269611332234 1.4606558124881293 1.360571450621217 -0.3297470812831465 0.3805999999991223 0.3688000000017553
0.30208260216862737 1.4574661620567158 1.3934365422325734 -0.3136080639479336 0.3675999999991109 0.381400000000889
0.2726558703455284 1.45608804411778 1.4238277304494524 -0.2956629542784357 0.3555999999991109 0.393800000001778
0.24073440826052783 1.4565237412726908 1.45150038948403 -0.2760516619371339 0.3425999999991109 0.406400000000889
0.2066981388357969 1.458771740803095 1.476216008310099 -0.2549477183160026 0.3305999999991109 0.4188000000017781
0.17057782298591784 1.462827578499435 1.4977521441937032 -0.2325538083402957 0.3175999999991109 0.4314000000008891
0.13291606297145764 1.4686831975555046 1.5159113544923113 -0.2090965358718758 0.3055999999990996 0.4438000000018007
0.09387044229331787 1.4763250577894136 1.530528532789482 -0.1848204327910717 0.2925999999990996 0.4564000000009003
0.05406851236863908 1.485731194905041 1.5414762550188303 -0.1599812297148193 0.2805999999990996 0.4688000000018008
0.013708575407687107 1.4968674270537865 1.5486679282557192 -0.1348384642560869 0.2675999999990996 0.4814000000009004
-0.02658431728454591 1.5096830422060907 1.5520587137965045 -0.1096476113982139 0.2555999999990996 0.4938000000018008
-0.06538700310988466 1.5241065363372952 1.5516443540680749 -0.0846520656617943 0.25 0.5
-0.10244201779260331 1.5400421501576904 1.5474581537570864 -0.060075452378308 0.25 0.5
-0.13855959474065926 1.5573679115554913 1.539566451977826 -0.0361148403283686 0.25 0.5
-0.17352838100320955 1.575935594982867 1.52806299250376 -0.0129354244063658 0.25 0.5
-0.2072012861593775 1.595572584703982 1.5130626544034391 0.0093328692056592 0.25 0.5
-0.23949253773479784 1.6160852827334362 1.4946950257875014 0.0305966135507424 0.25 0.5
-0.2703710502559953 1.6372635694246884 1.4730982720140215 0.0507979597502718 0.25 0.5
-0.29985125815733094 1.6588858892810476 1.448413666988422 0.0699118148961599 0.25 0.5
-0.32798257726983415 1.680724669505724 1.4207810411726889 0.0879415529455617 0.25 0.5
-0.35483845765874156 1.7025518464668947 1.3903352834457054 0.1049138005646585 0.25 0.5
-0.38050567025010196 1.7241442304824155 1.3572039376798313 0.1208728627347925 0.25 0.5
-0.40507396977521815 1.7452883562009551 1.321505870654821 0.1358752972699331 0.25 0.5
-0.4286258700841339 1.765784457947548 1.2833509736772992 0.1499850286473147 0.25 0.5
-0.4512265165630236 1.7854493383318308 1.2428408866688858 0.1632692357311847 0.25 0.5
-0.47291436130080244 1.804118136277809 1.2000707350125834 0.1757951007830367 0.25 0.5
-0.4936937176363587 1.8216452308025235 1.1551317988825032 0.1876274046988123 0.25 0.5
-0.5135301440460505 1.8379046025389396 1.1081149271188673 0.1988268916584753 0.25 0.5
-0.5323494356623715 1.85278988266152 1.0591144127142622 0.2094492858448826 0.25 0.5
-0.5500408208015384 1.8662141546748887 1.008231969148025 0.2195448194094348 0.25 0.5
-0.5664645908135058 1.8781094798968292 0.9555803870678712 0.2291581262632576 0.25 0.5
-0.5814638810071393 1.888426152717925 0.9012864279865206 0.2383283675112604 0.25 0.5
-0.5948797312087895 1.897131804868531 0.8454925398858066 0.2470894782092043 0.25 0.5
-0.6065680924348071 1.9042105492790031 0.7883570667649277 0.2554704570347936 0.25 0.5
-0.6164173073909873 1.909662289888578 0.7300527575214469 0.2634956546373374 0.25 0.5
-0.6243644891123523 1.9135021377360315 0.6707635267823482 0.2711850502453274 0.25 0.5
-0.6304089556170367 1.915759681296288 0.6106795778711129 0.2785545358268473 0.25 0.5
-0.6346206967815743 1.9164777929326264 0.5499911823094092 0.2856162466992469 0.25 0.5
-0.6371418694519726 1.9157107685932253 0.4888816126312518 0.2923789841494939 0.25 0.5
-0.6381798250214127 1.913521826797733 0.4275199256860545 0.2988487687586364 0.25 0.5
-0.6379917285260023 1.909980189226557 0.3660544431839132 0.3050295458222659 0.25 0.5
-0.6368629009644516 1.9051580157340429 0.304607770331313 0.3109240470531911 0.25 0.5
-0.6350821731282719 1.8991273776714817 0.2432739802348678 0.3165348020175276 0.25 0.5
-0.6329174494855141 1.8919573368421423 0.1821182629220406 0.3218652803396343 0.25 0.5
-0.6305940778599192 1.8837111744484 0.1211790179734892 0.3269211216852998 0.25 0.5
-0.6282778370408822 1.8744439210165624 0.0604721101874973 0.3317113761258493 0.25 0.5
-0.6260635421982417 1.8642004994198655 -3.1735165909315766e-06 0.3362496396310254 0.25 0.5
-0.6239697845219699 1.853014876500064 -0.0602570277364151 0.3405549351724542 0.25 0.5
-0.621940085242223 1.8409105354607167 -0.1203015061886121 0.3446521673464038 0.25 0.5
-0.619850462492171 1.8279023590728367 -0.1801430147128344 0.3485719742180116 0.25 0.5
-0.6175230417607432 1.8139997750671493 -0.2397755609620515 0.3523498179911513 0.25 0.5
-0.6147447904406605 1.799210880253712 -0.2991753651381258 0.3560241984084992 0.25 0.5
-0.6112897920317711 1.7835472607902572 -0.3582973441821919 0.3596339387852997 0.25 0.5
-0.6069430167531753 1.7670292857274892 -0.417073823385369 0.3632145806648501 0.25 0.5
-0.6015232968634487 1.7496916492621375 -0.4754156250606866 0.3667940245413125 0.25 0.5
-0.5949031249200298 1.7315888163663602 -0.5332154547470315 0.3703876627001745 0.25 0.5
-0.5870230486630457 1.7127998395903872 -0.5903532672390345 0.3739933533707935 0.25 0.5
-0.5778986171149791 1.693431887007907 -0.6467030721053391 0.3775866687842555 0.25 0.5
-0.5676181682870229 1.6736218675343435 -0.702140433816837 0.3811168984453366 0.25 0.5
-0.5563310142449396 1.653535774349299 -0.7565497506455393 0.3845042906925803 0.25 0.5
-0.5442275829870158 1.633365677581823 -0.8098303520700333 0.387638965322613 0.25 0.5
-0.531514464277707 1.613324545017088 -0.8619006103687349 0.3903818264141745 0.25 0.5
-0.5183875889885081 1.5936392119211689 -0.9126995567965056 0.3925676466162178 0.25 0.5
-0.5050065969339346 1.5745419179020244 -0.9621858156953564 0.3940102890605198 0.25 0.5
-0.4895255981715718 1.5562609624984656 -1.01033397538875 0.3945098037974374 0.2604000000010255 0.489199999997949
-0.4736076300014225 1.539011234199927 -1.0571287872059354 0.3938609197831594 0.2724000000010255 0.4765999999989745
-0.45743862783915734 1.5229855775566423 -1.1025577982060966 0.3918622959006009 0.2854000000010369 0.4641999999979263
-0.4410277393433937 1.5083480431892131 -1.1466031629900408 0.3883258340620544 0.2974000000010369 0.4515999999989631
-0.4240192162333356 1.4952299042419617 -1.1892334349243991 0.3830854057575404 0.3104000000010369 0.4391999999979263
-0.40628744274562756 1.4837289183377325 -1.2303961085477613 0.3760044759614433 0.3224000000010368 0.4265999999989632
-0.38737637550624315 1.4739117758688358 -1.270011600822343 0.3669822811215932 0.3354000000010368 0.4141999999979264
-0.3671044361675513 1.4658191695708511 -1.307969240372996 0.3559583893885737 0.3474000000010481 0.4015999999989518
-0.34501050814854217 1.4594725852098034 -1.3441256819897702 0.3429156095373864 0.3604000000010481 0.3891999999979036
-0.3209616008541527 1.4548817878646765 -1.3783059848046535 0.3278813030356391 0.3724000000010481 0.3765999999989518
-0.29459745118404657 1.452052005239021 -1.410307392890088 0.310927193350084 0.3854000000010482 0.3641999999979036
-0.26593242106900394 1.4509899025741828 -1.4399056400085215 0.2921677707631913 0.3974000000010482 0.3515999999989518
-0.2347900256416291 1.4517075589481014 -1.4668633801154412 0.2717573782899655 0.4104000000010596 0.3391999999978808
-0.2013908610797821 1.4542238197571933 -1.4909401346796334 0.2498860604793209 0.4224000000010596 0.3265999999989404
-0.1657704561835449 1.4585626807938947 -1.511902968787631 0.2267742733076269 0.4354000000010596 0.3141999999978808
-0.12834995953683537 1.4647487810143756 -1.529537016406015 0.2026665705397652 0.4474000000010595 0.3015999999989405
-0.08933839623787909 1.4728005749196746 -1.543655010359718 0.1778243880311101 0.4604000000010595 0.2891999999978809
-0.049290749144002 1.4827221808395254 -1.5541051019835352 0.1525180704008384 0.4724000000010709 0.2765999999989291
-0.008501270607710332 1.494495126726865 -1.5607764248979552 0.1270183531901697 0.4854000000010709 0.2641999999978581
0.03244313616637573 1.508071190486691 -1.5636020539587558 0.101587621295172 0.4974000000010709 0.251599999998929
0.07132207652725375 1.5233673061177857 -1.5625592383421378 0.0764713848719126 0.5 0.25
0.10925363871444604 1.5402631843846302 -1.5576670306894125 0.0518905101542121 0.5 0.25
0.14631414101089701 1.558601961128813 -1.548981666817968 0.0280347677688628 0.5 0.25
0.1822678616567286 1.578193854057522 -1.5365902527168782 0.0050581881441149 0.5 0.25
0.21695404580525768 1.59882245952303 -1.5206034665512054 -0.0169234485514589 0.5 0.25
0.25028112453345797 1.6202529599422035 -1.5011480619706796 -0.037832879746678 0.5 0.25
0.2822142453374421 1.6422412015515475 -1.4783599495173338 -0.0576295060436056 0.5 0.25
0.31275811121573627 1.664542449579137 -1.4523785249835897 -0.0763057311427707 0.5 0.25
0.3419376997418411 1.686918731374232 -1.423342713862016 -0.0938819525919231 0.5 0.25
0.36977961789075753 1.7091440408301568 -1.391388943887832 -0.1104007365602349 0.5 0.25
0.3962967534670736 1.7310071901933863 -1.3566509820987562 -0.1259207182753068 0.5 0.25
0.42147844730316075 1.7523125971896103 -1.319261306752049 -0.1405107183902137 0.5 0.25
0.4452875901538178 1.7728796461798184 -1.2793534620217328 -0.1542444700057418 0.5 0.25
0.46766492313287555 1.792541399373459 -1.237064703006351 -0.1671962278420602 0.5 0.25
0.48853944484181566 1.8111433865101847 -1.1925382106930635 -0.1794373986142477 0.5 0.25
0.5078426323049756 1.8285430388454007 -1.145924266208882 -0.1910342024113895 0.5 0.25
0.525523851120584 1.8446101192300453 -1.0973800029783845 -0.2020462604621825 0.5 0.25
0.541564681854797 1.8592282763229309 -1.047067617866326 -0.2125259295054145 0.5 0.25
0.5559901028418923 1.8722976219421104 -0.9951511496808464 -0.2225181836420194 0.5 0.25
0.5688745410839213 1.8837379793534976 -0.9417921393966572 -0.2320608660817635 0.5 0.25
0.5803412897764526 1.8934922053506484 -0.8871446852882651 -0.2411851699769953 0.5 0.25
0.5905546570948983 1.9015288438921307 -0.8313505563106198 -0.2499162482753212 0.5 0.25
0.5997052146567161 1.9078434103442228 -0.77453509060113 -0.2582738929390948 0.5 0.25
0.607989629006197 1.9124578417486653 -0.7168045691354584 -0.2662732586564143 0.5 0.25
0.615587517569055 1.915418004832101 -0.6582456062348387 -0.2739256323471354 0.5 0.25
0.6226383279486958 1.916789507295243 -0.5989268544779333 -0.2812392642815599 0.5 0.25
0.6292213780046763 1.9166523010730072 -0.5389030216830637 -0.2882202764497569 0.5 0.25
0.63534172461509 1.9150946631003385 -0.4782208838825961 -0.2948736504069432 0.5 0.25
0.6409237101982673 1.9122071305164476 -0.4169267114210871 -0.3012042731370148 0.5 0.25
0.6458137583901091 1.9080769174597647 -0.3550743404012604 -0.3072179915924637 0.5 0.25
0.6497941175192584 1.9027832798711308 -0.2927329645622495 -0.312922609297101 0.5 0.25
0.6526083336421598 1.8963942040581785 -0.2299935528103237 -0.3183287631104809 0.5 0.25
0.6539966469360969 1.888964639287074 -0.1669727194461077 -0.3234506368575189 0.5 0.25
0.6537364852474961 1.8805362724715116 -0.103813054752498 -0.3283064817756896 0.5 0.25
0.6516814800078289 1.87113860725595 -0.0406794062277484 -0.3329189115599469 0.5 0.25
0.6477923794626869 1.8607909472513813 0.0222487417730345 -0.3373149271018853 0.5 0.25
0.6421541655472559 1.8495048657741855 0.0847879797193032 -0.3415256122017762 0.5 0.25
0.634975454768443 1.8372868797170896 0.1467633962740288 -0.3455854309135273 0.5 0.25
0.6265694275762237 1.824141254346198 0.2080209417508731 -0.3495310530476473 0.5 0.25
0.6173193728679233 1.8100730234003264 0.2684378845084955 -0.3533996449266932 0.5 0.25
0.6076346201222754 1.795091334614885 0.3279298217952878 -0.3572265934776205 0.5 0.25
0.5979035462609739 1.7792131448512114 0.3864532838075153 -0.3610426787515025 0.5 0.25
0.5884501848654344 1.7624671717628644 0.4440036384336127 -0.364870765706532 0.5 0.25
0.5795000825992669 1.7448979263489937 0.5006086569201561 -0.3687221477868126 0.5 0.25
0.5711594753647553 1.7265696162191548 0.5563186651800828 -0.3725927403396378 0.5 0.25
0.5634098624746264 1.7075696845709518 0.6111946127165583 -0.3764593862885495 0.5 0.25
0.5561178214262674 1.688011684841804 0.6652955989640209 -0.3802765923763851 0.5 0.25
0.5490577161387489 1.668037083614277 0.7186673811066476 -0.3839740508573623 0.5 0.25
0.5419433126832818 1.6478154934794629 0.7713331527205225 -0.3874553060485294 0.5 0.25
0.5344633821358669 1.6275428443201343 0.8232874839888507 -0.3905978872896337 0.5 0.25
0.5263161451292064 1.6074371631248725 0.8744938222024373 -0.3932551427116072 0.5 0.25
0.5172380145467848 1.5877319416921691 0.924885436715358 -0.3952598707326543 0.5 0.25
0.5066750408946974 1.568667450752245 0.9743692381700364 -0.3964296679481929 0.497599999998804 0.251400000001196
0.4929435548856742 1.550480707051323 1.022831570259528 -0.3965737152898753 0.485599999998804 0.263800000002392
0.477753424965055 1.533395037458861 1.0701448977481285 -0.3955005444706703 0.472599999998804 0.276400000001196
0.4613044877086936 1.5176102738290924 1.116174318244656 -0.3930262069391995 0.4605999999988039 0.288800000002392
0.44339514994461204 1.503294569527518 1.1607829890155583 -0.3889822396371299 0.4475999999988039 0.301400000001196
0.4242791206058283 1.4905786950103093 1.2038358320100415 -0.383222888465406 0.4355999999987927 0.3138000000024146
0.4037687364257403 1.4795534656431362 1.2452012160706578 -0.3756311873047097 0.4225999999987926 0.3264000000012073
0.3820958379479844 1.470270670719054 1.284750667713254 -0.3661236607450901 0.4105999999987926 0.3388000000024146
0.35902462366842025 1.462747497159943 1.3223569735080858 -0.3546535845732453 0.3975999999987926 0.3514000000012073
0.33472539792244627 1.4569739939039452 1.35789126387495 -0.3412128733282794 0.3855999999987926 0.3638000000024147
0.30890119772360114 1.4529226784455214 1.391219775667228 -0.3258327596255279 0.3725999999987813 0.3764000000012187
0.28167425216179653 1.4505590569581035 1.4222009734396104 -0.3085834768164539 0.3605999999987813 0.3888000000024375
0.2527233681086227 1.4498516976263616 1.4506836206558238 -0.2895731365618368 0.3475999999987813 0.4014000000012187
0.22217868939675256 1.4507805754599137 1.4765062854667084 -0.2689459054099768 0.3355999999987812 0.4138000000024375
0.1897639818342478 1.45334264704684 1.4994986264064174 -0.2468794669758068 0.3225999999987812 0.4264000000012187
0.15569187807565443 1.457553944419734 1.5194846025898645 -0.2235816554200637 0.3105999999987699 0.4388000000024601
0.11980186248425229 1.463447844987022 1.536287512397464 -0.1992860903324124 0.2975999999987699 0.45140000000123
0.08244678180482135 1.4710695646842824 1.5497365266459118 -0.1742466508823912 0.2855999999987699 0.4638000000024601
0.043618588794700486 1.48046734365066 1.559674176826428 -0.1487307051099986 0.2725999999987699 0.47640000000123
0.0038205282743541957 1.4916812361906449 1.5659641137059206 -0.1230111495842367 0.2605999999987699 0.4888000000024601
-0.03647351910935237 1.504730812788034 1.56849838853339 -0.0973575020819855 0.25 0.5
-0.07511172936523591 1.5196033247368703 1.5672035366224548 -0.072026501131313 0.25 0.5
-0.11368824065436156 1.536243875174636 1.5620448636859312 -0.0472528564280098 0.25 0.5
-0.151796818062635 1.5545488520769848 1.553028539620495 -0.0232409177538485 0.25 0.5
-0.1890558640836093 1.574363380429109 1.5402013578142315 -0.0001580444134435 0.25 0.5
-0.2251273918906449 1.5954829964544146 1.5236482714058706 0.0218696802550171 0.25 0.5
-0.25973120374667147 1.6176592750912626 1.503488032216806 0.0427590271906424 0.25 0.5
-0.29265347327562363 1.640608795770552 1.4798674118421389 0.0624684730115876 0.25 0.5
-0.32374968302947726 1.6640245843127883 1.4529545645145765 0.08099460993581 0.25 0.5
-0.35294245020037307 1.6875889922852938 1.4229320962116287 0.0983666214692205 0.25 0.5
-0.3802151802279652 1.7109868696724884 1.3899903511915914 0.1146394600056026 0.25 0.5
-0.40560279418226486 1.7339178863534588 1.3543213331687949 0.1298864021907277 0.25 0.5
-0.42918086861641 1.756107005823789 1.3161135537505684 0.1441916245434007 0.25 0.5
-0.4510544089887092 1.7773124059725938 1.2755479668889274 0.1576433534038155 0.25 0.5
-0.47134732102584787 1.79733050984636 1.2327950259900564 0.1703280162240815 0.25 0.5
-0.49019339384389626 1.815998146817742 1.1880127938874716 0.1823256775581193 0.25 0.5
-0.5077291682361906 1.8331921383400107 1.141345954503082 0.1937069009171771 0.25 0.5
-0.524088471427453 1.8488267609668496 1.0929255376794629 0.2045310442575953 0.25 0.5
-0.5393976695967873 1.862849605212433 1.0428691905367176 0.2148458765818147 0.25 0.5
-0.5537702630209662 1.875236366822565 0.9912819235770388 0.2246882989504491 0.25 0.5
-0.5673000619381663 1.885985108112406 0.9382573972749422 0.234085872786046 0.25 0.5
-0.5800534963156356 1.8951105197977336 0.8838798910811255 0.2430588215586326 0.25 0.5
-0.5920624084380555 1.902638676721984 0.8282270414495619 0.2516221906435645 0.25 0.5
-0.60331868252822 1.908602675709761 0.7713733006057564 0.2597879082279796 0.25 0.5
-0.613771890424113 1.913039367003188 0.7133939323529344 0.2675665623762924 0.25 0.5
-0.6233308837833296 1.915987196184184 0.654369243310523 0.2749687835176139 0.25 0.5
-0.6318697964725528 1.9174850274349144 0.5943886549321901 0.2820061919397385 0.25 0.5
-0.6392383964913956 1.917571749453252 0.5335541752849348 0.2886919298973546 0.25 0.5
-0.6452761972507826 1.916286453990849 0.4719828356357952 0.2950408443532954 0.25 0.5
-0.6498292670822248 1.91366898041915 0.4098077159107169 0.3010694174534107 0.25 0.5
-0.6527684316304438 1.909760603039247 0.3471772892024944 0.3067955560998608 0.25 0.5
-0.6540073529096557 1.9046046049360748 0.28425294603945 0.3122383506875306 0.25 0.5
-0.6535186320933012 1.898246474824602 0.2212047107484844 0.3174178973541144 0.25 0.5
-0.651345780298969 1.8907335260927551 0.1582053475391543 0.322355247918141 0.25 0.5
-0.6476086558791729 1.882113881025012 0.0954232695092574 0.3270725089872006 0.25 0.5
-0.642500167048691 1.872434952317304 0.0330149039213401 0.3315930599228666 0.25 0.5
-0.636273496435984 1.861741718267993 -0.028882612783529 0.3359418054672815 0.25 0.5
-0.6292213977128069 1.8500751617073876 -0.0901574624271274 0.3401453365351735 0.25 0.5
-0.621650670818934 1.8374712145120085 -0.1507271021984081 0.3442318527810817 0.25 0.5
-0.6138552426985191 1.8239604694718865 -0.2105396692803015 0.3482307018964836 0.25 0.5
-0.60609104978051 1.8095688468841715 -0.2695726935501534 0.3521714080544333 0.25 0.5
-0.5985554269494675 1.7943193502176926 -0.3278292985282044 0.3560820953165211 0.25 0.5
-0.5913729629542591 1.778234987973763 -0.3853323412231512 0.3599872621388329 0.25 0.5
-0.5845890173083684 1.761342836481383 -0.4421171375185771 0.3639049290926073 0.25 0.5
-0.5781712888847246 1.743679049503271 -0.498223539249414 0.3678432609983055 0.25 0.5
-0.5720188926300152 1.7252944143723616 -0.5536881681378865 0.3717968511501335 0.25 0.5
-0.5659774563967956 1.7062598778093072 -0.608537557400888 0.3757429398112383 0.25 0.5
-0.5598577617085043 1.6866713794756396 -0.6627828030405676 0.3796379104947597 0.25 0.5
-0.553454751815371 1.666653365103656 -0.716416079211418 0.383414452442498 0.25 0.5
-0.5465641719743886 1.6463604764138835 -0.7694090543929551 0.386979784239282 0.25 0.5
-0.5389955422389336 1.6259770601508583 -0.821712971590394 0.3902152964408839 0.25 0.5
-0.5305813016416894 1.605714259217579 -0.8732600258142874 0.3929778884061656 0.25 0.5
-0.5211822939925226 1.585804580638607 -0.9239656559784564 0.3951031430695918 0.25 0.5
-0.5106898303048324 1.5664940434569583 -0.9737313853777086 0.3964103067768095 0.25 0.5
-0.49683785458078056 1.5480323125832771 -1.022447868408192 0.3967088394214989 0.2614000000013551 0.4875999999986448
-0.48170543293662327 1.5306615722838224 -1.0699978318662948 0.3958061081804767 0.2738000000027331 0.4755999999986334
-0.46520182188742876 1.5146051850683515 -1.1162586371599947 0.3935156590297222 0.2864000000013665 0.4625999999986334
-0.44752701898820524 1.5000573126629468 -1.1611042473487627 0.3896654504537968 0.2988000000027331 0.4505999999986334
-0.4284422391569098 1.4871746035008997 -1.2044064612476209 0.3841054832618226 0.3114000000013666 0.4375999999986334
-0.40814905335171625 1.4760708165246814 -1.246035363163337 0.3767143850994709 0.323800000002733 0.4255999999986335
-0.38639680455495373 1.4668149301877715 -1.2858590304985462 0.3674046672708823 0.3364000000013779 0.4125999999986221
-0.36336543332173177 1.459432942287925 -1.323742638954067 0.3561265276052223 0.3488000000027557 0.4005999999986221
-0.3387782402766226 1.4539132289196253 -1.359547194286278 0.3428701980390741 0.3614000000013779 0.3875999999986221
-0.3127913541584393 1.4502149932965351 -1.3931281963139657 0.3276669138479011 0.3738000000027557 0.3755999999986221
-0.2851137720219299 1.448278992249734 -1.4243345937298475 0.3105886144277325 0.3864000000013779 0.3625999999986221
-0.2559038304985828 1.4480394088107476 -1.453008398932066 0.2917464831870617 0.3988000000027785 0.3505999999986107
-0.22489491241523885 1.449435503054814 -1.4789852939819623 0.2712884119239224 0.4114000000013892 0.3375999999986107
-0.19229510656878945 1.452421587079774 -1.5020964632235116 0.2493954582388992 0.4238000000027785 0.3255999999986107
-0.15791293956257224 1.4569739812416749 -1.5221717358804288 0.2262773659579196 0.4364000000013893 0.3125999999986107
-0.1220541320032531 1.46309392088484 -1.5390439578367114 0.2021672202840403 0.4488000000027785 0.3005999999986108
-0.08464212716895014 1.470805848505942 -1.552554383037075 0.1773153005021204 0.4614000000014006 0.2875999999985994
-0.04610762537913038 1.4801510730682146 -1.5625587737539957 0.1519822008422759 0.4738000000028012 0.2755999999985994
-0.006499954686740583 1.491177343916663 -1.5689337982919471 0.1264313418847448 0.4864000000014006 0.2625999999985994
0.03363407216274261 1.5039254272998284 -1.571583221760647 0.1009210855889905 0.4988000000028012 0.2505999999985994
0.07196334303269047 1.5184142403764416 -1.570443326544411 0.0756967785843411 0.5 0.25
0.11001067320139724 1.5346264207296147 -1.565486992241142 0.0509831551624137 0.5 0.25
0.14755262590935292 1.552496303740562 -1.5567259249210024 0.0269775929416423 0.5 0.25
0.1842247400703001 1.5719020763974132 -1.544210662330067 0.0038447002204353 0.5 0.25
0.219709390878724 1.592663366488762 -1.528028188323037 -0.0182873769564184 0.5 0.25
0.2537549499006042 1.6145447831516209 -1.5082972492351647 -0.0393286875287146 0.5 0.25
0.28618841984233256 1.6372650779586295 -1.4851617542451043 -0.0592271731222256 0.5 0.25
0.3169197641795507 1.6605108082694473 -1.458782912260871 -0.0779664090091648 0.5 0.25
0.3459375124854769 1.6839528193712134 -1.429330935842916 -0.0955616129301135 0.5 0.25
0.373296405734429 1.7072636056233437 -1.3969771845943684 -0.11205429446722 0.5 0.25
0.3990986945850561 1.7301336375746277 -1.3618875440209255 -0.1275060374351654 0.5 0.25
0.4234713961191683 1.7522849827608902 -1.32421767456242 -0.1419919610978129 0.5 0.25
0.44654230847188003 1.7734809584294768 -1.284110534950503 -0.1555943874771058 0.5 0.25
0.46841779986172005 1.7935311004918888 -1.241696304103315 -0.1683971669228636 0.5 0.25
0.4891653356195347 1.8122913617358447 -1.1970945241171431 -0.1804810007310237 0.5 0.25
0.508803221197518 1.829660087801498 -1.1504179905551897 -0.1919199685225475 0.5 0.25
0.5272990570314895 1.8455708586255808 -1.101777668435438 -0.2027793347932798 0.5 0.25
0.5445770594425181 1.8599836195730723 -1.051287762732289 -0.213114582285447 0.5 0.25
0.5605327722761466 1.8728755995259647 -0.9990700567880372 -0.2229715089909217 0.5 0.25
0.5750522794167812 1.8842333290268307 -0.9452567795604224 -0.2323871377488666 0.5 0.25
0.5880327107852923 1.8940466995081624 -0.8899915516187443 -0.2413911304261022 0.5 0.25
0.5994014433456252 1.9023055557063413 -0.8334282805402151 -0.2500073894768864 0.5 0.25
0.609131823352449 1.90899888399072 -0.7757281362056526 -0.2582555765435229 0.5 0.25
0.6172532926582286 1.9141162894535837 -0.7170549538704077 -0.2661523617343535 0.5 0.25
0.623854189556381 1.917651153700256 -0.6575696246045849 -0.2737123104411478 0.5 0.25
0.629076356897148 1.9196046551279493 -0.5974242056489468 -0.2809484021080209 0.5 0.25
0.6331017811065065 1.919989747744132 -0.536756569959232 -0.2878722495269161 0.5 0.25
0.6361326943022555 1.9188342568318095 -0.4756863918485814 -0.2944941402376398 0.5 0.25
0.6383676200585242 1.916182457195392 -0.4143131224183559 -0.3008230487662082 0.5 0.25
0.6399765804194368 1.9120948095539196 -0.3527163604125035 -0.306866767556083 0.5 0.25
0.6410791771830123 1.906645864294929 -0.2909587023705598 -0.3126322760610434 0.5 0.25
0.6417292043061779 1.89992061980386 -0.2290907846522586 -0.3181264171506477 0.5 0.25
0.64190856787462 1.892009801635344 -0.1671578642216408 -0.3233568845341784 0.5 0.25
0.641531804253247 1.8830046097654305 -0.1052070074341788 -0.328333451062972 0.5 0.25
0.6404606324088119 1.8729914945646973 -0.0432938270088541 -0.3330692950412113 0.5 0.25
0.638526289487976 1.8620475034783968 0.0185122362320271 -0.3375822202679255 0.5 0.25
0.6355567377844591 1.8502366995549104 0.0801248651808247 -0.3418955263667833 0.5 0.25
0.6314059491495538 1.8376080667694876 0.1414405389592706 -0.3460382823986407 0.5 0.25
0.6259822124236691 1.8241951669039675 0.202341133874226 -0.3500447950842331 0.5 0.25
0.619271736701737 1.810017619440781 0.2626993551165929 -0.3539531343654384 0.5 0.25
0.6113536805992681 1.7950842853818614 0.3223865287867666 -0.3578026693772298 0.5 0.25
0.6024034134586242 1.7793978880156358 0.3812818968466934 -0.361630668193581 0.5 0.25
0.5926821584085651 1.7629607185695215 0.4392822381925558 -0.3654681180263834 0.5 0.25
0.5825131511996345 1.7457810420854465 0.4963104540334123 -0.3693350207924131 0.5 0.25
0.5722466703955831 1.7278798018218042 0.5523217691533757 -0.373235504426561 0.5 0.25
0.5622182085200833 1.7092971866966615 0.607306436192934 -0.3771531549416964 0.5 0.25
0.5527053783239755 1.6900985704521858 0.6612882570449423 -0.3810470095126506 0.5 0.25
0.5438895404810407 1.6703792769454389 0.7143187948773398 -0.3848486496954323 0.5 0.25
0.5358274871677937 1.6502676182098894 0.7664677489254439 -0.3884607903115201 0.5 0.25
0.5284371591452486 1.629925727338698 0.8178104976422232 -0.3917576701047191 0.5 0.25
0.5214995209097473 1.6095478685260565 0.8684142135567481 -0.394587416821779 0.5 0.25
0.5146765537094766 1.58935612736474 0.9183241656477228 -0.3967763885795338 0.5 0.25
0.5075432353426668 1.5695936306389875 0.9675518210186704 -0.3981352983842182 0.5 0.25
0.4974442441388338 1.5505156831792248 1.016066144552937 -0.3984667326034295 0.4875999999984743 0.2614000000015257
0.4860401775419443 1.5323794249962053 1.0637890969668484 -0.3975735097820498 0.4755999999984743 0.2738000000030514
0.47285546289650204 1.5154327962080458 1.110595786721085 -0.3952672317010527 0.4625999999984743 0.2864000000015257
0.45777074230314296 1.499903726287581 1.1563191110107631 -0.3913763865226767 0.4505999999984629 0.2988000000030741
0.44033595724864094 1.4859905107295257 1.20075810724112 -0.3857534797710645 0.4375999999984629 0.3114000000015371
0.4206561585850044 1.4738542798665095 1.2436887309660123 -0.378280858533619 0.425599999998463 0.3238000000030741
0.3985086389674364 1.4636142781657595 1.2848755188245553 -0.3688750993057728 0.412599999998463 0.336400000001537
0.37420235760869947 1.455346364459537 1.3240826607213272 -0.3574900004044746 0.4005999999984629 0.3488000000030741
0.3476760845998039 1.4490847772302726 1.3610833184822395 -0.3441183303995595 0.3875999999984515 0.3614000000015484
0.3193476526533323 1.4448268648506628 1.3956664549422484 -0.3287925254010427 0.3755999999984515 0.3738000000030968
0.28921069875124106 1.4425402043033555 1.4276408922076245 -0.3115845031001786 0.3625999999984515 0.3864000000015484
0.2576900542621563 1.4421713319343032 1.456836740082777 -0.2926046891415196 0.3505999999984515 0.3988000000030968
0.22475006664896657 1.4436551787250258 1.4831046675090356 -0.2720002572625063 0.3375999999984515 0.4114000000015484
0.19076455272504012 1.446924231213211 1.5063137021739608 -0.2499524923958072 0.3255999999984402 0.4238000000031196
0.15564018118499723 1.451916432552066 1.526348329446508 -0.2266731227690729 0.3125999999984402 0.4364000000015598
0.11969976960317652 1.4585809220536252 1.5431056255650362 -0.2023994574228151 0.3005999999984403 0.4488000000031195
0.08281560587831693 1.4668809110792933 1.556493024525397 -0.1773882244035058 0.2875999999984402 0.4614000000015597
0.04529822671072825 1.476793305382941 1.5664271131132572 -0.1519081418133224 0.2755999999984402 0.4738000000031195
0.007030586195264643 1.4883050753813785 1.5728336077843732 -0.1262314511990414 0.2625999999984288 0.4864000000015711
-0.0316460951183295 1.5014067935120918 1.5756484444039285 -0.1006248382925799 0.2505999999984288 0.4988000000031423
-0.06861815610518018 1.5160841334804382 1.574819756892139 -0.0753403044824751 0.25 0.5
-0.10561963647071515 1.5323083882784851 1.570310441281621 -0.0506066271920115 0.25 0.5
-0.14261277186468746 1.5500271690058662 1.5621009776345494 -0.0266220580549669 0.25 0.5
-0.17936940269059676 1.5691563933069907 1.5501922004480806 -0.0035488305263138 0.25 0.5
-0.21564176866984086 1.589574486129393 1.534607760179021 0.0184901204022443 0.25 0.5
-0.2511689262985439 1.6111194377734 1.5153960833120368 0.0394120504049957 0.25 0.5
-0.285684286456096 1.6335890424131765 1.4926316906821824 0.0591729781369951 0.25 0.5
-0.3189242253124913 1.6567443123483043 1.4664157620365728 0.0777642311659936 0.25 0.5
-0.3506378492965889 1.68031576183986 1.4368758395053236 0.0952074326714919 0.25 0.5
-0.38059786771529547 1.7040120146314852 1.4041645545756647 0.1115484994197199 0.25 0.5
-0.40861216307774617 1.7275300329899936 1.3684572678041351 0.1268512475073452 0.25 0.5
-0.43453515142076293 1.750566194934001 1.3299485514963605 0.1411911530471131 0.25 0.5
-0.45827742272274596 1.772827445084426 1.2888475363542842 0.1546497053986724 0.25 0.5
-0.4798118416852337 1.7940417798707486 1.2453722940820096 0.1673096404589255 0.25 0.5
-0.4991748833682297 1.8139673793644304 1.1997436099134862 0.1792511775174643 0.25 0.5
-0.5164631812422527 1.8323997925223456 1.1521786215766632 0.1905492466134751 0.25 0.5
-0.5318260597758151 1.849176752829774 1.102884803452438 0.2012716134307354 0.25 0.5
-0.5454549416754417 1.864180430028912 1.0520546974748564 0.2114777763520704 0.25 0.5
-0.5575704375762269 1.8773371637610528 0.9998617033073122 0.2212185009551138 0.25 0.5
-0.5684078430613415 1.8886149392585192 0.9464571595496896 0.2305358600775512 0.25 0.5
-0.5782017256850236 1.8980190240181232 0.8919688752435554 0.2394636595858552 0.25 0.5
-0.587170397397242 1.9055862661896368 0.836501202675053 0.2480281475381618 0.25 0.5
-0.5955012015886041 1.911378564527896 0.7801366629353288 0.2562489257032508 0.25 0.5
-0.6033376406660107 1.915475981762829 0.7229390427764684 0.2641400042585002 0.25 0.5
-0.6107695348886855 1.9179699164940984 0.6649577787098673 0.2717109586328402 0.25 0.5
-0.6178273896018793 1.918956692788204 0.6062333252209987 0.2789681607426271 0.25 0.5
-0.6244817714319673 1.918531872277267 0.5468030862608108 0.2859160634509307 0.25 0.5
-0.6306479961420897 1.916785525644183 0.486707409117614 0.2925585138010065 0.25 0.5
-0.6361959181026688 1.9137986102225244 0.425995109503405 0.2989000584699646 0.25 0.5
-0.6409640716098552 1.9096405000872156 0.3647280176931381 0.304947187432282 0.25 0.5
-0.6447768581265106 1.9043676304544523 0.3029841105321526 0.3107094423512873 0.25 0.5
-0.6474627448384329 1.8980231744419056 0.2408589247195015 0.3162002985165056 0.25 0.5
-0.6488709447190661 1.890637675196445 0.1784651502356582 0.321437715209917 0.25 0.5
-0.6488847292014168 1.8822305883302377 0.1159305557637516 0.3264442430964506 0.25 0.5
-0.647431054012268 1.8728127064240012 0.0533945828436099 0.3312465896827666 0.25 0.5
-0.644487048403782 1.8623894112186783 -0.0089960225576169 0.3358745825793575 0.25 0.5
-0.6400837454285487 1.850964638292392 -0.0710922273979951 0.3403595278555161 0.25 0.5
-0.6343070352614751 1.838545370754313 -0.13274810194085 0.3447320244536471 0.25 0.5
-0.627295548228296 1.8251464235356096 -0.1938263054669975 0.3490193588905589 0.25 0.5
-0.619235002377897 1.8107952445210531 -0.2542033602898271 0.3532426636042225 0.25 0.5
-0.6103486836470434 1.7955364329531318 -0.3137743605276168 0.3574140725532156 0.25 0.5
-0.600884133495031 1.779435641884638 -0.3724567288923212 0.3615341448509261 0.25 0.5
-0.5910966765813019 1.7625824875931206 -0.4301926422418243 0.365589846740464 0.25 0.5
-0.5812311009724913 1.7450920532940004 -0.4869498098999545 0.3695533789297389 0.25 0.5
-0.5715032621544425 1.7271045770221276 -0.5427204199972037 0.3733821060193469 0.25 0.5
-0.5620834168015343 1.708782986556856 -0.5975182462126479 0.3770197832349779 0.25 0.5
-0.5530829523574177 1.690308102475775 -0.6513740878928014 0.380399180172714 0.25 0.5
-0.5445458917398127 1.6718715585886357 -0.7043298831285432 0.3834460741218259 0.25 0.5
-0.5364460560814188 1.6536667595386578 -0.7564319723025245 0.3860844336502761 0.25 0.5
-0.5286902778100933 1.6358784803786592 -0.8077240779106664 0.3882424481719864 0.25 0.5
-0.5211275964739548 1.618671981131273 -0.8582406056916757 0.3898588998603227 0.25 0.5
-0.5135638489707917 1.6021827276430456 -0.9080008653390712 0.3908892453234039 0.25 0.5
-0.5057805696173789 1.5865079316310224 -0.9570047502361504 0.3913107060117646 0.25 0.5
-0.4930016129321513 1.5717010734196717 -1.0052303071978883 0.3911256931494786 0.3 0.5
-0.4841354572144074 1.557770276762239 -1.0526334684911034 0.3903630439162704 0.3 0.5
-0.47446602599012566 1.544680852997701 -1.099150014212544 0.3890768212566043 0.3 0.5
-0.46389006694783186 1.5323616231630428 -1.1446996168115566 0.3873427824247361 0.3 0.5
-0.45237445779272356 1.5207139723904717 -1.1891916235063398 0.3852529616951672 0.3 0.5
-0.4399621888668226 1.5096222017733618 -1.232532069285612 0.3829090512375388 0.3 0.5
-0.4267710685231396 1.4989637053326776 -1.2746312881722943 0.380415358563924 0.3 0.5
-0.4129846175911611 1.4886177619536571 -1.3154113950246082 0.3778720825440575 0.3 0.5
-0.3988357504452522 1.4784721716040183 -1.3548128567837243 0.3753695226543574 0.3 0.5
-0.38458541980630034 1.4684274511918851 -1.3927994318282495 0.3729836558272741 0.3 0.5
-0.37049930708651146 1.4583987430883738 -1.4293609738088795 0.370773313243012 0.3 0.5
-0.35682549154159915 1.4483159320034822 -1.4645139045175306 0.3687789946109314 0.3 0.5
-0.3437753985588321 1.438122686436494 -1.4982994536716905 0.3670231930753034 0.3 0.5
-0.3315095938736756 1.4277752109635702 -1.5307799935275737 0.3655119822447359 0.3 0.5
-0.3201292487692742 1.4172414021968234 -1.5620339529149412 0.3642375416449209 0.3 0.5
-0.30967349034784375 1.406500861735216 -1.5921498777918686 0.3631812664162247 0.3 0.5
-0.3001223476982373 1.3955458801723466 -1.621220226826653 0.362317115330509 0.3 0.5
-0.29140454347638345 1.3843831397442112 -1.6493354615964766 0.3616148897085325 0.3 0.5
-0.2834090432794589 1.3730355720892196 -1.676578915944115 0.3610431952909549 0.3 0.5
-0.2759990463340478 1.361543618583543 -1.7030228202720608 0.3605719099770137 0.3 0.5
-0.26902694135368055 1.3499651130260302 -1.7287257249054655 0.3601740538741876 0.3 0.5
-0.2623487182866291 1.3383731503330023 -1.7537314190408335 0.3598270273388727 0.3 0.5
-0.2558363691193355 1.3268516055574202 -1.7780692908694964 0.3595132423314197 0.3 0.5
-0.24938699267386122 1.315488392432078 -1.80175592778143 0.3592202190139242 0.3 0.5
-0.2429279197575096 1.3043670391381408 -1.824797627048816 0.3589402513984998 0.3 0.5
-0.2364180396620985 1.293557611752588 -1.847193419024567 0.3586697624021523 0.3 0.5
-0.22984604246459206 1.2831083246450918 -1.8689382229907767 0.3584084706863216 0.3 0.5
-0.22322635364428134 1.2730392640881714 -1.890025827237236 0.3581584819084102 0.3 0.5
-0.21659347588234512 1.2633394720094595 -1.910451462601664 0.3579233991925865 0.3 0.5
-0.20999540410427953 1.253968183619361 -1.9302138101898985 0.3577075251235531 0.3 0.5
-0.20348668606076092 1.2448603435439178 -1.9493163506003264 0.3575152033640562 0.3 0.5
-0.19712160793098565 1.2359357658111376 -1.9677680192064024 0.3573503248022988 0.3 0.5
-0.19094790921569738 1.2271106077185645 -1.985583179999501 0.3572160030378468 0.3 0.5
-0.185001359618151 1.2183093406574572 -2.0027809709210707 0.3571144082644886 0.3 0.5
-0.17930151102595104 1.2094752317707944 -2.0193841068828857 0.357046737612012 0.3 0.5
-0.17384894892859215 1.2005775512886836 -2.035417257985481 0.3570132933941913 0.3 0.5
-0.16862436745464837 1.1916142742114957 -2.05090515287834 0.3570136376337141 0.3 0.5
-0.16358979638382287 1.1826098628941732 -2.0658705896238048 0.3570467907234113 0.3 0.5
-0.15869224974225382 1.1736086494850595 -2.080332569262187 0.3571114432422124 0.3 0.5
-0.15386985581780088 1.164665196984538 -2.0943047942364124 0.3572061522616156 0.3 0.5
-0.14906016481568418 1.1558336101587727 -2.1077947798181924 0.3573294970700995 0.3 0.5
-0.14420980490912338 1.147157939435786 -2.120803796299761 0.3574801746245883 0.3 0.5
-0.13928408093879074 1.1386655201684857 -2.133327776790673 0.3576570226318563 0.3 0.5
-0.13427478861856912 1.130364384490683 -2.145359184884552 0.3578589680039976 0.3 0.5
-0.12920459226538838 1.1222449359520212 -2.156889663746409 0.35808490995243 0.3 0.5
-0.1241266651886086 1.1142851135983414 -2.167913122972948 0.3583335586882673 0.3 0.5
-0.11911890440757134 1.1064575343689158 -2.1784287894918086 0.3586032602525665 0.3 0.5
-0.11427299763845156 1.098736773604036 -2.1884436799325657 0.3588918430019079 0.3 0.5
-0.10967981817718186 1.0911050855989697 -2.197973979696411 0.3591965199097765 0.3 0.5
-0.10541376145109194 1.0835554118552913 -2.207044961514129 0.3595138721735466 0.3 0.5
-0.1015194137617037 1.076091305263133 -2.215689337659238 0.3598399241206855 0.3 0.5
-0.09800398064343518 1.0687241971961372 -2.2239442790354085 0.36017029970762 0.3 0.5
-0.09483787990156145 1.0614690513189404 -2.231847677099752 0.3605004317707824 0.3 0.5
-0.09196391085054323 1.0543397470284614 -2.239434465089908 0.3608257824595496 0.3 0.5
-0.08931298597647519 1.0473454641000832 -2.2467338561749624 0.3611420318915568 0.3 0.5
-0.08682228041662299 1.0404889339551124 -2.25376815477261 0.3614452037655664 0.3 0.5
-0.084450523749382 1.0337668068730013 -2.260553382814272 0.3617317185033701 0.3 0.5
-0.08218557292511086 1.027171750847954 -2.2671014351892103 0.3619983894603042 0.3 0.5
-0.08004147406236672 1.0206954452197838 -2.2734229924817213 0.3622423976137223 0.3 0.5
-0.07804542279679083 1.0143314879844774 -2.279530139887958 0.3624612885217033 0.3 0.5
-0.07621841921131356 1.0080774096176417 -2.285437682167637 0.3626530291066021 0.3 0.5
-0.07455592541734113 1.0019353772997177 -2.2911625240887683 0.3628161414664398 0.3 0.5
-0.07301550565386616 0.995911621596952 -2.2967211166305024 0.3629499010438499 0.3 0.5
-0.07151673519627089 0.9900149725517864 -2.302125667195889 0.3630545557134143 0.3 0.5
-0.06995490942490967 0.9842550620581888 -2.307380340715516 0.3631315015262256 0.3 0.5
-0.06822542099953921 0.9786407208526166 -2.312478831658007 0.3631833490250698 0.3 0.5
-0.06625173563557407 0.9731789291151252 -2.317404373757961 0.3632138340945924 0.3 0.5
-0.06400817719453666 0.9678744586260124 -2.322132547321518 0.3632275643445689 0.3 0.5
-0.06152990124295599 0.9627301437250116 -2.326636365040972 0.3632296353845841 0.3 0.5
-0.058906108397103196 0.9577475773637364 -2.3308923551652674 0.3632251883124328 0.3 0.5
-0.05625761125182649 0.9529279637943158 -2.3348859660049777 0.3632189990463235 0.3 0.5
-0.05370482619825978 0.9482728688015524 -2.3386147271301603 0.3632151847984155 0.3 0.5
-0.05133549108822688 0.9437846732075325 -2.342088209749986 0.3632170826321449 0.3 0.5
-0.049181723029030344 0.9394666292559272 -2.345324758858809 0.363227307305854 0.3 0.5
-0.04721329543419195 0.9353225145110298 -2.348345931161712 0.3632479447837006 0.3 0.5
-0.04534919155180006 0.9313559500726756 -2.351170260705131 0.3632807999182121 0.3 0.5
-0.04348413014641839 0.9275694896689104 -2.353808179860311 0.3633276036287394 0.3 0.5
-0.04152243459799365 0.9239636016723528 -2.356259592874953 0.3633901002187674 0.3 0.5
-0.03940956135272344 0.9205356741871092 -2.358514836334752 0.3634699745495488 0.3 0.5
-0.037152407115788044 0.9172791888011564 -2.3605587924700244 0.3635686298511129 0.3 0.5
-0.03482286656351974 0.914183233281701 -2.362377033181603 0.3636868745968757 0.3 0.5
-0.03254386780611629 0.911232540624101 -2.363962319837955 0.3638246069756256 0.3 0.5
-0.03046180461939496 0.9084082233801112 -2.3653197066185667 0.3639805898559107 0.3 0.5
-0.028712669996373563 0.9056892937413296 -2.366468887080506 0.3641523876460419 0.3 0.5
-0.027390495321930608 0.9030549160222096 -2.3674431540801435 0.3643364963393238 0.3 0.5
-0.026525694885632944 0.9004871531964733 -2.3682852036123365 0.3645286511230433 0.3 0.5
-0.026078015607247096 0.897973791603615 -2.3690407731008998 0.3647242550697957 0.3 0.5
-0.025944929582801812 0.8955107108915866 -2.3697515746616244 0.3649188477516491 0.3 0.5
-0.025982617812534414 0.8931032498222441 -2.3704490676199046 0.365108528552815 0.3 0.5
-0.026034109238022296 0.8907661208444171 -2.371150329401158 0.3652902641976618 0.3 0.5
-0.025958118994822144 0.8885216385171116 -2.37185674032496 0.3654620377387166 0.3 0.5
-0.025652661625663598 0.8863963153872221 -2.3725555522244424 0.3656228298096384 0.3 0.5
-0.025069267792803274 0.8844161938635444 -2.3732238183870087 0.3657724551509071 0.3 0.5
-0.024216067887312676 0.8826015652343275 -2.373833745166289 0.3659113018302916 0.3 0.5
-0.023150476036168932 0.8809619185265413 -2.37435835195502 0.3660400328414474 0.3 0.5
-0.02196414291770754 0.8794920160866194 -2.374776399558637 0.3661593087253654 0.3 0.5
-0.020763918939232795 0.8781698844572066 -2.375075813850408 0.3662695777060821 0.3 0.5
-0.019652727091892253 0.8769572407481906 -2.375255205744331 0.3663709610282584 0.3 0.5
-0.018713640586214275 0.8758024854882933 -2.37532347845352 0.3664632406952548 0.3 0.5
-0.017999360162868072 0.8746459590462798 -2.3752978425121416 0.3665459385865915 0.3 0.5
-0.01752798255470367 0.8734267718968002 -2.3752007785284284 0.3666184624213064 0.3 0.5
-0.017284718664987153 0.8720902559874166 -2.3750565767838987 0.3666802863167629 0.3 0.5
-0.01722827845967334 0.87059498688521 -2.3748880486503974 0.3667311318073875 0.3 0.5
-0.017300113536391493 0.8689183979147124 -2.3747138764963647 0.3667711185101688 0.3 0.5
-0.01743460622382287 0.8670602224282199 -2.374546887850004 0.3668008611335893 0.3 0.5
-0.017568532043159557 0.8650433150262352 -2.374393348472386 0.3668214997607829 0.3 0.5
-0.01764857354685123 0.8629117650989935 -2.374253201676702 0.3668346614694863 0.3 0.5
-0.01763620510772501 0.8607265745822625 -2.374121059031387 0.3668423615897494 0.3 0.5
-0.017509799398616188 0.858559479324999 -2.3739876795421595 0.36684686079157 0.3 0.5
-0.01726424354957512 0.856485709015844 -2.373841659482021 0.36685049875039 0.3 0.5
-0.01690863806551146 0.8545765745345096 -2.3736710838369786 0.3668555260348292 0.3 0.5
-0.01646277554195663 0.8528927361749363 -2.3734649476435297 0.3668639535419957 0.3 0.5
-0.015953095990854926 0.8514788589863509 -2.3732142251977253 0.3668774342167822 0.3 0.5
-0.015408731929413833 0.8503601376309685 -2.3729125347968107 0.3668971859724508 0.3 0.5
-0.014858108548572169 0.8495409156205624 -2.372556407989752 0.3669239586470139 0.3 0.5
-0.014326374982891465 0.849005373281869 -2.3721452188446093 0.3669580423712489 0.3 0.5
-0.013833758819674635 0.8487200442445149 -2.3716808563428984 0.3669993105657451 0.3 0.5
-0.013394798978421107 0.8486377569563917 -2.371167232224866 0.367047288216308 0.3 0.5
-0.013018326946609982 0.8487024927816018 -2.370609712122708 0.3671012350480211 0.3 0.5
-0.012708016910276676 0.8488546089596595 -2.370014544817369 0.3671602335095644 0.3 0.5
-0.01246330327577816 0.8490358932178131 -2.3693883465083965 0.3672232727942368 0.3 0.5
-0.012280472237424789 0.8491939921572852 -2.3687376768359742 0.3672893221224497 0.3 0.5
-0.012153768778757623 0.8492858749927485 -2.3680687240597167 0.3673573888391465 0.3 0.5
-0.012076402361738126 0.8492801368734257 -2.3673871009375924 0.3674265591994296 0.3 0.5
-0.012041368428992172 0.8491580872761494 -2.366697741173766 0.3674960217833464 0.3 0.5
-0.012042036910586695 0.8489136889034354 -2.3660048780166654 0.3675650751817024 0.3 0.5
-0.012072503396418632 0.8485525017965181 -2.365312081707724 0.3676331228345635 0.3 0.5
-0.01212774176983622 0.8480898467246795 -2.364622332047366 0.3676996585779171 0.3 0.5
-0.01220362007681608 0.8475484368207922 -2.3639381062243494 0.3677642465630588 0.3 0.5
-0.012296839122818426 0.8469557410343387 -2.363261468232031 0.3678264988923503 0.3 0.5
-0.01240483454332253 0.8463413366600046 -2.362594152144313 0.367886053748554 0.3 0.5
-0.0125256632083115 0.8457344776921376 -2.361937635598645 0.3679425561593054 0.3 0.5
-0.012657883494067157 0.8451620518135701 -2.361293201919476 0.3679956429474498 0.3 0.5
-0.012800433242730058 0.8446470307624244 -2.360661990268883 0.3680449328855845 0.3 0.5
-0.012952506466823444 0.8442074513295403 -2.3600450335931558 0.3680900225621951 0.3 0.5
-0.013113433590805634 0.8438559098660312 -2.359443284239838 0.3681304879544058 0.3 0.5
-0.013282574285335969 0.8435995170230793 -2.3588576275989186 0.3681658912047165 0.3 0.5
-0.013459225008758402 0.8434402386784957 -2.358288885027452 0.3681957916895978 0.3 0.5
-0.013642531844100247 0.8433755367441701 -2.357737807528328 0.3682197602267973 0.3 0.5
-0.013831401312711655 0.8433992148005597 -2.357205060712738 0.3682373951822504 0.3 0.5
-0.01402441892643047 0.8435023687256008 -2.356691200844009 0.3682483392282405 0.3 0.5
-0.014219799722670068 0.8436743459989454 -2.356196642736652 0.3682522955396098 0.3 0.5
-0.014415391299364977 0.843903632591883 -2.355721622708919 0.3682490423063368 0.3 0.5
-0.014608731094165606 0.8441786118592207 -2.3552661618388555 0.3682384445933092 0.3 0.5
-0.014797144723042166 0.8444881688519039 -2.354830034948272 0.3682204627980455 0.3 0.5
-0.014977871727888115 0.8448221373324308 -2.354412749420576 0.3681951572410511 0.3 0.5
-0.015148209354638453 0.8451716003648961 -2.354013536593365 0.3681626887116253 0.3 0.5
-0.0153056652518746 0.8455290601271965 -2.353631357528829 0.3681233150009102 0.3 0.5
-0.015448112573239747 0.8458884944974888 -2.353264924054016 0.3680773835687537 0.3 0.5
-0.015573948059031117 0.8462453219869818 -2.35291273531134 0.3680253205653633 0.3 0.5
-0.015682254255255934 0.8465963029043453 -2.3525731301172432 0.367967616502016 0.3 0.5
-0.015772957716619906 0.8469394089358537 -2.352244355542769 0.3679048089564263 0.3 0.5
-0.01584696808474284 0.8472736904142488 -2.3519246513144307 0.3678374628509474 0.3 0.5
-0.015906287065208247 0.8475991587890028 -2.351612348122905 0.3677661490674511 0.3 0.5
-0.01595408360856254 0.847916685146394 -2.3513059768294258 0.3676914223984929 0.3 0.5
-0.015994728323507346 0.8482279013496216 -2.351004385190282 0.3676138000262288 0.3 0.5
-0.016033767059964177 0.8485350844360608 -2.3507068580226327 0.3675337418673229 0.3 0.5
-0.016077806478413947 0.8488410082062371 -2.350413234728629 0.3674516342332282 0.3 0.5
-0.016134290956117958 0.8491487539833219 -2.3501240153764704 0.3673677783330749 0.3 0.5
-0.016211161027026577 0.8494614792145627 -2.349840444472082 0.3672823851549543 0.3 0.5
-0.016316391727531077 0.849782145155437 -2.349564560574785 0.3671955781165607 0.3 0.5
-0.016457420633142483 0.8501132058116271 -2.349299199747538 0.3671074045277334 0.3 0.5
-0.016640494717847787 0.8504562650170916 -2.349047941810852 0.3670178563650594 0.3 0.5
-0.016869984545020422 0.8508117205295715 -2.348814991282637 0.3669269001425499 0.3 0.5
-0.017147722342691907 0.8511784312638578 -2.348604989737139 0.3668345148129479 0.3 0.5
-0.01747241889894724 0.8515534592583842 -2.348422761971408 0.3667407357232248 0.3 0.5
-0.01783921573196512 0.8519319443441145 -2.3482730038613027 0.3666457017599086 0.3 0.5
-0.018239436515727903 0.8523071637040837 -2.348159925434499 0.3665497020500826 0.3 0.5
-0.01866060214624099 0.8526708131567544 -2.348086869086072 0.3664532180012092 0.3 0.5
-0.019086757892727846 0.8530135275208776 -2.348055929300696 0.3663569561234749 0.3 0.5
-0.01949913505267631 0.853325637489623 -2.3480676050899687 0.3662618671043054 0.3 0.5
-0.019877142182216367 0.853598139466915 -2.3481205185952363 0.3661691471072082 0.3 0.5
-0.020199651396533014 0.8538238295352024 -2.348211232813458 0.3660802182322805 0.3 0.5
-0.020446509472407115 0.8539985211634598 -2.348334197953111 0.3659966864600387 0.3 0.5
-0.020600166337283454 0.8541222312753902 -2.348481848900352 0.3659202771913191 0.3 0.5
-0.020647286535750986 0.8542001889207824 -2.34864486553408 0.3658527505982886 0.3 0.5
-0.020580198106734393 0.8542435048887316 -2.348812594187655 0.3657958012013147 0.3 0.5
-0.020398033787287773 0.8542693464102568 -2.3489736139983286 0.3657509481153981 0.3 0.5
-0.020107428145701434 0.8543004905763285 -2.3491164173770573 0.36571942398628 0.3 0.5
-0.01972265747562929 0.8543641800382857 -2.3492301601916274 0.3657020715412275 0.3 0.5
-0.019265155047754057 0.8544902694369081 -2.3493054259391903 0.3656992568225291 0.3 0.5
-0.018762397073914805 0.8547087264770382 -2.3493349414439657 0.3657108075416073 0.3 0.5
-0.018246217812167842 0.855046635006708 -2.349314181151357 0.3657359835947994 0.3 0.5
-0.017750666361542322 0.8555249347919667 -2.349241802932574 0.3657734846617133 0.3 0.5
-0.017309565651979497 0.8561552146952797 -2.349119869568728 0.365821497072514 0.3 0.5
-0.01695397485839134 0.8569369377101791 -2.348953826133926 0.3658777789569733 0.3 0.5
-0.016709778313326318 0.8578555002870936 -2.348752223619765 0.3659397793403889 0.3 0.5
-0.016595619025689956 0.8588814999712587 -2.3485262014510977 0.3660047836966346 0.3 0.5
-0.016621367117264363 0.8599714977281503 -2.3482887633536667 0.3660700758863351 0.3 0.5
-0.016787266549491697 0.8610704180757554 -2.348053900065393 0.3661331046758997 0.3 0.5
-0.017083834374678197 0.8621155451261313 -2.347835626720342 0.3661916423464841 0.3 0.5
-0.01749250076719111 0.8630418665306006 -2.34764701015781 0.3662439234068256 0.3 0.5
-0.01798689769021866 0.8637883127329073 -2.347499260234529 0.3662887530813628 0.3 0.5
-0.018534651217092524 0.864304259078439 -2.347400950003551 0.366325577748358 0.3 0.5
-0.019099511124731627 0.8645555300241152 -2.34735741512526 0.3663545124562551 0.3 0.5
-0.019643652550129787 0.8645290979365272 -2.347370366237733 0.3663763237502139 0.3 0.5
-0.020130000807676574 0.8642357294392287 -2.347437731492746 0.3663923690636781 0.3 0.5
-0.02052445883845344 0.8637100131591278 -2.3475537315735138 0.3664044966543145 0.3 0.5
-0.02079795193702605 0.8630074988836106 -2.347709177457359 0.3664149123337165 0.3 0.5
-0.020928235538257844 0.862199061114666 -2.3478919726510616 0.366426021000235 0.3 0.5
-0.020901429101454205 0.8613630184723247 -2.3480877962048874 0.3664402522373951 0.3 0.5
-0.020713242732397497 0.8605759295084278 -2.3482809391150328 0.3664598799828428 0.3 0.5
-0.020369860449171995 0.8599032777966907 -2.3484552633882725 0.3664868464838074 0.3 0.5
-0.01988843508342608 0.8593913922741349 -2.3485952494331896 0.36652260045887 0.3 0.5
-0.019297124662904785 0.859061875940212 -2.348687092941532 0.3665679586861538 0.3 0.5
-0.01863455556820881 0.858909520263571 -2.3487198054078227 0.3666229992800118 0.3 0.5
-0.017948549875024256 0.8589041856575826 -2.3486862609646435 0.366686993865566 0.3 0.5
-0.017293929257364837 0.8589964920477992 -2.348584115952146 0.3667583848516223 0.3 0.5
-0.016729230335710277 0.8591264887997775 -2.3484165088778823 0.3668348129806065 0.3 0.5
-0.016312260365491937 0.859233890952635 -2.3481924319114533 0.3669131989407829 0.3 0.5
-0.016094607983960785 0.8592681147390382 -2.3479266579480025 0.3669898805789828 0.3 0.5
-0.016115499995583704 0.8591963222992682 -2.3476391187463985 0.3670608037888527 0.3 0.5
-0.016395722338753416 0.8590080261639672 -2.347353668745957 0.3671217602994256 0.3 0.5
-0.016932625099159715 0.858715457671172 -2.347096240979832 0.367168659452902 0.3 0.5
-0.01769740752105342 0.8583497456282637 -2.346892503489748 0.3671978142343345 0.3 0.5
-0.01863582231547145 0.8579538055830824 -2.3467652442418534 0.367206215571586 0.3 0.5
-0.019673060435332346 0.8575735100549683 -2.3467318264734005 0.3671917651410765 0.3 0.5
-0.020722841315836682 0.857249031647242 -2.3468021325169337 0.3671534376143681 0.3 0.5
-0.021699701900308455 0.857008142250202 -2.3469774166485173 0.3670913498185178 0.3 0.5
-0.022532370542869273 0.8568627359447927 -2.347250386838548 0.367006726578327 0.3 0.5
-0.02317530648979549 0.8568090430591025 -2.347606623892835 0.366901769181852 0.3 0.5
-0.023615377540893157 0.8568311167086252 -2.3480271545418145 0.3667794490475319 0.3 0.5
-0.023871441759100165 0.8569064318044262 -2.348491692295904 0.3666432623113014 0.3 0.5
-0.023986203368515646 0.8570120335610851 -2.348981836471814 0.3664969875172934 0.3 0.5
-0.02401178456807429 0.8571296992204582 -2.3494834568086653 0.3663444866986848 0.3 0.5
-0.023992462208273224 0.8572489979524163 -2.3499876352654727 0.3661895794607578 0.3 0.5
-0.023949317371823042 0.8573678083224167 -2.3504898814863 0.3660360010778813 0.3 0.5
-0.023871574988625355 0.8574905756609776 -2.3509878132234823 0.365887432121266 0.3 0.5
-0.023717947856476407 0.8576251529904833 -2.3514779707223448 0.3657475645219808 0.3 0.5
-0.023428591994933967 0.8577793212464759 -2.3519527655079924 0.3656201545314615 0.3 0.5
-0.022945004598229346 0.8579579921094895 -2.3523986247074857 0.3655090127773026 0.3 0.5
-0.022232337084240328 0.8581617370644129 -2.3527961251673086 0.3654178974138862 0.3 0.5
-0.021297209052524302 0.8583868045746142 -2.3531223588757326 0.3653503047481494 0.3 0.5
-0.020194893137395198 0.8586263406379949 -2.353355079780985 0.365309184775933 0.3 0.5
-0.019022629537093216 0.8588722397520591 -2.3534775690947245 0.3652966369378831 0.3 0.5
-0.017899965344474467 0.8591169815858368 -2.353482832048434 0.3653136552356434 0.3 0.5
-0.01694113023356536 0.8593549355959601 -2.353375828582881 0.3653599863798724 0.3 0.5
-0.016227294264901104 0.8595828649902555 -2.3531729416062377 0.3654341398217083 0.3 0.5
-0.01578711333662053 0.8597996351784841 -2.3528986710327278 0.3655335500960355 0.3 0.5
-0.01559183748219617 0.8600053472290978 -2.3525803823663898 0.3656548509172722 0.3 0.5
-0.015566936647974927 0.8602002266917937 -2.3522425661146094 0.3657941904843185 0.3 0.5
-0.015617065406949848 0.8603835968143559 -2.351902259779407 0.3659475092341718 0.3 0.5
-0.015656944821200725 0.860553181482082 -2.3515669663201018 0.3661107178251468 0.3 0.5
-0.015638758707430256 0.8607048628957723 -2.351235660802222 0.3662797486845128 0.3 0.5
-0.015567576015818041 0.8608329044275448 -2.350902536672965 0.3664504975041101 0.3 0.5
-0.015499866464785406 0.8609305656275008 -2.3505622942745465 0.3666187084491497 0.3 0.5
-0.01552531715600658 0.8609909898920711 -2.350215280921025 0.3667798774424025 0.3 0.5
-0.01573730482197888 0.8610082277973449 -2.3498708126366257 0.3669292456229291 0.3 0.5
-0.01620087035508977 0.8609782564116215 -2.3495475431188235 0.3670619307221467 0.3 0.5
-0.016927745465666888 0.8608998538525672 -2.3492706301543325 0.3671732051576048 0.3 0.5
-0.017865782718247125 0.8607751829421688 -2.349066404700899 0.3672588879359171 0.3 0.5
-0.01890589683222199 0.8606099336466275 -2.348955982972724 0.3673157848888785 0.3 0.5
-0.01990467064738155 0.860412887867766 -2.348949572655946 0.3673420964541761 0.3 0.5
-0.020716495101731347 0.8601948228254104 -2.349043039720684 0.3673377169141982 0.3 0.5
-0.02122668163878849 0.8599667731030066 -2.349217689230857 0.3673043714181797 0.3 0.5
-0.021377065430026043 0.8597378188501725 -2.349443357394736 0.3672455706254479 0.3 0.5
-0.02117802566201643 0.8595127279878485 -2.3496840639377385 0.3671663979768287 0.3 0.5
-0.02070465737197491 0.8592899081464508 -2.34990486650394 0.3670731718298842 0.3 0.5
-0.02007885425922229 0.8590601740023571 -2.3500783322411376 0.3669730370997824 0.3 0.5
-0.019442282975092873 0.858806775935451 -2.35018921766706 0.3668735362925537 0.3 0.5
-0.018926944917905253 0.8585069595303599 -2.350236445964569 0.3667821907424332 0.3 0.5
-0.018629946705694955 0.8581350564649748 -2.3502321404563595 0.366706096862391 0.3 0.5
-0.01859746109194038 0.8576667972003689 -2.350198135126929 0.3666515189226799 0.3 0.5
-0.018820288438714528 0.8570842498866146 -2.350160881236123 0.3666234478469542 0.3 0.5
-0.019240667834079517 0.8563805921653479 -2.3501459100799944 0.3666250997433483 0.3 0.5
-0.019767659017562167 0.8555638640280083 -2.3501729768634023 0.3666573490720288 0.3 0.5
-0.020296959574497286 0.8546589562923834 -2.3502527427651585 0.3667181263258804 0.3 0.5
-0.02073065950487063 0.8537073497310571 -2.350385438722608 0.3668018524029039 0.3 0.5
-0.020993116327505668 0.8527644845110438 -2.350561504673095 0.3668990224204784 0.3 0.5
-0.021040534162484192 0.8518950316386745 -2.3507638163058457 0.3669960803521595 0.3 0.5
-0.020863479033792487 0.8511666769329042 -2.350970869722094 0.3670757334619631 0.3 0.5
-0.020483038949659083 0.8506432507824019 -2.3511602176254733 0.3671178362255704 0.3 0.5
-0.019942391148886074 0.8503781090474418 -2.351311521520439 0.3671009256435372 0.3 0.5
-0.019296076864727674 0.8504085882419626 -2.3514087606353278 0.3670044161651718 0.3 0.5
-0.018599314967149283 0.8507521479660284 -2.3514413683218005 0.3668113692897867 0.3 0.5
-0.017899300337247404 0.8514045242669256 -2.3514042998185154 0.3665116497209236 0.3 0.5
-0.017229782165761875 0.8523399061915785 -2.35129722985224 0.3661051778381198 0.3 0.5
-0.016609469334691873 0.8535128684169955 -2.3511232080688163 0.3656048989682343 0.3 0.5
-0.01604410613678553 0.8548615913179354 -2.3508871550022854 0.3650390252589685 0.3 0.5
-0.01553149268841203 0.8563118071736724 -2.350594565615964 0.3644520770921521 0.3 0.5
-0.015068328658633945 0.857780937318439 -2.350250714884805 0.3639042678042309 0.3 0.5
-0.014657546156944257 0.8591820184323689 -2.3498605477506684 0.3634688457205879 0.3 0.5
-0.014314771283427952 0.8604272273119625 -2.349429302366363 0.3632271356371569 0.3 0.5
-0.01407269921419374 0.8614310576770905 -2.3489637794947056 0.3632612077184714 0.3 0.5
-0.013982439344522035 0.8621134270424318 -2.348474049416125 0.3636443391285535 0.3 0.5
-0.014111234466920308 0.8624031474431478 -2.347975293350577 0.3644297094561463 0.3 0.5
-0.014536354065519674 0.862242245677075 -2.347489416797269 0.3656380646484001 0.3 0.5
-0.015335391549511357 0.8615915494436273 -2.347046052203821 0.3672453679075939 0.3 0.5
-0.01657363047240512 0.8604377664056723 -2.346682591358772 0.3691716956870967 0.3 0.5
-0.01828954692268514 0.8588019922836991 -2.3464429544060126 0.3712727943328806 0.3 0.5
-0.020479856308837086 0.8567492257454427 -2.346374909098281 0.3733357491356718 0.3 0.5
-0.023085776164259997 0.8543980886574151 -2.3465258947291647 0.3750800972174469 0.3 0.5
-0.025982334435958876 0.851929605691207 -2.3469374723455907 0.3761654122083705 0.3 0.5
-0.028972554810628992 0.8495936482666122 -2.3476387057891865 0.3762058904869961 0.3 0.5
-0.03178814516691997 0.8477115545291445 -2.3486389612702494 0.3747917857555505 0.3 0.5
-0.03409787324339053 0.8466735486270023 -2.3499207757869414 0.3715167084638706 0.3 0.5
-0.03552412588873288 0.8469299263659419 -2.3514335631112804 0.3660088996348418 0.3 0.5
-0.03566721040776599 0.8489755477086817 -2.3530889757001536 0.3579637124585356 0.3 0.5
-0.03413577769478593 0.8533279403629026 -2.35475869674093 0.347173835928973 0.3 0.5
-0.02323239555861001 0.8605001922127073 -2.3562752745104087 0.3335534572919564 0.340000000236696 0.459999999763304
0.012013990286399157 0.8709706684406436 -2.357436314070618 0.3171527949237287 0.5 0.3
0.02034168560486993 0.8851522657069809 -2.358011915041978 0.2981604145908563 0.5 0.3
0.03120042594769501 0.903364233202061 -2.357754746481491 0.2768924515766297 0.5 0.3
0.04452860277973869 0.9258094319611992 -2.356411703886722 0.2537699358873228 0.5 0.3
0.06015528342486309 0.9525592843121616 -2.353735843608748 0.2292872411860641 0.5 0.3
0.07782036911963885 0.9835477247000898 -2.349497315266262 0.2039757451188026 0.5 0.3
0.09720093982231948 1.018574396802601 -2.343492278354298 0.1783669811051291 0.5 0.3
0.11793965577298504 1.0573163429235808 -2.3355491843720664 0.152959067394219 0.5 0.3
0.1396716163452405 1.0993466469873825 -2.325532218794768 0.1281892841459075 0.5 0.3
0.16204696615605307 1.1441579885253976 -2.313342057160244 0.1044145708631493 0.5 0.3
0.18474758694585258 1.191188847339457 -2.298914360544639 0.0819006243731662 0.5 0.3
0.2074972669116093 1.2398501431953846 -2.282216601850054 0.0608193203058075 0.5 0.3
0.23006569886243167 1.2895503481379194 -2.263243875158893 0.0412534341171472 0.5 0.3
0.25226743483370395 1.3397175091731963 -2.24201430527265 0.0232071341071201 0.5 0.3
0.27395739363538674 1.3898171178627785 -2.2185645617892797 0.0066204522902806 0.5 0.3
0.29502467937560617 1.4393652998481854 -2.192945822425741 -0.0086141162059184 0.5 0.3
0.31538638443523226 1.487937301732415 -2.1652203544881807 -0.0226346111762214 0.5 0.3
0.33498265986990017 1.5351716756259095 -2.1354587160446576 -0.035593670749472 0.5 0.3
0.3537736675480163 1.580770861411118 -2.1037374500576678 -0.0476447820100184 0.5 0.3
0.3717382489575005 1.624499013617217 -2.0701370833028663 -0.0589314493822541 0.5 0.3
0.38887337620694185 1.6661779166100068 -2.0347402584071164 -0.0695796165266114 0.5 0.3
0.4051930337605536 1.7056816980936136 -1.9976299207864223 -0.0796933133723324 0.5 0.3
0.4207255809759758 1.7429308388636602 -1.9588876174103669 -0.089353196534659 0.5 0.3
0.43550958237691617 1.7778857945967197 -1.9185920593127692 -0.0986174429627675 0.5 0.3
0.44958870928172523 1.8105404704096455 -1.8768181010750775 -0.1075243606759214 0.5 0.3
0.46300640031039064 1.8409157861205865 -1.833636230146905 -0.1160960774292362 0.5 0.3
0.4758008940081826 1.8690535664018733 -1.7891125901158658 -0.124342724058474 0.5 0.3
0.48800111346232855 1.8950109629531893 -1.7433095007150474 -0.1322666217310792 0.5 0.3
0.49962369388780736 1.9188555719782985 -1.6962863893688145 -0.1398660961909103 0.5 0.3
0.5106713294014842 1.940661353952107 -1.6481010199800337 -0.1471386623131828 0.5 0.3
0.5211324837437403 1.9605054039839207 -1.5988108870398852 -0.1540834375699403 0.5 0.3
0.5309823113215928 1.9784655666502005 -1.548474638665511 -0.1607027443978612 0.5 0.3
0.5401845310779252 1.9946188376789529 -1.4971534075333517 -0.1670029421696955 0.5 0.3
0.548693963147393 2.009040450815194 -1.444911954425559 -0.1729945880120471 0.5 0.3
0.5564594746340012 2.0218035160511905 -1.3918195581108197 -0.1786920626722057 0.5 0.3
0.563427296305834 2.032979055387853 -1.3379506106474195 -0.184112814420798 0.5 0.3
0.5695448640029532 2.0426362796023043 -1.283384881016836 -0.1892763751878421 0.5 0.3
0.5747653527934715 2.0508429663816883 -1.2282073946165406 -0.1942032929905768 0.5 0.3
0.5790530311633746 2.057665829410171 -1.1725078593371934 -0.1989141053911443 0.5 0.3
0.582389345689367 2.063170802696978 -1.1163795562208558 -0.2034284531715564 0.5 0.3
0.5847791510108657 2.0674231987129392 -1.059917621651919 -0.2077644038383512 0.5 0.3
0.5862559407070134 2.0704877257814958 -1.0032167065508324 -0.21193802196413 0.5 0.3
0.5868844387374239 2.072428368459785 -0.946368112480131 -0.215963189974705 0.5 0.3
0.5867588726779227 2.0733081477968005 -0.8894566686063886 -0.2198516510637863 0.5 0.3
0.5859963357548326 2.073188788538693 -0.8325577813385964 -0.2236132191035799 0.5 0.3
0.5847263824219096 2.0721303294643705 -0.7757351477631131 -0.2272560866002704 0.5 0.3
0.583078971132931 2.0701907218178346 -0.7190395095209222 -0.2307871654953368 0.5 0.3
0.5811727270447364 2.0674254653498427 -0.6625086124076291 -0.2342124107854574 0.5 0.3
0.5791049954279481 2.0638873266774778 -0.6061683397031555 -0.2375370941105684 0.5 0.3
0.5769446386110305 2.05962617080699 -0.5500348401603607 -0.240766009712927 0.5 0.3
0.5747280340766747 2.054688919098208 -0.4941173762992577 -0.2439036078399924 0.5 0.3
0.5724584240413949 2.049119629953466 -0.4384215728915902 -0.2469540604276651 0.5 0.3
0.5701085248924931 2.042959683569692 -0.3829527304874507 -0.2499212712163321 0.5 0.3
0.5676260303115616 2.0362480404809875 -0.3277188779982014 -0.2528088472327192 0.5 0.3
0.5649415327524306 2.0290215349996785 -0.2727332749670452 -0.2556200504707588 0.5 0.3
0.561978340474269 2.021315157148157 -0.2180161216918021 -0.2583577487177873 0.5 0.3
0.558663438466801 2.0131622723233105 -0.1635952876443752 -0.2610243834099242 0.5 0.3
0.5549384386698869 2.004594732194066 -0.1095059437976951 -0.2636219692243683 0.5 0.3
0.5507688003782071 1.9956428476725308 -0.0557890999307064 -0.2661521340239756 0.5 0.3
0.54614930243247 1.986335227586735 -0.0024892198928857 -0.2686161984122684 0.5 0.3
0.54110453775862 1.9766985273327289 0.0503487103503613 -0.271015283204452 0.5 0.3
0.5356847997005659 1.9667571788476752 0.1026821641262233 -0.2733504258435458 0.5 0.3
0.5299587916461531 1.956533172226036 0.1544736440962799 -0.2756226870134806 0.5 0.3
0.5240046949242158 1.9460459395920424 0.2056925232608952 -0.2778332339890974 0.5 0.3
0.5179009362888098 1.9353123696655423 0.2563159927533168 -0.279983393262145 0.5 0.3
0.5117177922769844 1.9243469619363984 0.3063290863821978 -0.2820746703518217 0.5 0.3
0.5055106759237588 1.9131621129233305 0.3557238656098963 -0.2841087393294688 0.5 0.3
0.49931567851445813 1.9017685138746772 0.4044979332022722 -0.2860874079564403 0.5 0.3
0.49314768791436314 1.8901756269694685 0.452652501053718 -0.2880125665730835 0.5 0.3
0.48700117048373126 1.8783921952703224 0.5001902698451544 -0.2898861302052387 0.5 0.3
0.48085357787449823 1.8664267324082493 0.5471133868935275 -0.2917099837654983 0.5 0.3
0.4746711261055725 1.8542879323311705 0.5934217446809773 -0.2934859400209591 0.5 0.3
0.4684162456756291 1.8419849421470016 0.6391118572915345 -0.2952157188862661 0.5 0.3
0.46205552285000895 1.8295274575476888 0.6841764818590974 -0.2969009538092359 0.5 0.3
0.45556655776318844 1.8169256299189664 0.7286050341440983 -0.298543226512234 0.5 0.3
0.44894211373073367 1.8041898146137971 0.7723846899204171 -0.3001441254398642 0.5 0.3
0.4421907345824505 1.7913302315437318 0.8155019012934904 -0.3017053171489736 0.5 0.3
0.4353343295934575 1.7783566286673531 0.8579439747517354 -0.3032286167229902 0.5 0.3
0.4284039737119161 1.7652780229144551 0.8997004077110812 -0.3047160450921406 0.5 0.3
0.4214350725657168 1.7521025590818846 0.9407638050822728 -0.306169865776085 0.5 0.3
0.4144626846039412 1.7388374984164496 0.9811303123388444 -0.3075925978487288 0.5 0.3
0.407517452664099 1.725489329856165 1.0207995807992385 -0.3089870049135824 0.5 0.3
0.40062230829041257 1.712063985868356 1.0597743260656485 -0.3103560617383737 0.5 0.3
0.3937900325279675 1.698567139679097 1.0980595568946898 -0.3117029011237758 0.5 0.3
0.38702181642994216 1.6850045565773475 1.1356615601474866 -0.3130307441986135 0.5 0.3
0.38030699004603763 1.6713824668542918 1.172586741790481 -0.3143428180800768 0.5 0.3
0.3736240743515018 1.657707923301853 1.2088404407950848 -0.3156422656920334 0.5 0.3
0.36694319239027884 1.643989102168975 1.244425848230235 -0.3169320534455126 0.5 0.3
0.3602296703798258 1.630235505874284 1.279343167469263 -0.318214883007039 0.5 0.3
0.35344854133206205 1.6164580311667769 1.3135891345072457 -0.3194931130753852 0.5 0.3
0.34656957472836813 1.6026688746673237 1.347156988640452 -0.3207686962643563 0.5 0.3
0.3395722769170417 1.588881259189406 1.3800369461132889 -0.3220431350123711 0.5 0.3
0.3324501233138677 1.575108984336508 1.4122171738049931 -0.3233174585293101 0.5 0.3
0.3252131281284387 1.5613658353320017 1.44368518613638 -0.3245922199507027 0.5 0.3
0.3178878936763896 1.5476649235611486 1.474429498949224 -0.3258675091364336 0.5 0.3
0.3105148911250022 1.534018069777717 1.504441288316863 -0.3271429728825342 0.5 0.3
0.3031437041932339 1.5204353487203972 1.5337157774293633 -0.3284178331913773 0.5 0.3
0.29582751564962484 1.5069248763342684 1.5622531478486867 -0.3296908970971657 0.5 0.3
0.2886179786180909 1.4934928592015575 1.5900588994136493 -0.3309605565282413 0.5 0.3
0.2815612128607703 1.4801438716462945 1.6171436972754585 -0.332224781119884 0.5 0.3
0.274695257602664 1.4668812909162332 1.6435228185615356 -0.3334811098270915 0.5 0.3
0.2680489346858983 1.453707805217609 1.669215344321802 -0.3347266485145651 0.5 0.3
0.26164182906994515 1.4406259118585714 1.694243237790392 -0.3359580803607309 0.5 0.3
0.2554849818253824 1.4276383372011716 1.7186304206973866 -0.3371716943732619 0.5 0.3
0.2495818761894264 1.4147483306562596 1.742401918879925 -0.3383634351768244 0.5 0.3
0.24392940750593395 1.4019598080311435 1.7655831064988676 -0.3395289749847258 0.5 0.3
0.23851868132354737 1.3892773407023469 1.788199047249461 -0.3406638068369151 0.5 0.3
0.23333559806783644 1.3767060051121305 1.810273915381816 -0.3417633568492874 0.5 0.3
0.22836128400236744 1.364251122001341 1.8318304751885996 -0.3428231121864087 0.5 0.3
0.22357247194644492 1.3519179236766266 1.8528896035888365 -0.3438387608289451 0.5 0.3
0.21894190865762386 1.3397111916986015 1.873469850783481 -0.3448063387371148 0.5 0.3
0.2144388691345589 1.3276349106117755 1.8935870416492435 -0.3457223792929554 0.5 0.3
0.21002987294529651 1.315691984411934 1.9132539285626995 -0.3465840591120546 0.5 0.3
0.20567966539461802 1.3038840600744777 1.9324799158572292 -0.3473893337360932 0.5 0.3
0.20135249348699258 1.2922114974558885 1.951270882396691 -0.348137056347065 0.5 0.3
0.19701366257519837 1.2806735153815858 1.9696291317453904 -0.3488270725766612 0.5 0.3
0.19263127095334287 1.269268529381154 1.9875534980029104 -0.349460284729486 0.5 0.3
0.18817792012272072 1.257994679356789 2.0050396250982447 -0.3500386791758954 0.5 0.3
0.18363208932992592 1.2468505268439465 2.0220804171105167 -0.3505653113870547 0.5 0.3
0.17897884746366444 1.2358358855273857 2.038666626043509 -0.3510442441326767 0.5 0.3
0.17420986367607583 1.2249527343805238 2.0547875107898754 -0.3514804359119257 0.5 0.3
0.1693231354748015 1.2142061349426172 2.070431497157483 -0.3518795795238149 0.5 0.3
0.1643230007565677 1.2036050247434351 2.085586810704963 -0.3522478952631673 0.5 0.3
0.15922063527646468 1.1931627108121143 2.1002421107806195 -0.3525918885120438 0.5 0.3
0.1540346694815442 1.1828968786275798 2.114387174308266 -0.3529180856866603 0.5 0.3
0.1487912739527708 1.1728289809594483 2.12801364125642 -0.3532327646051474 0.5 0.3
0.14352330548382142 1.1629829609528572 2.141115768651697 -0.353541695712856 0.5 0.3
0.13826864446402354 1.1533833569284893 2.153691099200079 -0.3538499102710974 0.5 0.3
0.13306819264087721 1.1440529078627584 2.1657409636464813 -0.3541615110854504 0.5 0.3
0.12796391065255097 1.135009835578282 2.177270782910569 -0.354479539993829 0.5 0.3
0.12299697487092143 1.1262650424210718 2.188290173975824 -0.3548059131591153 0.5 0.3
0.11820595294417036 1.1178195332322218 2.198812871462916 -0.3551414300222654 0.5 0.3
0.11362492797420298 1.1096624247638367 2.2088564667573327 -0.3554858553601118 0.5 0.3
0.10928160479009463 1.101769917028146 2.218441959554753 -0.3558380672763712 0.5 0.3
0.10519550992918347 1.094105555765639 2.227593120033762 -0.3561962578579771 0.5 0.3
0.10137646685202117 1.086622009877816 2.2363356710266804 -0.3565581683456648 0.5 0.3
0.09782357462529756 1.0792644228684125 2.2446963177118824 -0.3569213377674444 0.5 0.3
0.0945249047304042 1.071975185410773 2.252701675174412 -0.3572833434232375 0.5 0.3
0.09145806322443661 1.0646997444943154 2.2603771656474523 -0.3576420132488829 0.5 0.3
0.08859164209648274 1.0573928484224366 2.267745971969896 -0.3579955936085567 0.5 0.3
0.08588743114409603 1.05002446529897 2.274828136179544 -0.3583428609453441 0.5 0.3
0.08330316193345233 1.042584542229471 2.2816398792939534 -0.3586831713167983 0.5 0.3
0.08079553136587592 1.0350858176840474 2.2881931954872985 -0.3590164476691512 0.5 0.3
0.07832326625764718 1.0275640694933714 2.294495748623886 -0.3593431103430665 0.5 0.3
0.07585002023873688 1.0200754685303282 2.3005510752496505 -0.3596639613006471 0.5 0.3
0.07334692027088252 1.0126910875017454 2.306359077273524 -0.3599800364831683 0.5 0.3
0.07079459697280743 1.0054890424353924 2.311916769300612 -0.3602924430628924 0.5 0.3
0.06818455506249155 0.998545161039119 2.317219228997893 -0.3606021987351956 0.5 0.3
0.06551975470555416 0.9919234045848552 2.322260684504142 -0.3609100885545272 0.5 0.3
0.06281430158241008 0.9856674486049136 2.327035659974697 -0.3612165514025992 0.5 0.3
0.06009225893970793 0.9797947930922676 2.331540090132938 -0.3615216036524624 0.5 0.3
0.057385767344975136 0.9742944841984994 2.3357723160269086 -0.361824803156144 0.5 0.3
0.054732722707071524 0.9691289958189232 2.339733892761406 -0.3621252533663324 0.5 0.3
0.0521741424034472 0.964240124527486 2.343430165032113 -0.362421645230548 0.5 0.3
0.049751160897928415 0.95955803112578 2.3468705792724576 -0.3627123327754596 0.5 0.3
0.04750152737043045 0.9550119610333462 2.3500686953622503 -0.3629954365606922 0.5 0.3
0.04545561767814732 0.9505408180283308 2.353041848099293 -0.3632689676741128 0.5 0.3
0.043632247681677505 0.946101738727618 2.3558104098671078 -0.3635309642525376 0.5 0.3
0.04203484055079976 0.9416751502064288 2.3583966346352754 -0.3637796326562004 0.5 0.3
0.040648683936961305 0.9372654478233416 2.360823118690355 -0.3640134855513672 0.5 0.3
0.03944009737657517 0.9328972844593908 2.363110987084051 -0.3642314684548725 0.5 0.3
0.03835825738208953 0.9286083405867172 2.3652779968217086 -0.3644330648355628 0.5 0.3
0.037340121557414285 0.9244401555517888 2.3673368225599174 -0.3646183684593143 0.5 0.3
0.03631834035462855 0.920428976003183 2.3692938347156587 -0.3647881114931266 0.5 0.3
0.035231304559859566 0.916598515199491 2.3711486687511214 -0.3649436391837223 0.5 0.3
0.03403369095887232 0.9129560222444216 2.372894799207107 -0.365086827303765 0.5 0.3
0.03270528064338585 0.9094922528283472 2.3745211683029943 -0.3652199465375078 0.5 0.3
0.031255701845576134 0.9061850118841718 2.3760146963673328 -0.3653454872003581 0.5 0.3
0.029723271136039564 0.9030051316721424 2.3773632665518902 -0.3654659662665005 0.5 0.3
0.028167290175722393 0.8999232575814051 2.378558593665494 -0.3655837444984968 0.5 0.3
0.02665479413219707 0.896915756474122 2.379598322683066 -0.3657008825771453 0.5 0.3
0.02524442099398172 0.8939684368088758 2.3804868020962857 -0.3658190600298651 0.5 0.3
0.02397128571821394 0.8910774534432012 2.3812342441956837 -0.3659395687867328 0.5 0.3
0.022837081963751338 0.8882475565393172 2.381854372767505 -0.3660633753356416 0.5 0.3
0.02180881072264995 0.88548851058752 2.38236108096388 -0.3661912252590024 0.5 0.3
0.020827504963318866 0.8828108869360777 2.382764962036145 -0.3663237475921746 0.5 0.3
0.019825475970627338 0.880222446193574 2.3830707125324766 -0.3664615110466611 0.5 0.3
0.018747801492979832 0.8777260049901733 2.383276260129539 -0.3666049942817315 0.5 0.3
0.01757199846530888 0.8753191492270355 2.383374040278837 -0.3667544570443566 0.5 0.3
0.01631977281467467 0.872995592210353 2.383354240125368 -0.3669097313776199 0.5 0.3
0.015056591812143694 0.8707475495146862 2.383209217406835 -0.3670699825998035 0.5 0.3
0.013878207350215277 0.8685683160745042 2.3829378765880493 -0.3672335089392888 0.5 0.3
0.012887272302095631 0.8664543016165726 2.3825486973230707 -0.3673976493975909 0.5 0.3
0.01216655967714697 0.864406048176174 2.38206042455328 -0.3675588487497883 0.5 0.3
0.011756793030834878 0.8624281092321038 2.3815000805209947 -0.3677128902461445 0.5 0.3
0.011646087026071505 0.860527993942591 2.380898759824078 -0.3678552612272186 0.5 0.3
0.011774663224430881 0.8587145821690374 2.380286368526685 -0.3679815791118009 0.5 0.3
0.012053763659682915 0.856996465422778 2.379686834849128 -0.3680879879598255 0.5 0.3
0.01239297825267105 0.8553805912617797 2.379115211215096 -0.3681714453078509 0.5 0.3
0.01272716797907858 0.8538714397007738 2.378577509040363 -0.3682298526206033 0.5 0.3
0.013034026779332741 0.8524707980224678 2.378073225838271 -0.368262029740397 0.5 0.3
0.013336283066931465 0.8511780676386669 2.377599628516204 -0.3682675787981848 0.5 0.3
0.013687607931291979 0.8499909527722431 2.377156256822897 -0.3682467116581222 0.5 0.3
0.014146694233425627 0.8489063455803776 2.376748017616026 -0.368200118413418 0.5 0.3
0.014747878383527535 0.8479212249268085 2.3763856870393685 -0.3681289325012216 0.5 0.3
0.015477895478848147 0.8470334102035932 2.376083474877721 -0.3680348083998582 0.5 0.3
0.01626658468698583 0.84624204145802 2.3758542644256058 -0.3679200833324956 0.5 0.3
0.016995163677959724 0.8455476846986356 2.375703922894304 -0.3677879586080783 0.5 0.3
0.01752037619717317 0.8449519910403754 2.3756264392621 -0.3676426199784353 0.5 0.3
0.017708082616967324 0.8444568831674442 2.375601476881817 -0.3674892245596197 0.5 0.3
0.01746716241411317 0.8440633147629982 2.375595285143514 -0.3673337120815437 0.5 0.3
0.016774598935440643 0.8437697499005083 2.375565001384925 -0.3671824419731483 0.5 0.3
0.015685131910934125 0.8435706243164987 2.375465461278469 -0.3670417033261512 0.5 0.3
0.014323075492996828 0.8434551459884922 2.375256974469562 -0.3669171801821051 0.5 0.3
0.012858588975181995 0.8434068265599346 2.3749122820188617 -0.3668134701659526 0.5 0.3
0.011474506493391878 0.8434040730662006 2.37442114091638 -0.3667337454463042 0.5 0.3
0.010331749664596046 0.843422001911023 2.373791591565719 -0.3666796138319674 0.5 0.3
0.009541027449779804 0.8434353899775519 2.3730477665321783 -0.3666511939320268 0.5 0.3
0.009146365664673972 0.8434224051791993 2.372224869277156 -0.3666473741404092 0.5 0.3
0.009122839111035397 0.8433685251680523 2.3713625058436234 -0.3666661914487896 0.5 0.3
0.009387596381311702 0.8432699162224012 2.370497789754727 -0.3667052490155293 0.5 0.3
0.009820600291980952 0.843135544454714 2.369659549392858 -0.3667620925909174 0.5 0.3
0.010289956687672408 0.8429874417313755 2.368864609422056 -0.3668344830009586 0.5 0.3
0.010676471202182292 0.8428588295926115 2.368116605090823 -0.3669205297205163 0.5 0.3
0.01089299734100102 0.8427901661660631 2.367407252211041 -0.3670186822757293 0.5 0.3
0.010895799185210997 0.8428235558328113 2.366719551945141 -0.3671276048621649 0.5 0.3
0.010687063060355051 0.842996278431011 2.366032131863662 -0.3672459795916211 0.5 0.3
0.010309433577098126 0.8433343926421998 2.3653238381696973 -0.3673722920943159 0.5 0.3
0.00983471039231354 0.8438474069386581 2.364577781527407 -0.3675046496879811 0.5 0.3
0.009349465555885672 0.8445248825419205 2.363784252566638 -0.3676406696269345 0.5 0.3
0.008940349926422897 0.8453355598639265 2.3629421991222266 -0.3677774574326437 0.5 0.3
0.008681401200831829 0.8462292305726762 2.3620592341148687 -0.3679116774635013 0.5 0.3
0.008624928494374018 0.8471411742069694 2.3611503742349518 -0.3680397029661172 0.5 0.3
0.008796704792763954 0.8479986085836123 2.360235867084389 -0.3681578225787617 0.5 0.3
0.009195415362186488 0.8487283256112487 2.3593385375636653 -0.3682624750879851 0.5 0.3
0.009795705782580377 0.8492645358415136 2.358481079099884 -0.3683504836727643 0.5 0.3
0.0105537903325148 0.8495559400943967 2.3576836496781417 -0.3684192639182101 0.5 0.3
0.011414422342874708 0.8495711789110271 2.356962028711393 -0.36846698557815 0.5 0.3
0.012318080222901706 0.8493020550487889 2.3563264709456804 -0.3684926754681936 0.5 0.3
0.013207439430771295 0.8487642370857025 2.3557812789679704 -0.3684962568132282 0.5 0.3
0.014032503093126536 0.8479954807395842 2.3553250229110474 -0.3684785276440528 0.5 0.3
0.014754077340048966 0.8470516999423648 2.35495127322036 -0.3684410865598919 0.5 0.3
0.015345551490701936 0.8460014453539669 2.3546496809543647 -0.3683862178846031 0.5 0.3
0.015793151770266967 0.8449194817464463 2.3544072361034347 -0.368316749772406 0.5 0.3
0.016094972110010097 0.8438801912873088 2.3542095512804613 -0.36823589828321 0.5 0.3
0.01625914860880151 0.8429514767691283 2.354042048491462 -0.3681471083104673 0.5 0.3
0.016301544243262356 0.8421897174098508 2.353890963352342 -0.3680538991733151 0.5 0.3
0.016243265775632842 0.8416361634726528 2.3537441177766683 -0.3679597193499452 0.5 0.3
0.01610826792691089 0.8413149683014978 2.3535914443542314 -0.3678678118479785 0.5 0.3
0.015921227355004675 0.8412328701586076 2.3534252711469223 -0.367781089615637 0.5 0.3
0.01570579960020524 0.8413803710363016 2.3532403938824227 -0.3677020195541182 0.5 0.3
0.015483309451505 0.8417341305861781 2.353033973842443 -0.3676325142175068 0.5 0.3
0.015271871342816823 0.8422602111903656 2.3528053047875934 -0.3675738320417556 0.5 0.3
0.015085896422388778 0.8429177795851733 2.352555491921875 -0.3675264895699229 0.5 0.3
0.01493592097852492 0.8436628874424648 2.3522870815641137 -0.367490192204242 0.5 0.3
0.01482868398697157 0.8444520064322601 2.352003673661966 -0.3674637930801767 0.5 0.3
0.014767384300800046 0.8452450682467415 2.351709542060663 -0.3674452922007689 0.5 0.3
0.014752058801521528 0.8460078441764812 2.351409280490743 -0.3674318893739066 0.5 0.3
0.014780038974051557 0.8467135822333526 2.351107486370895 -0.3674201041625897 0.5 0.3
0.014846458420292308 0.8473438953096335 2.3508084902683 -0.367405973480174 0.5 0.3
0.01494479408362892 0.8478889564616625 2.350516136110329 -0.3673853322968536 0.5 0.3
0.015067430420612205 0.8483471032807668 2.350233615518692 -0.3673541751435951 0.5 0.3
0.015206240021421458 0.8487239796172447 2.349963358560753 -0.3673090860411157 0.5 0.3
0.015353176161121418 0.8490313491039536 2.349706982562895 -0.3672477127879966 0.5 0.3
0.015500870387081811 0.8492857037677393 2.349465300179007 -0.367169249189154 0.5 0.3
0.0156432205898005 0.8495067683759411 2.349238387217715 -0.3670748771314956 0.5 0.3
0.015775945028360105 0.8497159743856683 2.349025709276695 -0.3669681110165184 0.5 0.3
0.0158970676283543 0.8499349529139152 2.3488263037795307 -0.3668549816463446 0.5 0.3
0.01600728879226132 0.8501840780918903 2.348639010542366 -0.3667439969138648 0.5 0.3
0.01611018609130266 0.8504810821780866 2.348462739421592 -0.3666458240773242 0.5 0.3
0.016212185873678564 0.8508397620275917 2.348296758030722 -0.3665726541250987 0.5 0.3
0.01632225293680456 0.8512688027048669 2.34814097661809 -0.3665372332339791 0.5 0.3
0.016451260340444307 0.8517707579475893 2.34799620191177 -0.3665515791925228 0.5 0.3
0.01661102327138675 0.8523412476886926 2.3478643279458145 -0.3666254404618335 0.5 0.3
0.016813008813079122 0.8529684567417214 2.347748430272953 -0.366764599709742 0.5 0.3
0.01706676884543512 0.853633040483028 2.3476527311542608 -0.3669691684448026 0.5 0.3
0.01737818610308306 0.854308555586262 2.347582408038804 -0.3672320599567329 0.5 0.3
0.017747669374799102 0.8549625293937676 2.3475432266491123 -0.367537858431446 0.5 0.3
0.01816847713207892 0.8555582554830772 2.347540993586592 -0.3678623167273535 0.5 0.3
0.018625384711143944 0.8560573537777343 2.3475808412998 -0.368172707948508 0.5 0.3
0.01909393279865501 0.8564230627210968 2.347666379770914 -0.3684292215415833 0.5 0.3
0.019540496592691525 0.8566241426514638 2.3477987730507794 -0.3685875296638958 0.5 0.3
0.01992338870361987 0.8566391688600278 2.3479758227100485 -0.3686025529826222 0.5 0.3
0.020195151771966735 0.8564608862006604 2.3481911615804103 -0.3684333291429891 0.5 0.3
0.020306109286698515 0.8561001938487073 2.348433676757607 -0.3680487379769995 0.5 0.3
0.020209126197965332 0.8555892425478296 2.3486872876862765 -0.3674336752981263 0.5 0.3
0.019865387042297122 0.8549830742908701 2.348931200306073 -0.3665951061803328 0.5 0.3
0.019250835687181223 0.8543592331858754 2.3491407390103025 -0.3655672870104375 0.5 0.3
0.018362751385967435 0.8538148410994547 2.3492888225790205 -0.3644153439859404 0.5 0.3
0.017225779844864952 0.853460772094333 2.349348097717617 -0.3632363556970575 0.5 0.3
0.01589661655228891 0.8534127783251618 2.3492936757021035 -0.3621571294340817 0.5 0.3
0.014466473553129688 0.8537797122021975 2.349106337357332 -0.3613280016419173 0.5 0.3
0.013060471171932875 0.8546493425822355 2.348775984712645 -0.3609122425843192 0.5 0.3
0.011833202561941647 0.8560726546582058 2.348305031829838 -0.361071004294148 0.5 0.3
0.010959934391840953 0.8580479219178101 2.347711352086032 -0.3619442076613571 0.5 0.3
0.010623233946605026 0.8605062011312755 2.347030345525216 -0.3636282932738165 0.5 0.3
0.010995243393363552 0.8633001758857802 2.3463156689198765 -0.3661523204196671 0.5 0.3
0.01221633698657687 0.8661984043800701 2.3456381932592127 -0.3694544339920775 0.5 0.3
0.014371462375928346 0.8688869591511633 2.3450828269578703 -0.3733611624413067 0.5 0.3
0.017466029763042457 0.8709801362445537 2.344742973195463 -0.3775722864620612 0.5 0.3
0.021403703759790282 0.8720413322996077 2.344712576171767 -0.3816540520843244 0.5 0.3
0.025968796090896085 0.8716143370998627 2.345075946547746 -0.3850432256997894 0.5 0.3
0.03081607361166583 0.8692641935246492 2.3458958261568355 -0.3870638536414606 0.5 0.3
0.035470608309142726 0.8646254999755849 2.347200433518002 -0.3869575774649258 0.5 0.3
0.03933973853653239 0.857454676886392 2.348970494348916 -0.3839269936082007 0.5 0.3
0.04173824171375351 0.8476814370739221 2.351127468202569 -0.3771899133524558 0.5 0.3
0.041926431656018615 0.8354536789342943 2.3535242923739443 -0.366040621989364 0.5 0.3
0.03915912945656075 0.8211694844304707 2.355939935539546 -0.3499125733150187 0.5 0.3
0.032741412097658795 0.8054900925160753 2.358078848485202 -0.3284356809153515 0.5 0.3
-0.08753507494231982 0.7893288764429057 2.3595759896949677 -0.3014808483053417 -0.5 0.5
-0.10286310745109883 0.7738136779379082 2.3600074822007358 -0.2691850233072582 -0.5 0.5
-0.1231061827473301 0.7602233284819812 2.358906171455626 -0.2319521580354359 -0.5 0.5
-0.14830579064490035 0.7499033028140463 2.355780553180893 -0.1904288613335844 -0.5 0.5
-0.1783107833845543 0.7441691193485157 2.350134974116403 -0.1454574822356862 -0.5 0.5
-0.21280511554912174 0.7442081794182851 2.3414888957779474 -0.0980127661394153 -0.5 0.5
-0.2513470473730406 0.7509907178166276 2.329393384223035 -0.0491302213331242 -0.5 0.5
-0.2934121084838637 0.7651987397018074 2.313443679485731 0.0001653616124003 -0.5 0.5
-0.3384331592540635 0.7871789776412594 2.293287468637345 0.0489239153718081 -0.5 0.5
-0.38583290083600286 0.8169227122976186 2.2686291527119384 0.0963212735449468 -0.5 0.5
-0.43504646729396246 0.8540722424933255 2.239230862628338 0.1416944170040698 -0.5 0.5
-0.4855338062212189 0.8979511639227572 2.204911215898942 0.1845598359407018 -0.5 0.5
-0.5367832663602901 0.947613624458884 2.16554283527682 0.2246158859083175 -0.5 0.5
-0.5883090727610929 1.001906531848603 2.121049508640791 0.2617314015276536 -0.5 0.5
-0.6396459201828364 1.0595383708026875 2.0714036013646817 0.2959237277956343 -0.5 0.5
-0.6903437473503815 1.1191487359139 2.016624009346398 0.327329749285342 -0.5 0.5
-0.7399651440899024 1.1793736546101097 1.95677463461136 0.3561734937235389 -0.5 0.5
-0.7880868745762326 1.238902983799962 1.8919631202023697 0.3827335506314398 -0.5 0.5
-0.8343057632637674 1.2965273848635783 1.8223394327447464 0.4073129797479156 -0.5 0.5
-0.8782478413157002 1.3511734873743175 1.7480938564183697 0.430213677374524 -0.5 0.5
-0.9195782297337529 1.401926829103631 1.6694540722867997 0.4517164059759841 -0.5 0.5
-0.9580084607256656 1.4480430197975147 1.5866812493134244 0.4720669456112568 -0.5 0.5
-0.9932989252176538 1.4889483081601995 1.5000654032408578 0.4914681625584906 -0.5 0.5
-1.0252562599972737 1.5242313268314092 1.4099205107190924 0.5100772891866653 -0.5 0.5
-1.053726832244275 1.5536282023980883 1.316579884719365 0.5280074155791009 -0.5 0.5
-1.078587697300586 1.5770033484844688 1.2203922014949375 0.5453320794378617 -0.5 0.5
-1.0997364784236408 1.5943280869539669 1.121718431764879 0.562091848873986 -0.5 0.5
-1.1170816739187628 1.6056588895338275 1.0209297839225149 0.5783018877128959 -0.5 0.5
-1.130534699504674 1.611116655921258 0.9184066165306386 0.5939596507346006 -0.5 0.5
-1.140004727788263 1.61086811181327 0.8145381465801712 0.6090520492506435 -0.5 0.5
-1.1453970378791256 1.605110100996899 0.7097226738013449 0.6235616328941229 -0.5 0.5
-1.1466151682773373 1.5940572066234058 0.6043679700134323 0.6374715312742434 -0.5 0.5
-1.143566985026041 1.577932742988203 0.4988914531856986 0.6507690716346146 -0.5 0.5
-1.136174515036441 1.556962764661587 0.3937197546830945 0.6634481281579251 -0.5 0.5
-1.1243867110439778 1.531372459598254 0.2892873031794504 0.6755103603156043 -0.5 0.5
-1.108193410504816 1.5013842159873585 0.1860336320750526 0.6869655564488488 -0.5 0.5
-1.08763763282114 1.467216780881828 0.084399291024571 0.6978313152178585 -0.5 0.5
-1.0628226779910679 1.4290851777461175 -0.015179472257543 0.7081322753470839 -0.5 0.5
-1.0339117423169801 1.3872012760489556 -0.1122767400566498 0.7178990535167986 -0.5 0.5
-1.0011205555343787 1.3417749756420636 -0.2064829142883478 0.727166996245306 -0.5 0.5
-0.9647054750081552 1.2930158754962429 -0.2974099698417857 0.7359748149782898 -0.5 0.5
-0.9249496837045956 1.241135175968062 -0.3846955173426012 0.7443631511887976 -0.5 0.5
-0.8821496788749816 1.1863475470636176 -0.4680054857130608 0.7523730993349631 -0.5 0.5
-0.8366036793045584 1.128872796648756 -0.5470354536005589 0.7600447003256562 -0.5 0.5
-0.7886030293911772 1.0689373210512576 -0.6215108215310148 0.7674154106597239 -0.5 0.5
-0.7384274124044876 1.0067754184157909 -0.6911861244701325 0.7745185541637668 -0.5 0.5
-0.68634442521883 0.9426305319617178 -0.7558438657105813 0.7813817763050372 -0.5 0.5
-0.6326134490924806 0.87675641044172 -0.8152933082324643 0.7880255441705774 -0.5 0.5
-0.5774929955854946 0.8094181330222029 -0.8693696531417123 0.7944617628530647 -0.5 0.5
-0.5212499143729676 0.7408930115636878 -0.9179339527002618 0.8006926059270382 -0.5 0.5
-0.46416820951149074 0.6714715465114098 -0.9608739441375586 0.8067096780750389 -0.5 0.5
-0.4065554528764148 0.6014587594429067 -0.9981057650887076 0.8124936379321616 -0.5 0.5
-0.3487459209561572 0.5311761570749708 -1.0295763103763491 0.8180144122353268 -0.5 0.5
-0.29110055832465065 0.4609642180954379 -1.0552659024719648 0.8232321290294945 -0.5 0.5
-0.2340041631779166 0.3911848101178825 -1.07519095830443 0.8280988762620695 -0.5 0.5
-0.17786019686967247 0.3222225955160809 -1.0894063746222216 0.8325613399824314 -0.5 0.5
-0.12308359732947194 0.2544844047628748 -1.0980073943091888 0.8365642922173362 -0.5 0.5
-0.07009191248102287 0.1883957518849068 -1.101130754042136 0.8400547885374494 -0.5 0.5
-0.019295115803481533 0.1243940617992851 -1.0989549452902383 0.8429868097953811 -0.5 0.5
0.02891531607627007 0.0629186490027933 -1.0916994568705864 0.8453259588557763 -0.5 0.5
0.07417727372457383 0.0043979533142907 -1.0796229252629594 0.8470537241325089 -0.5 0.5
0.12527790979935283 -0.050765017934171 -1.063020197890502 0.848170774570467 -0.4 0.5
0.16372156213458888 -0.1022077081969548 -1.0422184069105669 0.8486987868141804 -0.4 0.5
0.19839492641504197 -0.1496219048372896 -1.017572250697108 0.8486804477052339 -0.4 0.5
0.22912940623876388 -0.1927648944937156 -0.989458758055604 0.8481775140475143 -0.4 0.5
0.25581134580138 -0.2314665622557302 -0.9582718174317276 0.847267091013268 -0.4 0.5
0.278381021760733 -0.2656317112008992 -0.9244166828515896 0.8460365308537828 -0.4 0.5
0.29683080869457035 -0.2952375836091445 -0.8883045806755163 0.8445774966325295 -0.4 0.5
0.31120234878514674 -0.3203271582797196 -0.8503474998060593 0.8429797710611769 -0.4 0.5
0.32158220112705194 -0.3409991666023882 -0.8109532649275446 0.8413253431450045 -0.4 0.5
0.32809549185598974 -0.3573959021439913 -0.7705210448148394 0.8396832104772606 -0.4 0.5
0.3308975504532641 -0.36968985137172 -0.7294374956292404 0.8381052227370912 -0.4 0.5
0.33016408208772496 -0.3780700552889106 -0.688073740583914 0.8366231824520878 -0.4 0.5
0.32608085584708624 -0.3827290218377622 -0.6467833323751415 0.8352473236069287 -0.4 0.5
0.31883420786546934 -0.3838509763107667 -0.6059012467904329 0.8339662109335707 -0.4 0.5
0.30860373444036693 -0.3816022265401178 -0.565743826003886 0.8327480402583756 -0.4 0.5
0.2955582776255278 -0.3761243664593975 -0.5266094525598493 0.8315432672414045 -0.4 0.5
0.27985580178447045 -0.3675308936319418 -0.4887796247972965 0.8302884411441623 -0.4 0.5
0.26164703925290245 -0.3559075765686475 -0.4525200446188494 0.828911065019307 -0.4 0.5
0.2410820402498587 -0.3413166299749609 -0.4180813406935592 0.8273352393695156 -0.4 0.5
0.21831849902164524 -0.3238044844065968 -0.3856991366685733 0.8254877715312441 -0.4 0.5
0.19353085873475062 -0.3034126610543738 -0.3555932867664088 0.8233043504379091 -0.4 0.5
0.16691907830408803 -0.2801909473708284 -0.3279662008929337 0.8207353068807062 -0.4 0.5
0.13871558417585195 -0.2542117136796489 -0.3030002930625249 0.8177504252958023 -0.4 0.5
0.11829893292767513 -0.2255838745490158 -0.2808547346449397 0.8143422753319488 -0.3 0.5
0.08775322892162679 -0.1944648048632716 -0.2616618413521722 0.8105276224717493 -0.3 0.5
0.05652308957353802 -0.1610686173271967 -0.2455235184600095 0.8063466761626227 -0.3 0.5
0.02496469051890493 -0.1256696526531295 -0.2325082095026557 0.8018602210104345 -0.3 0.5
-0.006556080457855162 -0.0886007086883005 -0.2226487404507652 0.7971449806927968 -0.3 0.5
-0.03767719276312004 -0.0502462238419855 -0.2159413484965507 0.7922877973855522 -0.3 0.5
-0.06805463216229712 -0.0110311608307953 -0.2123460677728627 0.7873793174638205 -0.3 0.5
-0.09737606201281918 0.0285933449856491 -0.2117885309890924 0.7825078558738424 -0.3 0.5
-0.12537298626813215 0.0681663508415598 -0.2141631371903743 0.7777540014747505 -0.3 0.5
-0.15183053675188102 0.1072341896341579 -0.2193374358171875 0.7731863662411886 -0.3 0.5
-0.17659409708929097 0.1453669533461213 -0.2271574894923756 0.7688587064723515 -0.3 0.5
-0.19957204457777905 0.182173102265618 -0.2374538992013047 0.7648084791093835 -0.3 0.5
-0.2207339870267383 0.2173110727313026 -0.2500481036590826 0.7610567583286242 -0.3 0.5
-0.24010404421776488 0.2504970532437581 -0.2647585023617564 0.7576093347710322 -0.3 0.5
-0.2577490873525973 0.2815085385162678 -0.2814059067835329 0.7544587530881989 -0.3 0.5
-0.27376246756383893 0.3101837744574966 -0.2998178155187926 0.7515870100484432 -0.3 0.5
-0.288244544922866 0.3364176684550521 -0.3198310622751765 0.7489686293223493 -0.3 0.5
-0.3012821570153412 0.360155065265093 -0.3412925167674631 0.7465738437132765 -0.3 0.5
-0.3129298436084249 0.381382432291514 -0.3640577324689972 0.744371645070522 -0.3 0.5
-0.32319581111476814 0.4001189764377506 -0.3879877168298397 0.7423325006886948 -0.3 0.5
-0.3320351792470311 0.4164080744611636 -0.4129442979413165 0.7404305788575687 -0.3 0.5
-0.339352283551107 0.4303096864235251 -0.4387848158660196 0.7386453728644479 -0.3 0.5
-0.34501273933924437 0.4418941885594953 -0.4653570442211303 0.7369626580880387 -0.3 0.5
-0.34886436778566454 0.4512378427458801 -0.4924953181550547 0.7353747578934664 -0.3 0.5
-0.3507642013818202 0.4584199164677616 -0.5200187549336212 0.7338801326129146 -0.3 0.5
-0.3506073068218152 0.4635212859791373 -0.5477321750718032 0.7324823449401757 -0.3 0.5
-0.3483525153652145 0.466624232154109 -0.5754299057539847 0.7311884944716822 -0.3 0.5
-0.34404049321557495 0.4678131010150596 -0.6029021572905061 0.7300072518674091 -0.3 0.5
-0.33780091179760885 0.4671755341537614 -0.6299432066120636 0.7289466565963529 -0.3 0.5
-0.3298474370091997 0.4648040351482509 -0.6563602977918245 0.7280118678725785 -0.3 0.5
-0.3204613997829453 0.4607976853984606 -0.6819820414927444 0.7272030724431633 -0.3 0.5
-0.3099669889535328 0.4552638380038156 -0.706665181471039 0.7265137523405946 -0.3 0.5
-0.298702174363602 0.4483196145248803 -0.7302988803663922 0.7259294983067022 -0.3 0.5
-0.2869900232569156 0.440093035785254 -0.7528060978027524 0.7254275198830565 -0.3 0.5
-0.27511469634731944 0.4307236460628941 -0.774142100128444 0.7249769528197917 -0.3 0.5
-0.26330529213705933 0.4203625218954264 -0.7942905697631759 0.724540001162878 -0.3 0.5
-0.25172892770248034 0.4091715663099885 -0.8132580989768818 0.7240738787103931 -0.3 0.5
-0.24049247796469664 0.3973219714626032 -0.8310679917471299 0.7235334372514785 -0.3 0.5
-0.22965094876056025 0.3849917115813482 -0.8477542395435995 0.7228742922494964 -0.3 0.5
-0.21921983276964485 0.3723619473810645 -0.8633563344196555 0.7220561856323072 -0.3 0.5
-0.20918877125058688 0.3596123290046163 -0.87791531769662 0.7210462671589062 -0.3 0.5
-0.19953421028755303 0.3469153964511288 -0.8914711948216787 0.719821941364385 -0.3 0.5
-0.1811195096163587 0.3344305442955598 -0.904061615850434 0.7183729314001964 -0.2 0.5
-0.17214193476734585 0.3222982171891249 -0.9157215668120698 0.7167022710431433 -0.2 0.5
-0.16347668300742746 0.3106350168637369 -0.9264837602888044 0.7148260620786256 -0.2 0.5
-0.15511838878861095 0.2995302212763148 -0.9363794285895471 0.7127720133417994 -0.2 0.5
-0.1470706152460144 0.2890439494626121 -0.9454392674684082 0.7105769649820797 -0.2 0.5
-0.13934381966009157 0.2792069834020195 -0.9536943289930097 0.70828374097437 -0.2 0.5
-0.13195223613897022 0.2700221428284687 -0.9611767109590188 0.7059377330253693 -0.2 0.5
-0.1249101056833124 0.2614670708838003 -0.9679199345729158 0.7035836033871867 -0.2 0.5
-0.11822769662571342 0.2534982574866538 -0.973958945141247 0.7012624247854337 -0.2 0.5
-0.11190756522106882 0.246056060591767 -0.9793297148038184 0.6990094773889786 -0.2 0.5
-0.10594152821653546 0.2390703918656745 -0.9840684713259252 0.6968528162911904 -0.2 0.5
-0.10030883293190462 0.2324666513854181 -0.9882106241475788 0.6948126232491876 -0.2 0.5
-0.09497592944524791 0.2261714652942438 -0.9917895074407692 0.6929012737009549 -0.2 0.5
-0.08989804466210005 0.2201178173569365 -0.994835100385294 0.6911239907844666 -0.2 0.5
-0.08502248623334818 0.2142492539322579 -0.997372904851504 0.6894799243335422 -0.2 0.5
-0.08029336401199516 0.20852294934999 -0.9994231534748388 0.6879634834980356 -0.2 0.5
-0.07565727410892342 0.2029115177549606 -1.0010004898760383 0.6865657626585164 -0.2 0.5
-0.07106940498941339 0.1974035376889217 -1.0021142172869306 0.6852759243110133 -0.2 0.5
-0.06649942356311 0.1920028283317887 -1.002769157785872 0.6840824324627576 -0.2 0.5
-0.06193641296361574 0.1867266022912484 -1.002967100142183 0.6829740624593007 -0.2 0.5
-0.05739215315943347 0.1816027197841112 -1.0027087414385445 0.6819406463790787 -0.2 0.5
-0.052902177114678706 0.1766663535884576 -1.0019959567544878 0.6809735443920522 -0.2 0.5
-0.048524255942199446 0.1719564087601363 -1.0008341744659557 0.6800658589766533 -0.2 0.5
-0.04433425717619621 0.167512013076164 -0.9992346000601756 0.6792124289021112 -0.2 0.5
-0.04041968158120968 0.1633693200568325 -0.9972160257777952 0.678409652309241 -0.2 0.5
-0.036871544069994044 0.1595587837113932 -0.9948059939359162 0.677655192870625 -0.2 0.5
-0.03377551665542877 0.1561030081019759 -0.9920411483429156 0.6769476208004727 -0.2 0.5
-0.031203356781636105 0.1530152548879919 -0.9889667000084584 0.6762860330058519 -0.2 0.5
-0.029205623074719522 0.1502986901254225 -0.985635035686622 0.6756696862481444 -0.2 0.5
-0.027806541284520758 0.1479464387576558 -0.982103597994094 0.675097666164374 -0.2 0.5
-0.027001632413131693 0.1459424722395733 -0.978432252122546 0.6745686044867208 -0.2 0.5
-0.02675838610782799 0.1442632880633186 -0.9746804153638592 0.6740804474700045 -0.2 0.5
-0.027019892762776276 0.1428802772951209 -0.970904253974642 0.6736302720498397 -0.2 0.5
-0.027710981179228655 0.1417626394366869 -0.9671542432509196 0.6732141442711816 -0.2 0.5
-0.028746101950927194 0.1408806876304073 -0.9634733413688424 0.6728270171453555 -0.2 0.5
-0.030037976799764943 0.1402093650468419 -0.9598959515639351 0.672462671053983 -0.2 0.5
-0.031505917286963614 0.1397317413641942 -0.9564477492439116 0.6721137072451082 -0.2 0.5
-0.03308276154490031 0.1394421764216949 -0.953146340972608 0.6717716116470464 -0.2 0.5
-0.034719611127578265 0.1393487566282894 -0.950002617127098 0.671426909969457 -0.2 0.5
-0.036387896739318304 0.1394745751460735 -0.9470225782398558 0.6710694340036435 -0.2 0.5
-0.03807866910100821 0.1398574745951468 -0.9442093679137876 0.6706887119519054 -0.2 0.5
-0.03979935694059966 0.140548005083516 -0.9415652348238884 0.6702744824352512 -0.2 0.5
-0.0415685385735598 0.1416055461985328 -0.9390931705179484 0.6698173134505032 -0.2 0.5
-0.04340952468077641 0.1430927653534163 -0.9367980243753044 0.6693092854479055 -0.2 0.5
-0.04534373087608068 0.1450688105719726 -0.934686976843382 0.6687446747980215 -0.2 0.5
-0.047384884998363797 0.1475818473335639 -0.93276934993099 0.6681205556183427 -0.2 0.5
-0.04042501275312027 0.1506617282610438 -0.9310558384308264 0.6674372313248661 -0.0999999999999999 0.5
-0.04267285190281411 0.1543136975375327 -0.9295573397061384 0.6666984186006393 -0.0999999999999999 0.5
-0.044994893095482436 0.1585140324605967 -0.9282836248964198 0.665911137487478 -0.0999999999999999 0.5
-0.04735875279619939 0.1632083761628034 -0.927242114205968 0.6650853059964659 -0.0999999999999999 0.5
-0.04972820756749652 0.168313217583729 -0.926436989485588 0.6642330833532053 -0.0999999999999999 0.5
-0.05206903575978861 0.1737205700927571 -0.9258688102423376 0.6633680400729421 -0.0999999999999999 0.5
-0.05435477872435146 0.1793054625944065 -0.9255347138183164 0.6625042490298575 -0.0999999999999999 0.5
-0.056571569602296146 0.184935465814341 -0.9254291916907516 0.6616553903580875 -0.0999999999999999 0.5
-0.058721251680117215 0.1904811926176461 -0.9255453486509811 0.6608339496249529 -0.0999999999999999 0.5
-0.06082214012524734 0.1958265700897553 -0.9258764738189929 0.6600505690338972 -0.0999999999999999 0.5
-0.06290700130888838 0.2008776958376208 -0.9264176878315176 0.6593135896667565 -0.0999999999999999 0.5
-0.06501813651480837 0.2055692550183355 -0.9271673879624064 0.6586288018991047 -0.0999999999999999 0.5
-0.06719983445288014 0.2098677699197893 -0.9281282016138872 0.6579994029996409 -0.0999999999999999 0.5
-0.0694888744757638 0.2137713555505887 -0.9293071850591752 0.6574261460646349 -0.0999999999999999 0.5
-0.07190421385157242 0.217306118853413 -0.9307150725067516 0.6569076526072097 -0.0999999999999999 0.5
-0.0744374414198401 0.2205197950625687 -0.9323644938919088 0.6564408517946512 -0.0999999999999999 0.5
-0.07704590225016017 0.2234735781630746 -0.9342672380338928 0.6560215015414912 -0.0999999999999999 0.5
-0.07965042323828442 0.2262332992501879 -0.9364308282589088 0.6556447400855371 -0.0999999999999999 0.5
-0.0821391794800963 0.2288610970744005 -0.9388548705827372 0.655305612803613 -0.0999999999999999 0.5
-0.08437840349525993 0.231408522671123 -0.9415277885307468 0.6549995202831639 -0.0999999999999999 0.5
-0.08622940667849854 0.2339116885788291 -0.9444246288802728 0.6547225416435681 -0.0999999999999999 0.5
-0.08756993109671818 0.2363887005895707 -0.9475065695481226 0.6544716019205827 -0.0999999999999999 0.5
-0.088316497170432 0.2388392768503422 -0.9507225626577944 0.6542444726328772 -0.0999999999999999 0.5
-0.08844355240809176 0.2412462162598767 -0.9540132123748376 0.6540396177867731 -0.0999999999999999 0.5
-0.0879952026768227 0.2435782395249275 -0.9573165676156468 0.6538559201571962 -0.0999999999999999 0.5
-0.08708626105083828 0.245793681616976 -0.960575087883329 0.6536923410587268 -0.0999999999999999 0.5
-0.0858911495774517 0.2478445468659387 -0.9637427139884128 0.6535475775209865 -0.0999999999999999 0.5
-0.08462151268851636 0.2496805295962086 -0.966790828946158 0.6534197813887638 -0.0999999999999999 0.5
-0.08349578348605169 0.2512527313542426 -0.9697119802150096 0.6533063946786347 -0.0999999999999999 0.5
-0.08270580978664843 0.2525169406488419 -0.9725205585636147 0.6532041356924521 -0.0999999999999999 0.5
-0.08238649794460096 0.253436448442686 -0.9752501395422796 0.653109143979961 -0.0999999999999999 0.5
-0.08259405348586601 0.2539844244591416 -0.9779477893367396 0.6530172639512645 -0.0999999999999999 0.5
-0.08329685924875818 0.2541458688622079 -0.9806661946853262 0.652924422076047 -0.0999999999999999 0.5
-0.08438063471973178 0.2539190992825167 -0.983454880610202 0.6528270358193726 -0.0999999999999999 0.5
-0.08566677154830393 0.2533166669021329 -0.9863519440821752 0.6527223866946951 -0.0999999999999999 0.5
-0.08694025626653223 0.2523655482086256 -0.9893776212370056 0.6526088958045138 -0.0999999999999999 0.5
-0.08798193550412448 0.2511064492957558 -0.9925306468636588 0.6524862566923084 -0.0999999999999999 0.5
-0.08859940502335628 0.2495920904822598 -0.9957878404140712 0.6523554043050476 -0.0999999999999999 0.5
-0.08865152954396271 0.2478844057413723 -0.9991067809164068 0.6522183261372085 -0.0999999999999999 0.5
-0.08806322519449461 0.2460506910888351 -1.002430933870803 0.6520777473472935 -0.0999999999999999 0.5
-0.08682922176994623 0.2441588696057339 -1.0056962563902525 0.6519367412730287 -0.0999999999999999 0.5
-0.08500761005467483 0.242272203266452 -1.0088381785672471 0.6517983268444253 -0.0999999999999999 0.5
-0.08270562391519132 0.2404439509866958 -1.0117979395727146 0.6516651131494705 -0.0999999999999999 0.5
-0.08006100495651758 0.2387126061649919 -1.0145275019642337 0.6515390394696416 -0.0999999999999999 0.5
-0.07722241158284682 0.2370983929246194 -1.0169926024598854 0.6514212394010275 -0.0999999999999999 0.5
-0.07433182116044712 0.2356016173231936 -1.01917384361817 0.6513120345005426 -0.0999999999999999 0.5
-0.07151097177974908 0.2342032532468682 -1.0210660257342148 0.6512110408163668 -0.0999999999999999 0.5
-0.06885286289974424 0.2328678309151003 -1.0226761229121897 0.6511173546228742 -0.0999999999999999 0.5
-0.057308397943762746 0.2315483543839174 -1.024020409202164 0.6510297743288137 0.0 0.5
-0.055127527338709736 0.2301926718439511 -1.0251212489965404 0.6509470149798827 0.0 0.5
-0.0532037923159967 0.2287505113230473 -1.0260040017304115 0.6508678795162751 0.0 0.5
-0.05152098731759258 0.2271803014122861 -1.0266943809620113 0.6507913645772315 0.0 0.5
-0.05005070688157476 0.2254549259069635 -1.0272164796937706 0.6507166942710255 0.0 0.5
-0.048759742077426615 0.2235657029016727 -1.0275915503819282 0.6506432890350095 0.0 0.5
-0.04761655804008669 0.2215241141233998 -1.027837524589671 0.6505706860727329 0.0 0.5
-0.04659634105889765 0.2193611111476426 -1.0279691803936797 0.65049843233018 0.0 0.5
-0.04568430641281429 0.217124151427696 -1.0279988144995695 0.6504259713634916 0.0 0.5
-0.044877114973451704 0.214872416265114 -1.027937245140851 0.6503525431117051 0.0 0.5
-0.0441823922567286 0.2126708815031391 -1.0277949566381963 0.650277111763584 0.0 0.5
-0.04361649935998635 0.2105840144991847 -1.0275831958638693 0.6501983324211378 0.0 0.5
-0.04320086839544768 0.2086698512120981 -1.027314845799868 0.6501145625519605 0.0 0.5
-0.04295736671503958 0.2069750852525765 -1.0270049326394128 0.6500239195602675 0.0 0.5
-0.04290326723387805 0.2055316149045165 -1.0266706693109169 0.6499243814882995 0.0 0.5
-0.04304645175005728 0.2043547853128141 -1.0263309960343048 0.6498139241442472 0.0 0.5
-0.0433814522832332 0.2034433589901616 -1.0260056412093106 0.6496906849468642 0.0 0.5
-0.043886853373318324 0.2027810622624351 -1.025713786437634 0.6495531415619896 0.0 0.5
-0.04452445060143084 0.202339398881729 -1.025472471774966 0.6494002921132641 0.0 0.5
-0.04524039254499401 0.2020813090541141 -1.025294916835109 0.6492318233663696 0.0 0.5
-0.04596832579699006 0.201965197718371 -1.0251889560896086 0.6490482536449576 0.0 0.5
-0.04663432453496874 0.2019488688116576 -1.0251557886693077 0.6488510382700828 0.0 0.5
-0.04716314624840123 0.2019929778123535 -1.0251892211228046 0.6486426270802278 0.0 0.5
-0.047485160911910906 0.2020637327270517 -1.0252755357476449 0.6484264660990953 0.0 0.5
-0.047543193633987624 0.2021347036570119 -1.025394051838836 0.6482069385981889 0.0 0.5
-0.04729851463001866 0.2021877151907257 -1.0255183712022349 0.6479892443578225 0.0 0.5
-0.04673529704048773 0.2022128798615892 -1.0256182226652368 0.6477792192775423 0.0 0.5
-0.04586302747218607 0.2022078869823035 -1.0256617523692857 0.6475831001658195 0.0 0.5
-0.04471657671872409 0.2021767001774737 -1.0256180551165044 0.6474072415825127 0.0 0.5
-0.043353890308204246 0.2021278466658573 -1.0254597127883769 0.6472577932461813 0.0 0.5
-0.041851509014796395 0.2020725004855908 -1.0251651018191974 0.6471403478847283 0.0 0.5
-0.04029835981022023 0.2020225634423646 -1.0247202527206771 0.6470595706907017 0.0 0.5
-0.03878845848014345 0.201988927535813 -1.0241200887016992 0.6470188229974658 0.0 0.5
-0.03741331021756 0.201980066203959 -1.0233689345497137 0.6470197945672669 0.0 0.5
-0.03625483995810086 0.2020010623775952 -1.0224802655714698 0.6470621611029663 0.0 0.5
-0.035379607588674755 0.2020531522459412 -1.02147574956728 0.6471432864090575 0.0 0.5
-0.03483488472444396 0.2021338476255773 -1.0203837103261475 0.6472579919350422 0.0 0.5
-0.034646925176708976 0.2022376857121388 -1.019237198798592 0.647398419748025 0.0 0.5
-0.03482148202267776 0.202357624059288 -1.018071891316263 0.6475540175338915 0.0 0.5
-0.035346344634323845 0.2024870373029719 -1.0169240395185308 0.6477116749588689 0.0 0.5
-0.03619541773737245 0.2026221822071225 -1.0158286739819633 0.6478560382337939 0.0 0.5
-0.03733366088243262 0.2027648967895949 -1.0148182157557006 0.6479700225734597 0.0 0.5
-0.03872208597546223 0.2029252122490421 -1.013921581843944 0.648035529454609 0.0 0.5
-0.04032202025344045 0.2031235030644539 -1.0131637904414903 0.6480343568540053 0.0 0.5
-0.042097999540382514 0.2033917907226531 -1.0125659924668344 0.6479492664902968 0.0 0.5
-0.04401893595249451 0.2037738531624992 -1.0121457924208728 0.6477651441921031 0.0 0.5
-0.04605755507916642 0.2043238779026863 -1.0119176860161223 0.647470161236193 0.0 0.5
-0.048188449786590315 0.205103535201126 -1.011893441524039 0.6470568210198913 0.0 0.5
-0.04127536650609942 0.2061775358671342 -1.0120822865026982 0.6465227636276366 0.0999999999999999 0.5
-0.04350845938043468 0.2076079575219126 -1.012490823153308 0.6458712088433628 0.0999999999999999 0.5
-0.04574220645614746 0.2094478338239574 -1.0131226690913515 0.6451109527850196 0.0999999999999999 0.5
-0.04793452446402169 0.2117346586288371 -1.0139778897369662 0.6442558939254766 0.0999999999999999 0.5
-0.05003740769313758 0.214484535745777 -1.0150523421833684 0.6433241370211807 0.0999999999999999 0.5
-0.05199919220304272 0.217687703984631 -1.016337082952682 0.6423367856843855 0.0999999999999999 0.5
-0.05376832480132876 0.2213060903301437 -1.0178180021729863 0.6413165684374358 0.0999999999999999 0.5
-0.05529831541681629 0.2252733863088617 -1.0194758346531192 0.640286446270151 0.0999999999999999 0.5
-0.056553390155789085 0.229497901969297 -1.0212866661948008 0.6392683297075682 0.0999999999999999 0.5
-0.05751423000239786 0.2338681454178952 -1.0232230052103797 0.6382819993424769 0.0999999999999999 0.5
-0.05818304988388645 0.2382607377271527 -1.0252554282106194 0.6373442836228561 0.0999999999999999 0.5
-0.05858714921797015 0.2425499443676058 -1.027354733199008 0.6364685095243584 0.0999999999999999 0.5
-0.058780004254006535 0.2466178307252624 -1.029494448120805 0.6356642127578953 0.0999999999999999 0.5
-0.05883906276494821 0.2503638831701633 -1.0316534485462057 0.6349370777120628 0.0999999999999999 0.5
-0.05885971143841262 0.2537129323343368 -1.0338183548227005 0.6342890719616737 0.0999999999999999 0.5
-0.05894540538953219 0.256620405645595 -1.0359853259665417 0.6337187414303667 0.0999999999999999 0.5
-0.05919460554414835 0.2590743062724464 -1.0381608665054949 0.6332216359285687 0.0999999999999999 0.5
-0.05968589577751038 0.2610937917075912 -1.0403613270599097 0.6327908385245399 0.0999999999999999 0.5
-0.06046335937117009 0.2627247030313051 -1.0426109166376607 0.6324175747286178 0.0999999999999999 0.5
-0.06152480780592384 0.2640327808202561 -1.0449382525747777 0.6320918774607592 0.0999999999999999 0.5
-0.06281555859879884 0.2650955338932377 -1.04737173335537 0.6318032808650331 0.0999999999999999 0.5
-0.06422999583737266 0.2659937799837302 -1.04993428921525 0.6315415115056745 0.0999999999999999 0.5
-0.06562206428945005 0.2668037684381106 -1.0526382887989871 0.6312971415474492 0.0999999999999999 0.5
-0.06682423981887009 0.2675905699357001 -1.055481495227932 0.6310621674996032 0.0999999999999999 0.5
-0.06767266752606194 0.2684031387561814 -1.058444919209819 0.630830481558146 0.0999999999999999 0.5
-0.06803449892115232 0.2692711801458634 -1.0614931859624253 0.6305982105258898 0.0999999999999999 0.5
-0.06783245555671558 0.2702037361231399 -1.0645776358545405 0.6303639081258464 0.0999999999999999 0.5
-0.06706163222725214 0.2711892663483874 -1.067641881410212 0.6301285976691218 0.0999999999999999 0.5
-0.06579463470635982 0.2721969552139816 -1.0706290446329372 0.6298956707181911 0.0999999999999999 0.5
-0.0641732066656564 0.2731790095704846 -1.0734895081035731 0.6296706514207124 0.0999999999999999 0.5
-0.06238716716950421 0.2740737931692913 -1.0761878287701387 0.629460834507155 0.0999999999999999 0.5
-0.06064414170018573 0.2748097352436668 -1.0787075454870891 0.6292747980266797 0.0999999999999999 0.5
-0.05913558376694272 0.2753100147404401 -1.0810529596571077 0.6291217822683144 0.0999999999999999 0.5
-0.05800549576292502 0.2754980322907777 -1.083247518033802 0.6290109183033936 0.0999999999999999 0.5
-0.05732784078219311 0.2753036298120407 -1.0853290676100944 0.6289502881444965 0.0999999999999999 0.5
-0.057096927519981744 0.2746699102402388 -1.0873428516883137 0.6289458079672071 0.0999999999999999 0.5
-0.057232411131236116 0.2735603652212912 -1.0893335444403118 0.628999948701556 0.0999999999999999 0.5
-0.057597609411801365 0.2719658583080271 -1.0913377855534354 0.6291103441466093 0.0999999999999999 0.5
-0.05802728165684723 0.2699108590503282 -1.0933785464946155 0.6292683817087591 0.0999999999999999 0.5
-0.05835941088033758 0.2674582072333341 -1.0954622746603002 0.6294579180123052 0.0999999999999999 0.5
-0.05846512767733181 0.2647116393890189 -1.097579215748334 0.6296543021298444 0.0999999999999999 0.5
-0.05827167129853317 0.2618153651703119 -1.099706728516067 0.6298239134180222 0.0999999999999999 0.5
-0.057774946248414505 0.258950162714855 -1.1018148956459204 0.6299244196461177 0.0999999999999999 0.5
-0.057040386000293264 0.2563257707034441 -1.1038733902707618 0.6299059266149879 0.0999999999999999 0.5
-0.056192964672312495 0.2541697636019693 -1.105858428870791 0.6297131186389852 0.0999999999999999 0.5
-0.0553988773772951 0.2527135547692853 -1.1077587253380223 0.6292883814604696 0.0999999999999999 0.5
-0.054842436538105055 0.2521766123359552 -1.1095796130757518 0.6285757632744752 0.0999999999999999 0.5
-0.05470205647842841 0.2527503231016388 -1.1113448567295623 0.6275254802252029 0.0999999999999999 0.5
-0.055128860565643034 0.2545831417184416 -1.113096062377405 0.6260985315768275 0.0999999999999999 0.5
-0.05623058868629682 0.2577686799772171 -1.1148899484339694 0.6242708847722206 0.0999999999999999 0.5
-0.04895232695000917 0.2623381984945727 -1.116794007302599 0.6220366545378399 0.1999999999999999 0.5
-0.05151434783960296 0.2682585338480698 -1.1188812399976 0.6194097658759343 0.1999999999999999 0.5
-0.0547562542952873 0.2754358266092062 -1.1212246747815604 0.6164237758676859 0.1999999999999999 0.5
-0.058585865634253054 0.2837245944606511 -1.1238923002110892 0.6131298103421113 0.1999999999999999 0.5
-0.06288096838120039 0.292940910162677 -1.1269428867745146 0.6095928755160629 0.1999999999999999 0.5
-0.06750213363789559 0.3028779087891131 -1.1304229836126347 0.605887042771376 0.1999999999999999 0.5
-0.07230512386922072 0.3133216770154616 -1.1343651969764244 0.6020901221064179 0.1999999999999999 0.5
-0.07715181996312381 0.3240657473666202 -1.1387877093633465 0.5982784345237449 0.1999999999999999 0.5
-0.0819190074806686 0.3349228267508085 -1.143694891359659 0.5945221982644519 0.1999999999999999 0.5
-0.08650472407689014 0.3457329159511796 -1.149078792107726 0.5908818980509107 0.1999999999999999 0.5
-0.09083213593028328 0.3563675335682644 -1.154921264515415 0.5874058427222677 0.1999999999999999 0.5
-0.09485106342843608 0.3667302695667475 -1.1611964781084434 0.5841289597383635 0.1999999999999999 0.5
-0.09853734484429166 0.3767542965409359 -1.167873584451287 0.5810727432861309 0.1999999999999999 0.5
-0.10189024313410178 0.3863977174216092 -1.1749193189357163 0.5782461763383523 0.1999999999999999 0.5
-0.10492814395222538 0.3956377100110828 -1.1823003432491266 0.5756473894723363 0.1999999999999999 0.5
-0.10768295699191466 0.4044643607968495 -1.1899851576443492 0.5732657978815141 0.1999999999999999 0.5
-0.11019384800609489 0.412874918256611 -1.1979454533435407 0.5710844637353606 0.1999999999999999 0.5
-0.11250100914085293 0.4208689991817203 -1.2061568381441503 0.5690824545177432 0.1999999999999999 0.5
-0.11464008310381857 0.4284450830461748 -1.2145989390582357 0.567237005357801 0.1999999999999999 0.5
-0.11663769662574541 0.4355984407913383 -1.2232549473686176 0.5655253425228083 0.1999999999999999 0.5
-0.11850838466483715 0.4423204735604842 -1.2321107170311922 0.5639260809612314 0.1999999999999999 0.5
-0.12025301938139332 0.4485992889520866 -1.241153555497676 0.5624201647775949 0.1999999999999999 0.5
-0.12185872731783176 0.4544212222614368 -1.2503708574358154 0.5609913706861707 0.1999999999999999 0.5
-0.12330016291797419 0.459772929522586 -1.2597487301675987 0.5596264366026161 0.1999999999999999 0.5
-0.12454189393039883 0.4646436492385009 -1.2692707464593962 0.5583149078699341 0.1999999999999999 0.5
-0.1255415825174344 0.4690272524835547 -1.2789169358524362 0.5570488110114382 0.1999999999999999 0.5
-0.12625361709057037 0.4729237680580181 -1.2886630941041797 0.5558222687449942 0.1999999999999999 0.5
-0.12663285637995347 0.4763401616033842 -1.2984804558132368 0.5546311607220854 0.1999999999999999 0.5
-0.12663820217359678 0.4792902430369771 -1.3083357414512322 0.5534729137702578 0.1999999999999999 0.5
-0.12623578611442587 0.4817936638091598 -1.318191561668592 0.5523464754023704 0.1999999999999999 0.5
-0.1254016143154879 0.483874046398061 -1.3280071402800346 0.5512524877212441 0.1999999999999999 0.5
-0.12412358395700096 0.4855563714679521 -1.3377393017115835 0.5501936389827053 0.1999999999999999 0.5
-0.12240284200112139 0.4868638384954345 -1.3473436601072837 0.5491751303538835 0.1999999999999999 0.5
-0.12025446374638094 0.487814507102546 -1.356775944307396 0.5482051595037513 0.1999999999999999 0.5
-0.11770740945299618 0.4884181014510086 -1.365993390682034 0.5472952947245341 0.1999999999999999 0.5
-0.11480368502207572 0.488673402011408 -1.3749561316273338 0.5464605971455805 0.1999999999999999 0.5
-0.11159664890578291 0.4885666514327351 -1.3836285001295414 0.5457193476297537 0.1999999999999999 0.5
-0.10814858215551837 0.4880713681278942 -1.3919801650201198 0.5450922514899446 0.1999999999999999 0.5
-0.10452790033816939 0.4871498998883496 -1.3999870232356717 0.544601028652638 0.1999999999999999 0.5
-0.10080650550576387 0.4857569621864829 -1.4076318132694887 0.5442663485966073 0.1999999999999999 0.5
-0.09705769552102339 0.4838452837209931 -1.4149044638200652 0.5441051373947718 0.1999999999999999 0.5
-0.09335489205831493 0.4813733119212893 -1.4218022333721676 0.5441273660396829 0.1999999999999999 0.5
-0.08977127671702778 0.4783147078241315 -1.4283297225779992 0.5443325192977526 0.1999999999999999 0.5
-0.0863802326960994 0.4746690956973848 -1.434498850249702 0.5447060340669826 0.1999999999999999 0.5
-0.08325630763322378 0.4704732584807881 -1.440328873519312 0.5452160750577588 0.1999999999999999 0.5
-0.08047625730429608 0.4658117246340461 -1.4458465042826345 0.5458110714947214 0.1999999999999999 0.5
-0.07811960902059267 0.4608255139780044 -1.4510861300130642 0.5464184587375838 0.1999999999999999 0.5
-0.07626813987081649 0.4557177317462982 -1.4560900909151235 0.546945041421787 0.1999999999999999 0.5
-0.07500372737652583 0.4507547474915966 -1.4609089049022053 0.547279310686207 0.1999999999999999 0.5
-0.07440423552171893 0.4462618941447588 -1.465601277639858 0.5472959025011743 0.1999999999999999 0.5
-0.07453749931264131 0.4426129947531907 -1.47023370119203 0.5468621787625406 0.1999999999999999 0.5
-0.07545399608528403 0.4402135778641487 -1.474879451123294 0.545846657992173 0.1999999999999999 0.5
-0.07717925063801534 0.4394783594770733 -1.4796168507318226 0.5441287390650646 0.1999999999999999 0.5
-0.0797072930259235 0.4408043956048352 -1.4845267757956242 0.5416088822141772 0.1999999999999999 0.5
-0.08299654182262195 0.4445421392783802 -1.4896895050982166 0.5382181819144578 0.1999999999999999 0.5
-0.08696925395949906 0.4509673089323208 -1.495181159280479 0.5339261435662018 0.1999999999999999 0.5
-0.08240510308872517 0.4602567918608019 -1.5010700846764289 0.5287455266943953 0.3 0.5
-0.08738861473217785 0.4724715753901303 -1.5074135949853014 0.5227333995616946 0.3 0.5
-0.09265937577677352 0.4875488492125517 -1.5142554564585191 0.5159880667299646 0.3 0.5
-0.09806346839750679 0.505304134473779 -1.5216243940361964 0.5086421799044101 0.3 0.5
-0.10345456774967676 0.5254429609609252 -1.529533740875947 0.5008529339412793 0.3 0.5
-0.10870343370894986 0.5475805845714787 -1.5379821976509147 0.4927906161165865 0.3 0.5
-0.1137049371399046 0.5712676166651687 -1.5469555410218097 0.484626865603154 0.3 0.5
-0.11838220324357662 0.5960191375765903 -1.5564290347358 0.4765238621083319 0.3 0.5
-0.12268784001381317 0.6213447832289012 -1.5663702550601577 0.468625381424567 0.3 0.5
-0.12660248656070738 0.6467773771832098 -1.576742039061539 0.4610503095611288 0.3 0.5
-0.1301310760580754 0.6718979232739091 -1.5875052877176097 0.4538888589818492 0.3 0.5
-0.13329728614422276 0.6963551733795884 -1.5986213953234172 0.4472014225829097 0.3 0.5
-0.13613670584065707 0.7198785067635664 -1.6100541239378394 0.4410197588467533 0.3 0.5
-0.1386893524353905 0.7422834492824356 -1.621770794521905 0.4353500374240812 0.3 0.5
-0.14099229690792248 0.7634697886759727 -1.633742729765444 0.430177187527397 0.3 0.5
-0.14307325276919247 0.7834128872922502 -1.6459449594562363 0.4254699736832856 0.3 0.5
-0.1449460214853482 0.8021494317998645 -1.6583552847331555 0.4211862625911463 0.3 0.5
-0.14660857806293892 0.8197594423040812 -1.6709528868816903 0.4172780254222055 0.3 0.5
-0.14804431182213085 0.836346792468036 -1.6837167446879842 0.4136957267076927 0.3 0.5
-0.1492266312258117 0.8520206413169864 -1.6966241758701972 0.4103918699873748 0.3 0.5
-0.15012674376020607 0.8668799651882616 -1.7096498389927783 0.4073235852945334 0.3 0.5
-0.15072372173835058 0.8810028090366677 -1.722765513368799 0.4044542418293528 0.3 0.5
-0.15101504364968932 0.8944410383020666 -1.735940885542634 0.4017541493221465 0.3 0.5
-0.15102504792867455 0.9072204330083852 -1.7491453899076028 0.399200476436659 0.3 0.5
-0.150808502847406 0.9193451284554456 -1.7623508947004702 0.3967765631134252 0.3 0.5
-0.15044707416299596 0.9308048317275036 -1.7755347449852108 0.3944708333789038 0.3 0.5
-0.15003804024208645 0.9415830098039468 -1.7886824524015104 0.3922755235229332 0.3 0.5
-0.14967682350707445 0.9516643671178936 -1.801789256425719 0.3901854241322792 0.3 0.5
-0.14943696585228539 0.9610403561183952 -1.8148599387764264 0.388196792897482 0.3 0.5
-0.14935240292312857 0.969712075097575 -1.8279066353616549 0.3863065363307038 0.3 0.5
-0.1494069565449352 0.977690557631361 -1.8409448756539677 0.3845116947778052 0.3 0.5
-0.14953468342565612 0.9849950157163928 -1.8539885713084612 0.3828092070949616 0.3 0.5
-0.14963219281218132 0.9916499548320092 -1.8670450396510267 0.3811958881115459 0.3 0.5
-0.14958084332833632 0.9976821611497658 -1.8801112589322448 0.379668530394227 0.3 0.5
-0.14927372945443995 1.0031183666382577 -1.8931723432650784 0.3782240437460234 0.3 0.5
-0.14864053777245534 1.0079840112593423 -1.9062027162105224 0.376859567499624 0.3 0.5
-0.1476634218495465 1.012303091033677 -1.919169769987768 0.3755725236735006 0.3 0.5
-0.14637913862649565 1.0160987587378252 -1.9320391121727225 0.3743606128313061 0.3 0.5
-0.14486632069590888 1.0193942170430563 -1.944780026035372 0.3732217796287715 0.3 0.5
-0.14322097306862736 1.0222135033175568 -1.9573696581049629 0.3721541852960923 0.3 0.5
-0.14152682117288373 1.0245819328937915 -1.9697947554118256 0.3711562169452251 0.3 0.5
-0.1398289083531612 1.0265261462210007 -1.982050437529114 0.3702265408781872 0.3 0.5
-0.13811831455198487 1.0280738263957263 -1.99413632836443 0.3693641766331045 0.3 0.5
-0.13633305831045828 1.0292532024375511 -2.0060511598196284 0.3685685410168698 0.3 0.5
-0.13437576079679214 1.0300924581010025 -2.0177874656506742 0.3678393978609586 0.3 0.5
-0.13214373152848236 1.0306191604903263 -2.0293280417303534 0.36717665791609 0.3 0.5
-0.12956328541971374 1.0308598192069962 -2.0406454148832016 0.3665800060173748 0.3 0.5
-0.12661859549748744 1.0308396704810563 -2.051704743425173 0.3660483833258865 0.3 0.5
-0.12336679584598276 1.0305827316604008 -2.0624696029749217 0.3655794080356602 0.3 0.5
-0.11993485197904885 1.030112091631042 -2.07290928255952 0.3651688618009863 0.3 0.5
-0.11649856072956322 1.0294503225642495 -2.0830057677574247 0.3648103870834476 0.3 0.5
-0.11324855740983963 1.02861985421678 -2.092758623830381 0.3644955258717601 0.3 0.5
-0.11035137525325034 1.0276431571773004 -2.102186479571365 0.3642141840546294 0.3 0.5
-0.1079146975484857 1.026542616614303 -2.11132461709669 0.3639555359152306 0.3 0.5
-0.10596474158050206 1.0253400082079256 -2.1202190868515385 0.3637093028726717 0.3 0.5
-0.10444067423331482 1.0240554922047842 -2.1289185610095887 0.3634672654103352 0.3 0.5
-0.10320695836687488 1.0227060347063135 -2.13746562843292 0.3632248107328516 0.3 0.5
-0.10208053142821694 1.0213031942541893 -2.1458893242696075 0.3629822893602589 0.3 0.5
-0.10086660760395993 1.0198503254833728 -2.154200377412429 0.3627459542295376 0.3 0.5
-0.09939532915586025 1.0183394631343314 -2.162390038172825 0.3625282841322203 0.3 0.5
-0.09755180489380066 1.0167484160948863 -2.170432571088411 0.3623475444782831 0.3 0.5
-0.09529414300685879 1.0150388353854416 -2.178290751577791 0.3622265054083358 0.3 0.5
-0.09265719922599391 1.0131561306858103 -2.185923165878477 0.3621903127050526 0.3 0.5
-0.08974290274274654 1.0110320452987376 -2.1932918858010764 0.3622635847616491 0.3 0.5
-0.08670044925008114 1.0085904631631462 -2.200369176075351 0.3624668854935684 0.3 0.5
-0.0837010506460878 1.0057566516612564 -2.207142221000359 0.3628127966986769 0.3 0.5
-0.08091220957686662 1.0024696820753003 -2.213615326064968 0.3633018820836394 0.3 0.5
-0.07847574976963312 0.9986972507906268 -2.2198095470226544 0.3639188954589457 0.3 0.5
-0.07649243285653196 0.9944515888300262 -2.2257601219996177 0.3646296314388471 0.3 0.5
-0.07501435724287298 0.9898046591352307 -2.231512365285271 0.3653788395812257 0.3 0.5
-0.07404480949289916 0.9849004979743808 -2.237116801009558 0.366089611495907 0.3 0.5
-0.07354406214509446 0.9799624726780995 -2.242624281958848 0.366664594340496 0.3 0.5
-0.07343892793761242 0.9752934885500878 -2.2480816881733574 0.3669892752128261 0.3 0.5
-0.07363376240970165 0.971267799219424 -2.2535285809671186 0.3669374159133756 0.3 0.5
-0.07402100988119109 0.9683139911414572 -2.2589949572080887 0.3663784998676027 0.3 0.5
-0.07449010246252996 0.9668898030594514 -2.264500058196208 0.3651867950806464 0.3 0.5
-0.07493429985744093 0.9674505680793508 -2.2700520684424608 0.3632513620765187 0.3 0.5
-0.07525571529816588 0.9704140972409278 -2.275648498428205 0.3604860793347466 0.3 0.5
-0.07536914464751465 0.9761256252743988 -2.2812770699580214 0.3568385694537869 0.3 0.5
-0.0660952888461086 0.9848268572572118 -2.286916984422773 0.3522968489807575 0.4 0.5
-0.06560358485717455 0.9966330045851292 -2.2925405133073835 0.3468926624905102 0.4 0.5
-0.06475437672269546 1.0115208295294718 -2.298114871793101 0.3407008429862842 0.4 0.5
-0.0635399006743631 1.0293291824651638 -2.30360430946537 0.3338346280299585 0.4 0.5
-0.061973695799428796 1.0497716777874244 -2.3089722995328064 0.3264375007962896 0.4 0.5
-0.060088416212304985 1.0724595209982344 -2.314183669112749 0.3186726221810245 0.4 0.5
-0.057932331700731865 1.0969314155757406 -2.3192065107339794 0.3107111600913722 0.4 0.5
-0.055564947840403 1.122687013819223 -2.3240137439040525 0.3027208105042294 0.4 0.5
-0.053052184137163394 1.1492204312673855 -2.3285842386880926 0.2948556125398576 0.4 0.5
-0.05046150207963507 1.1760507697588864 -2.332903457101809 0.2872478678952876 0.4 0.5
-0.04785735481116049 1.2027472609255077 -2.336963607309772 0.2800026482601495 0.4 0.5
-0.04529732074645132 1.2289474684186816 -2.340763342790888 0.2731950512117936 0.4 0.5
-0.04282920526455403 1.2543678897915853 -2.344307074865533 0.2668700712764201 0.4 0.5
-0.04048925346495924 1.278807149986492 -2.3476039953919883 0.2610447170445927 0.4 0.5
-0.0383014852771435 1.3021426602481632 -2.350666920738484 0.255711849511363 0.4 0.5
-0.036278060678869295 1.3243220796473707 -2.3535110692661982 0.2508451438935534 0.4 0.5
-0.0344204968008377 1.3453511623903314 -2.356152875334085 0.2464045766814857 0.4 0.5
-0.03272150816521435 1.3652796269680592 -2.3586089250141686 0.2423418964841662 0.4 0.5
-0.031167230920710054 1.384186582584223 -2.36089507583069 0.2386056333358345 0.4 0.5
-0.02973959790977254 1.4021668310946531 -2.3630257989227608 0.235145319727187 0.4 0.5
-0.028418638867222512 1.419319058639768 -2.365013758713738 0.2319147240100662 0.4 0.5
-0.02718449261629896 1.435736573970858 -2.36686962260046 0.22887402073828 0.4 0.5
-0.026018959451810098 1.4515008742934845 -2.3686020718620897 0.2259909333114048 0.4 0.5
-0.024906512902735933 1.466677965567699 -2.3702179678072706 0.2232409740505011 0.4 0.5
-0.023834796199024844 1.4813170915341494 -2.371722619097544 0.2206069666002057 0.4 0.5
-0.022794689615746044 1.4954513741961282 -2.3731200987174463 0.2180780609704461 0.4 0.5
-0.021780049344788388 1.5090998223476468 -2.374413567679021 0.215648448648395 0.4 0.5
-0.02078722641285058 1.5222701828295278 -2.3756055726134995 0.2133159640969253 0.4 0.5
-0.019814479661035556 1.5349621656395829 -2.3766982952547844 0.2110807262394546 0.4 0.5
-0.018861380717485332 1.547170654262956 -2.377693743220888 0.2089439340635371 0.4 0.5
-0.01792827760566773 1.5588886048382096 -2.378593881292636 0.2069068894600671 0.4 0.5
-0.017015857148980906 1.570109436553819 -2.379400709053203 0.2049702819888869 0.4 0.5
-0.016124828997678975 1.5808288147839276 -2.3801162947681007 0.2031337374305868 0.4 0.5
-0.015255736453028135 1.5910458176488516 -2.3807427776678685 0.2013956067012636 0.4 0.5
-0.014408875999771809 1.6007635473842083 -2.381282351313171 0.1997529543072195 0.4 0.5
-0.013584290856312187 1.6099892918805734 -2.381737238913148 0.1982016958983579 0.4 0.5
-0.012781807937130019 1.6187343541814607 -2.382109667998779 0.1967368324778028 0.4 0.5
-0.012001101103198408 1.6270136548722915 -2.382401848792492 0.195352733235589 0.4 0.5
-0.011241765964284944 1.6348451859513802 -2.3826159589028117 0.194043428069106 0.4 0.5
-0.01050338737554668 1.6422493676057008 -2.38275413549924 0.1928028823512635 0.4 0.5
-0.009785587992827693 1.649248345850128 -2.3828184742367946 0.1916252368664648 0.4 0.5
-0.00908806229531045 1.6558652728824637 -2.382811033036077 0.1905050026872663 0.4 0.5
-0.008410606568962642 1.66212361811051 -2.382733839265608 0.1894372052149772 0.4 0.5
-0.007753146666900079 1.668046551820696 -2.382588899922504 0.1884174757215204 0.4 0.5
-0.007115757169695591 1.6736564279411257 -2.382378214589194 0.1874420928139124 0.4 0.5
-0.006498668878278657 1.6789743766753165 -2.3821037903061635 0.1865079797967631 0.4 0.5
-0.005902268094009067 1.68402000728844 -2.381767657193991 0.1856126666263301 0.4 0.5
-0.0053270884620815195 1.688811217249432 -2.381371884003392 0.1847542266038293 0.4 0.5
-0.004773787886604985 1.693364102890908 -2.3809185928496 0.1839311979860323 0.4 0.5
-0.004243104068830661 1.6976929635419635 -2.3804099716382603 0.1831424995913135 0.4 0.5
-0.003735794861778885 1.7018103848098989 -2.379848282045143 0.1823873475586382 0.4 0.5
-0.003252576605912161 1.7057273803285675 -2.379235861531321 0.1816651781698042 0.4 0.5
-0.002794065016291647 1.7094535690007473 -2.378575119191912 0.1809755796182355 0.4 0.5
-0.002360714239411088 1.7129973695868383 -2.377868525693541 0.1803182339263078 0.4 0.5
-0.0019527553578058132 1.7163662037306509 -2.377118597117482 0.1796928689714145 0.4 0.5
-0.0015701482340313433 1.7195667047445131 -2.3763278726532624 0.1790992199961588 0.4 0.5
-0.0012125654336081482 1.7226049277633932 -2.3754988874766654 0.1785369999951662 0.4 0.5
-0.0008794187327243463 1.7254865479665056 -2.374634144020026 0.1780058788392606 0.4 0.5
-0.0005699202945352866 1.7282170242633017 -2.3737360858932983 0.1775054715632834 0.4 0.5
-0.00028315211215268477 1.7308017069338535 -2.3728070779227517 0.1770353359505894 0.4 0.5
-1.811180003752355e-05 1.7332458839275289 -2.371849393133967 0.176594977829152 0.4 0.5
0.00022628307747130094 1.735554782767714 -2.3708652043139704 0.1761838603484666 0.4 0.5
0.00045122030573274685 1.73773355765926 -2.369856576006223 0.1758014126518922 0.4 0.5
0.0006580099583475274 1.7397872862630568 -2.3688254539756497 0.1754470345171498 0.4 0.5
0.0008480574946156949 1.741720983165674 -2.367773652979815 0.1751200958690498 0.4 0.5
0.0010227881203173084 1.7435396211936278 -2.366702847230353 0.174819932011069 0.4 0.5
0.001183544700036343 1.745248147619061 -2.365614568418321 0.1745458361134046 0.4 0.5
0.0013314844358536249 1.746851489016073 -2.3645102139483174 0.1742970503206483 0.4 0.5
0.0014674878681741887 1.7483545480284255 -2.363391065504732 0.1740727565122254 0.4 0.5
0.0015920839405803022 1.7497622004657476 -2.3622583167179143 0.1738720674710711 0.4 0.5
0.0017053932986677012 1.7510792990535105 -2.361113108323856 0.1736940189805733 0.4 0.5
0.0018070940913839095 1.7523106829313555 -2.359956568993989 0.1735375632362992 0.4 0.5
0.0018964111930408478 1.753461185609295 -2.3587898595848507 0.1734015638837424 0.4 0.5
0.0019721246126414016 1.7545356335486564 -2.3576142184655464 0.1732847928873569 0.4 0.5
0.002032597050911633 1.7555388329056305 -2.356431006004282 0.1731859293250408 0.4 0.5
0.002075828306495886 1.7564755490957915 -2.355241746299191 0.1731035601364206 0.4 0.5
0.0020995426265502104 1.7573504874413104 -2.354048163468541 0.1730361828402121 0.4 0.5
0.002101306437469752 1.758168280651211 -2.352852209205886 0.1729822102441694 0.4 0.5
0.0020786682448825644 1.758933482456704 -2.3516560785621388 0.1729399771344429 0.4 0.5
0.0020293149718142445 1.7596505614281126 -2.3504622117376504 0.1729077488438654 0.4 0.5
0.0019512443003577573 1.760323888923109 -2.3492732802404688 0.172883731531945 0.4 0.5
0.0018429488653959325 1.7609577206199674 -2.348092155810433 0.1728660839867963 0.4 0.5
0.0017035980250090788 1.7615561781626927 -2.346921860923893 0.1728529307499536 0.4 0.5
0.0015332007909529821 1.7621232405079947 -2.345765501121392 0.1728423763753912 0.4 0.5
0.0013327373059324188 1.762662751028926 -2.3446261810422966 0.1728325206985035 0.4 0.5
0.0011042439021036188 1.7631784386174092 -2.343506907311703 0.1728214751082383 0.4 0.5
0.0008508290983666456 1.7636739443054403 -2.3424104829214927 0.1728073799463076 0.4 0.5
0.0005765936632329272 1.7641528436934568 -2.341339400011656 0.1727884232704581 0.4 0.5
0.000286436521323985 1.7646186596375777 -2.3402957406453324 0.1727628613214638 0.4 0.5
-1.4245152892833346e-05 1.7650748649848538 -2.3392810969932 0.1727290411302281 0.4 0.5
-0.00031992293524130133 1.7655248772784708 -2.338296521508489 0.1726854257420962 0.4 0.5
-0.0006253191473692965 1.765972044974638 -2.337342513802013 0.1726306224543803 0.4 0.5
-0.0009257535327700239 1.7664196200882452 -2.3364190457167497 0.1725634142443098 0.4 0.5
-0.0012174090496008816 1.7668707097074816 -2.3355256210700266 0.172482794225571 0.4 0.5
-0.0014974813393742181 1.7673282018380605 -2.3346613619749865 0.1723880025308412 0.4 0.5
-0.0017641937866841317 1.7677946687601005 -2.333825110108924 0.172278564506517 0.4 0.5
-0.0020166744762084576 1.7682722589088942 -2.333015529487592 0.1721543285653626 0.4 0.5
-0.0022547005983364343 1.7687625914688 -2.3322311969352127 0.1720155015340202 0.4 0.5
-0.002478329055728423 1.7692666649723447 -2.3314706669950462 0.1718626789468724 0.4 0.5
-0.002687452444098959 1.7697847850935868 -2.330732499900619 0.1716968675302199 0.4 0.5
-0.0028813398616600594 1.7703165123991738 -2.3300152451450287 0.17151949711122 0.4 0.5
-0.003058228219225967 1.770860630994308 -2.3293173791311945 0.1713324194375564 0.4 0.5
-0.003215014675119754 1.7714151428014169 -2.328637201953117 0.1711378918675489 0.4 0.5
-0.0033470794051648767 1.7719772960746851 -2.327972703420629 0.1709385443253425 0.4 0.5
-0.0034482597377571977 1.7725436569653032 -2.327321411361145 0.1707373281747771 0.4 0.5
-0.003510997129061444 1.7731102280800493 -2.3266802373349207 0.1705374460136293 0.4 0.5
-0.003526672381677365 1.7736726104047726 -2.3260453370478267 0.1703422621562426 0.4 0.5
-0.0034861331790692063 1.7742261991846455 -2.3254120042859943 0.1701551948238805 0.4 0.5
-0.003380407902993099 1.774766402888832 -2.324774617603901 0.169979592731809 0.4 0.5
-0.0032015862421408414 1.7752888758262857 -2.3241266583942 0.1698186007290418 0.4 0.5
-0.002943825839669678 1.7757897555772928 -2.323460817018414 0.1696750211875832 0.4 0.5
-0.0026044197542329783 1.7762658931395543 -2.322769199602381 0.1695511797323324 0.4 0.5
-0.002184839762628954 1.776715056883511 -2.322043641577804 0.16944880542343 0.4 0.5
-0.001691659856231098 1.7771360849928506 -2.321276125554067 0.1693689363056136 0.4 0.5
-0.0011372592328751097 1.7775289596838766 -2.3204592915396898 0.1693118610034242 0.4 0.5
-0.0005402030001278035 1.7778947822443765 -2.319587017462977 0.1692771056042027 0.4 0.5
7.478902403601495e-05 1.77823563916432 -2.3186550377629898 0.1692634723575694 0.4 0.5
0.0006773483992805751 1.7785543621060689 -2.317661558860586 0.1692691327503009 0.4 0.5
0.0012324774840744013 1.7788541944419232 -2.316607824020658 0.1692917724681121 0.4 0.5
0.0017021020665275444 1.7791383842296191 -2.31549857627225 0.1693287799449395 0.4 0.5
0.00204714531137018 1.779409730397007 -2.3143423660655973 0.1693774640883674 0.4 0.5
0.00223005765278117 1.779670117905935 -2.31315165153446 0.1694352810145776 0.4 0.5
0.002217675373779038 1.779920088373312 -2.311942645769182 0.1695000450226193 0.4 0.5
0.0019842233386668795 1.7801585016477035 -2.310734878231804 0.1695700963744453 0.4 0.5
0.0015142320649008667 1.780382346314823 -2.309550455897937 0.1696443984144733 0.4 0.5
0.0008051107805329139 1.780586749534324 -2.3084130326914467 0.1697225397512244 0.4 0.5
-0.0001308935160793112 1.7807652192164738 -2.3073465216133933 0.1698046240403373 0.4 0.5
-0.001265608686162878 1.7809101281580348 -2.306373610965001 0.1698910403903608 0.4 0.5
-0.002554931437916963 1.7810134253455074 -2.305514171833617 0.1699821211875335 0.4 0.5
-0.0039400345090845335 1.781067537399598 -2.3047836649774087 0.1700777104472171 0.4 0.5
-0.005349828139014079 1.781066403167178 -2.304191668428317 0.1701766833835172 0.4 0.5
-0.006704619594093408 1.7810065651933904 -2.3037406512422183 0.1702764749163683 0.4 0.5
-0.007920812621922124 1.7808882230879663 -2.3034251132016275 0.1703726890933131 0.4 0.5
-0.008916389737669839 1.7807161388499304 -2.3032311944638195 0.1704588704844788 0.4 0.5
-0.009616833967034388 1.7805002786897184 -2.3031368334375864 0.1705265200709535 0.4 0.5
-0.009961083716505392 1.7802560847746425 -2.3031125168342896 0.1705654297880005 0.4 0.5
-0.009907081712072774 1.7800042947318242 -2.30312262520594 0.1705643900906479 0.4 0.5
-0.009436476647306513 1.779770263012121 -2.303127333377147 0.1705122929565261 0.4 0.5
-0.008558066868848968 1.7795827801511266 -2.3030849810418776 0.1703996091173545 0.4 0.5
-0.007309645488442484 1.7794724281683434 -2.3029547877287624 0.1702201650196841 0.4 0.5
-0.005758011705787602 1.779469549880364 -2.3026997522776065 0.1699730857152825 0.4 0.5
-0.003997034890028672 1.7796019455074787 -2.302289553448185 0.1696647098959332 0.4 0.5
-0.0021437782427513596 1.7798924400928071 -2.301703256937188 0.1693102295218264 0.4 0.5
-0.00033280313090688907 1.7803564864950938 -2.300931634761463 0.1689347670273903 0.4 0.5
0.0012911192877274047 1.7809999760227433 -2.2999789150745533 0.1685735864039749 0.4 0.5
0.002581579632425779 1.7818174183700477 -2.2988638031457804 0.168271148552544 0.4 0.5
0.0034000260535682614 1.7827906251646637 -2.2976196451825377 0.1680787727093275 0.4 0.5
0.003625801677200613 1.783887993156316 -2.2962936425771807 0.1680507583149311 0.4 0.5
0.0031663318465513512 1.7850644432913425 -2.2949450624094605 0.1682389553067415 0.4 0.5
0.0019670656337655856 1.786262040684336 -2.293642429224805 0.1686859404995823 0.4 0.5
2.0763467625251053e-05 1.7874113048655924 -2.2924597226614285 0.1694171530892684 0.4 0.5
-0.002624313852246374 1.7884332206682862 -2.291471646314666 0.1704325472531636 0.4 0.5
-0.005857825074744305 1.7892419735077243 -2.2907480776998903 0.1716985128649626 0.4 0.5
-0.009502980109874493 1.7897484519183038 -2.2903478602073646 0.1731409708667461 0.4 0.5
-0.013315086097192008 1.7898645765237493 -2.290312158218352 0.1746406399141239 0.4 0.5
-0.016983776383230342 1.7895085173466534 -2.290657666828071 0.1760314678524467 0.4 0.5
-0.02013968052283044 1.7886108378315493 -2.291370044466394 0.1771031013430007 0.4 0.5
-0.022366177408312815 1.7871215393968365 -2.2923980125186767 0.1776080130077669 0.4 0.5
-0.02321661982126244 1.7850178589655752 -2.293648630259508 0.1772735130735764 0.4 0.5
-0.022236990521342648 1.7823124837901578 -2.294984292241634 0.1758183534423254 0.4 0.5
-0.018993330852361545 1.7790616001088064 -2.296221991293768 0.1729730193842527 0.4 0.5
-0.013102499775730081 1.7753719157774113 -2.297135324379004 0.1685021557074468 0.4 0.5
-0.004263945837563732 1.7714055444001984 -2.297459574356577 0.1622269756416005 0.4 0.5
0.007710682008208458 1.7673814783857518 -2.296899968940333 0.1540450648512755 0.4 0.5
0.041243914116977365 1.7635723941093842 -2.295142900739512 0.143944858290552 0.5 0.4
0.06875879719192124 1.7602958139848237 -2.2918695093278143 0.1320123810252635 0.5 0.3
0.08985837705161703 1.7578992574198429 -2.2867706296086223 0.1184286997246756 0.5 0.3
0.11341966585455943 1.7567398966237455 -2.2795617919034608 0.1034578551536528 0.5 0.3
0.13895093621084875 1.757160178603428 -2.269996825318005 0.087426525718007 0.5 0.3
0.16588889351243807 1.7594615784604808 -2.25787873169692 0.0706978778250839 0.5 0.3
0.1936409304162856 1.7638789243730466 -2.2430668423456765 0.0536426992432869 0.5 0.3
0.22162751772164313 1.7705576290616305 -2.225479749304048 0.0366109686872828 0.5 0.3
0.24932055736689218 1.7795358601022837 -2.205093997531884 0.0199066438159599 0.5 0.3
0.2762746900789681 1.7907333224084894 -2.181938941795195 0.0037678258553658 0.5 0.3
0.302149776628986 1.8039479360245831 -2.156088472787298 -0.0116462772739997 0.5 0.3
0.32672391166852055 1.818861232669952 -2.1276504951243997 -0.0262609134419507 0.5 0.3
0.3498971928057326 1.8350527302698003 -2.096755103957548 -0.0400838916621852 0.5 0.3
0.371686990869331 1.8520228722829024 -2.0635423846769747 -0.0531968521702226 0.5 0.3
0.392215757633283 1.8692233676015588 -2.0281506855900417 -0.0657408195673628 0.5 0.3
0.4116925203729038 1.8860929855046975 -1.9907061098267136 -0.0778975419203827 0.5 0.3
0.4303892827478628 1.902096101994964 -1.9513138577894231 -0.0898683919021821 0.5 0.3
0.4486137468749063 1.9167606359527745 -1.9100519295146368 -0.1018527639527971 0.5 0.3
0.4666800179643271 1.9297115806981475 -1.866967554827146 -0.1140279350141492 0.5 0.3
0.48487920943934837 1.9406962935833605 -1.8220765530307133 -0.1265322433804978 0.5 0.3
0.5127121327228967 1.9495982327618295 -1.7753656320867783 -0.1394531436307768 0.5 0.1999999999999999
0.5318262021177556 1.9564370498604609 -1.7267974188144886 -0.1528211822138057 0.5 0.1999999999999999
0.5515582477801328 1.9613547824183584 -1.676317798602713 -0.1666102170766398 0.5 0.1999999999999999
0.5718846397766431 1.9645899676263228 -1.6238649738246995 -0.1807433813269435 0.5 0.1999999999999999
0.5926799791084991 1.9664432682335464 -1.5693795098470351 -0.1951035659762307 0.5 0.1999999999999999
0.6137249339078665 1.967239218584587 -1.512814511936185 -0.2095467519641949 0.5 0.1999999999999999
0.6347226192627908 1.9672888383077152 -1.4541450185453983 -0.2239164063371628 0.5 0.1999999999999999
0.6553218996645827 1.9668572837082705 -1.3933757566191192 -0.2380573080608964 0.5 0.1999999999999999
0.6751453428851795 1.966139671456825 -1.3305465666526608 -0.251827493521205 0.5 0.1999999999999999
0.6938192478499627 1.9652469358546345 -1.2657350323641428 -0.2651074271376297 0.5 0.1999999999999999
0.7110031812535245 1.9642022318829275 -1.1990561075791464 -0.2778059395503782 0.5 0.1999999999999999
0.726416434867494 1.9629471098630356 -1.1306587894537938 -0.2898628833038499 0.5 0.1999999999999999
0.7398587301130299 1.9613556052539145 -1.0607201459670443 -0.3012487942300839 0.5 0.1999999999999999
0.7512228309351443 1.9592536479912208 -0.9894372729557412 -0.3119620893106949 0.5 0.1999999999999999
0.7604975270285141 1.9564408964314812 -0.9170179898622268 -0.3220244741029627 0.5 0.1999999999999999
0.7677605258060716 1.9527122467526168 -0.8436712371593754 -0.3314752839466973 0.5 0.1999999999999999
0.7731621420964219 1.9478767628150824 -0.7695981845787683 -0.3403654565991829 0.5 0.1999999999999999
0.7769019610006123 1.9417724584452147 -0.6949849703691261 -0.3487517482453344 0.5 0.1999999999999999
0.7792014946794779 1.9342760927620104 -0.6199977742690649 -0.356691678067263 0.5 0.1999999999999999
0.7802761934659913 1.9253078060395892 -0.5447806248011171 -0.3642395331244871 0.5 0.1999999999999999
0.7803098172329942 1.9148309847753784 -0.469456005454518 -0.3714436002442854 0.5 0.1999999999999999
0.7794334699473582 1.902848194305202 -0.3941280237312186 -0.3783446296477301 0.5 0.1999999999999999
0.7777115679131038 1.889394340237064 -0.3188876767364828 -0.3849753928726335 0.5 0.1999999999999999
0.7751373728710239 1.874528368489621 -0.2438195199451724 -0.391361098001253 0.5 0.1999999999999999
0.7716399081223962 1.8583247492901465 -0.16900878265807 -0.3975203823565769 0.5 0.1999999999999999
0.7671018760495019 1.840865736648686 -0.0945477918458304 -0.4034666079366411 0.5 0.1999999999999999
0.761385909160019 1.8222350327821408 -0.0205406042408802 -0.4092092198236605 0.5 0.1999999999999999
0.7543649166669788 1.8025131174717293 0.0528949866751217 -0.4147549816293047 0.5 0.1999999999999999
0.7459516163866129 1.7817742123343308 0.1256284783418196 -0.420108967312779 0.5 0.1999999999999999
0.736122623430381 1.7600846782936592 0.1975206399804809 -0.4252752569350398 0.5 0.1999999999999999
0.724933328806554 1.7375025718872017 0.268429902323519 -0.4302573473943693 0.5 0.1999999999999999
0.7125210143523836 1.714078068631282 0.3382202352041744 -0.4350583397180702 0.5 0.1999999999999999
0.6990953238068226 1.689854464436677 0.4067693366394127 -0.4396809944784881 0.5 0.1999999999999999
0.6849169596358667 1.664869481721245 0.473975869020095 -0.4441277535468453 0.5 0.1999999999999999
0.6702670806066824 1.6391566619268774 0.5397645649836816 -0.4484008106310032 0.5 0.1999999999999999
0.6554118009936127 1.6127467355587886 0.6040882730443499 -0.4525022804215485 0.5 0.1999999999999999
0.640567948417875 1.585668978459455 0.6669264531437111 -0.4564344792145319 0.5 0.1999999999999999
0.6258763150943825 1.557952622918198 0.7282802479854986 -0.4602002994526679 0.5 0.1999999999999999
0.6113868301572356 1.5296283756579077 0.7881648794949369 -0.4638036376027147 0.5 0.1999999999999999
0.5970575904614162 1.500730019032125 0.8466005625106604 -0.4672498171960001 0.5 0.1999999999999999
0.582767274322672 1.4712959640755765 0.903603321556802 -0.4705459393442128 0.5 0.1999999999999999
0.5683383599697833 1.4413705330074444 0.9591770489890692 -0.4737010944075873 0.5 0.1999999999999999
0.5535670941196558 1.4110047251995008 1.0133078849860475 -0.4767263803224948 0.5 0.1999999999999999
0.5382554109197346 1.380256274912598 1.0659615943980132 -0.4796346939327087 0.5 0.1999999999999999
0.5222400400133353 1.349188912085386 1.1170841354899868 -0.4824402887972761 0.5 0.1999999999999999
0.505414973063012 1.317870842578 1.1666051394913204 -0.4851581221506356 0.5 0.1999999999999999
0.4877449256422306 1.2863725365737686 1.2144436367976217 -0.4878030408626911 0.5 0.1999999999999999
0.469268955073987 1.254763964347895 1.2605151293618448 -0.4903888771793661 0.5 0.1999999999999999
0.450094792681619 1.2231114865962542 1.3047390248692436 -0.4929275362209156 0.5 0.1999999999999999
0.4303854661560913 1.1914747111793056 1.3470455041374056 -0.495428157688611 0.5 0.1999999999999999
0.4103403999433586 1.1599037548168147 1.3873810507530149 -0.4978964246388099 0.5 0.1999999999999999
0.390173808298393 1.128437436061543 1.4257120907473508 -0.5003340755333912 0.5 0.1999999999999999
0.3700936800660526 1.0971028755113392 1.4620264715771902 -0.5027386588331197 0.5 0.1999999999999999
0.350284280159221 1.0659167473805984 1.4963328395837956 -0.5051035575557274 0.5 0.1999999999999999
0.33089394545780193 1.034888091854478 1.5286582675997178 -0.5074183034317907 0.5 0.1999999999999999
0.3120287779500841 1.0040222824703706 1.559044662145498 -0.5096691930336181 0.5 0.1999999999999999
0.29375187570901407 0.9733255203689308 1.5875445399405066 -0.5118402098998333 0.5 0.1999999999999999
0.27608693933227846 0.9428091229580028 1.614216727511408 -0.5139142455833843 0.5 0.1999999999999999
0.2590246610113778 0.9124928805008236 1.639122421444636 -0.5158745963514001 0.5 0.1999999999999999
0.2425303352530661 0.8824068360877889 1.662321887545774 -0.5177066900780092 0.5 0.1999999999999999
0.22655143588695248 0.8525909825192091 1.6838719210710806 -0.5193999700799344 0.5 0.1999999999999999
0.2110243036306314 0.8230925762799575 1.703824064659776 -0.5209498304504351 0.5 0.1999999999999999
0.19587943764635574 0.7939610602825644 1.7222234950228392 -0.5223594638131561 0.5 0.1999999999999999
0.1810451679344771 0.765240957582444 1.739108438787475 -0.5236414516999012 0.5 0.1999999999999999
0.16644981867516284 0.7369634956493865 1.7545099555809227 -0.5248189055269766 0.5 0.1999999999999999
0.15202279427896315 0.7091380471977484 1.768451937448439 -0.5259259594353427 0.5 0.1999999999999999
0.13769517319277114 0.6817446410360134 1.7809512168763355 -0.527007431774295 0.5 0.1999999999999999
0.12340039370334122 0.6547287683437993 1.7920177341956127 -0.5281175144728218 0.5 0.1999999999999999
0.1090755059977977 0.6279994991376138 1.801654773565947 -0.5293174212148444 0.5 0.1999999999999999
0.09466323303929158 0.6014315813265685 1.8098593241657268 -0.5306720247732425 0.5 0.1999999999999999
0.08011477171853798 0.5748717739349358 1.816622647469656 -0.5322456353406385 0.5 0.1999999999999999
0.06539295293435554 0.5481491898068299 1.82193112464151 -0.5340972052207522 0.5 0.1999999999999999
0.05047516531498264 0.5210889062730522 1.8257674199349456 -0.5362753750933902 0.5 0.1999999999999999
0.03535543584166412 0.4935275817916962 1.828111936466444 -0.5388138810031694 0.5 0.1999999999999999
0.023749225077984715 0.4653293657234063 1.8289444800506105 -0.5417278912214495 0.5 0.1599999995325197
0.013832719768895885 0.4364001402811297 1.82824600255408 -0.5450118058703068 0.5 0.0999999999999999
-0.0017593477280941627 0.4066982492506744 1.8260002745309696 -0.5486389033007385 0.5 0.0999999999999999
-0.017417070048784122 0.3762404036869304 1.82219533975816 -0.552562961231686 0.5 0.0999999999999999
-0.03307944235658722 0.3451022615499535 1.8168246327532815 -0.5567216753157684 0.5 0.0999999999999999
-0.04868259584704049 0.3134139838933548 1.8098876885176227 -0.561041431701388 0.5 0.0999999999999999
-0.06416367361077535 0.2813516678762834 1.8013904289329186 -0.5654428303996308 0.5 0.0999999999999999
-0.07946388140809946 0.2491258908579142 1.791345061571841 -0.5698463193943082 0.5 0.0999999999999999
-0.09453024034704383 0.2169687184720435 1.7797696734310309 -0.5741773632925652 0.5 0.0999999999999999
-0.10931565490485573 0.1851205145946598 1.7666876493963264 -0.5783706974420688 0.5 0.0999999999999999
-0.12377726368920206 0.1538177863282163 1.7521270839058407 -0.582373374440497 0.5 0.0999999999999999
-0.13787349651504854 0.1232830748722187 1.7361203575369204 -0.5861464728680083 0.5 0.0999999999999999
-0.15156047046197774 0.0937175430587976 1.7187040078854154 -0.5896654923188392 0.5 0.0999999999999999
-0.16478830334908157 0.065296481668391 1.6999189608392176 -0.5929195870476728 0.5 0.0999999999999999
-0.17749783744310133 0.0381675682605967 1.6798111305043093 -0.5959098794087664 0.5 0.0999999999999999
-0.18961820699377574 0.0124514312240494 1.658432346759999 -0.5986471414226564 0.5 0.0999999999999999
-0.20106561076989493 -0.0117560794182527 1.6358415260606214 -0.601149142849104 0.5 0.0999999999999999
-0.21174358188463582 -0.0343805455274495 1.6121059649836318 -0.6034379437005819 0.5 0.0999999999999999
-0.22154494887299814 -0.0553651483981676 1.587302606795168 -0.605537366520004 0.5 0.0999999999999999
-0.23035554571765982 -0.0746668690194816 1.5615191119078682 -0.6074708274295155 0.5 0.0999999999999999
-0.2380595802330121 -0.0922531572414201 1.534854557336102 -0.6092596423786659 0.5 0.0999999999999999
-0.24454634230550276 -0.1080994102925763 1.5074195993128008 -0.6109218631484075 0.5 0.0999999999999999
-0.2497176740092022 -0.122187475925617 1.4793359650822504 -0.6124716419120547 0.5 0.0999999999999999
-0.2534955083261692 -0.1345052300188046 1.45073519768133 -0.6139190770311098 0.5 0.0999999999999999
-0.2558287669896431 -0.1450470947754949 1.421756646848713 -0.615270459005896 0.5 0.0999999999999999
-0.25669886406292974 -0.153815206305682 1.3925447701497486 -0.6165288152524022 0.5 0.0999999999999999
-0.25612301449541963 -0.1608208475185748 1.3632458837434556 -0.6176946447137704 0.5 0.0999999999999999
-0.2541545254070421 -0.1660857496720951 1.3340045822939135 -0.6187667365271701 0.5 0.0999999999999999
-0.25087943074425967 -0.1696429174705587 1.3049601297532092 -0.6197429788352528 0.5 0.0999999999999999
-0.24640952055378085 -0.1715367128977351 1.2762431866787831 -0.6206210820890683 0.5 0.0999999999999999
-0.24087277601297696 -0.1718220218108879 1.247973234623405 -0.6213991646180742 0.5 0.0999999999999999
-0.23440277258325315 -0.1705624307324474 1.2202569570221071 -0.6220761752242208 0.5 0.0999999999999999
-0.22712859698451826 -0.1678274712301564 1.1931876797637817 -0.6226521542163164 0.5 0.0999999999999999
-0.21916657375533832 -0.1636891453300592 1.1668458200653298 -0.6231283562628573 0.5 0.0999999999999999
-0.2106147251979018 -0.1582181089199336 1.1413001626897958 -0.6235072732946582 0.5 0.0999999999999999
-0.2015503933770435 -0.1514800238573386 1.1166096901700056 -0.6237926027223346 0.5 0.0999999999999999
-0.19203099232628196 -0.1435326484054269 1.092825650832301 -0.6239892055100652 0.5 0.0999999999999999
-0.18209748648401192 -0.1344241926229329 1.0699935515996728 -0.6241030910279991 0.5 0.0999999999999999
-0.171779876210445 -0.1241933296745061 1.0481548029512715 -0.6241414525800955 0.5 0.0999999999999999
-0.1611037617163369 -0.112871059399058 1.027347815330227 -0.6241127608053078 0.5 0.0999999999999999
-0.15009695043701976 -0.1004844008407411 1.007608439158593 -0.6240269037573436 0.5 0.0999999999999999
-0.1387950863667542 -0.0870616667257148 0.988969744114891 -0.6238953445522998 0.5 0.0999999999999999
-0.1272454918417565 -0.072638849611755 0.9714612354782156 -0.6237312522582155 0.5 0.0999999999999999
-0.11550873581081977 -0.0572664292508889 0.95510768629404 -0.6235495514921312 0.5 0.0999999999999999
-0.10365775036102032 -0.0410157209770333 0.939927812712958 -0.6233668331844656 0.5 0.0999999999999999
-0.09177462705622808 -0.0239837796747052 0.925933037676856 -0.6232010747750079 0.5 0.0999999999999999
-0.07994549984477795 -0.0062959099560036 0.9131265749712332 -0.6230711334450765 0.5 0.0999999999999999
-0.068254076864801 0.0118949533036462 0.9015030249867554 -0.62299600060438 0.5 0.0999999999999999
-0.056774457279838986 0.0304123463030278 0.8910486173002753 -0.622993838261974 0.5 0.0999999999999999
-0.04556392893282579 0.0490637139355517 0.8817421715722914 -0.6230808552034416 0.5 0.0999999999999999
-0.03465655643557719 0.0676505081508988 0.8735567786790088 -0.6232701186603049 0.5 0.0999999999999999
-0.024058605368201258 0.0859798070371919 0.8664621230354511 -0.6235704293800682 0.5 0.0999999999999999
-0.013747056644769495 0.1038760211810606 0.860427262498631 -0.6239854069893734 0.5 0.0999999999999999
0.005587665169215494 0.121191198912999 0.855423556834154 -0.6245129295901156 0.5 0.0
0.015494179403157116 0.1378126233085771 0.8514273233510756 -0.6251450397836514 0.5 0.0
0.025308076461281193 0.1536667722064331 0.8484217412913914 -0.6258683693379474 0.5 0.0
0.0350963754280853 0.1687192367562996 0.8463975489375195 -0.6266650586489286 0.5 0.0
0.04490044967684459 0.1829707807845647 0.8453521864803281 -0.627514075064925 0.5 0.0
0.05472004713405809 0.1964502625154045 0.8452872314480125 -0.6283927835261602 0.5 0.0
0.06450139081246808 0.2092055338188737 0.8462042361614184 -0.6292786006529493 0.5 0.0
0.07413222889890991 0.2212936148402038 0.8480993752426652 -0.6301505662041028 0.5 0.0
0.08344600577398276 0.2327713930679397 0.8509575981325562 -0.6309906869073455 0.5 0.0
0.09223601988275654 0.2436878516007494 0.8547471987099545 -0.6317849412533304 0.5 0.0
0.10027864428153288 0.2540784698456721 0.8594158006982302 -0.6325238752473586 0.5 0.0
0.10736270612698329 0.2639620517037829 0.8648886651263835 -0.6332027638555695 0.5 0.0
0.11332040779924113 0.2733398959288662 0.8710699357390819 -0.6338213568465645 0.5 0.0
0.11805426976198574 0.2821969677506434 0.877846976519006 -0.6343832669978309 0.5 0.0
0.12155488311635265 0.2905045684939303 0.8850974034952046 -0.6348950897861888 0.5 0.0
0.12390575836265794 0.2982239361933871 0.8926978918068399 -0.6353653646181243 0.5 0.0
0.12527385673599678 0.3053102438905122 0.9005334676431057 -0.6358034970669446 0.5 0.0
0.1258870247848931 0.3117165700018496 0.9085058533167054 -0.6362187580716603 0.5 0.0
0.12600203716018443 0.317397561857713 0.9165395557951947 -0.6366194590802606 0.5 0.0
0.1258687272586878 0.3223126664419106 0.9245847595112132 -0.6370123733358325 0.5 0.0
0.12569633456486762 0.3264289268681906 0.932616632237082 -0.637402436736467 0.5 0.0
0.12562764401995996 0.3297234071390653 0.9406312656935688 -0.6377927223419401 0.5 0.0
0.1257248982654413 0.3321853002480959 0.9486390300955648 -0.6381846467077141 0.5 0.0
0.12596915512226636 0.3338177119851528 0.956656519922109 -0.6385783392047117 0.5 0.0
0.12627223545695898 0.3346390282012145 0.9646984354343356 -0.6389730911424678 0.5 0.0
0.12649821311899845 0.3346837015402728 0.9727706589800316 -0.6393678014563372 0.5 0.0
0.12648999531706173 0.3340022561309284 0.9808654802919314 -0.6397613488061502 0.5 0.0
0.12609614376383527 0.3326603103556683 0.9889594798236376 -0.6401528427496522 0.5 0.0
0.12519362413016322 0.3307364577230842 0.9970140942000212 -0.6405417346344423 0.5 0.0
0.12370343149876506 0.3283189266053846 1.0049784566130375 -0.6409277968803347 0.5 0.0
0.12159772096641763 0.325501065758714 1.012793799762914 -0.6413110024020187 0.5 0.0
0.11889873934718853 0.3223758725407432 1.0203985718595556 -0.6416913503278273 0.5 0.0
0.11567111891207515 0.319029975869319 1.0277334457942744 -0.642068688235268 0.5 0.0
0.11200980199678856 0.3155376646176518 1.0347455576854818 -0.6424425753738465 0.5 0.0
0.10802602191353206 0.3119556611139863 1.0413915378851606 -0.64281221807569 0.5 0.0
0.10383349656299945 0.3083193370168012 1.0476391400765137 -0.6431764910180816 0.5 0.0
0.0995365196154685 0.3046409398539118 1.0534674897328136 -0.6435340399475907 0.5 0.0
0.09522110082547997 0.3009101579818063 1.0588661416943603 -0.6438834466180164 0.5 0.0
0.09094972866553697 0.297097044917046 1.0638332517769082 -0.6442234273317838 0.5 0.0
0.08675976604642255 0.2931570139465967 1.0683732246434618 -0.6445530327254722 0.5 0.0
0.08266505351077758 0.2890373548025243 1.072494201248104 -0.6448718173520736 0.5 0.0
0.07866001833401137 0.2846845452021264 1.0762057065991817 -0.6451799523301833 0.5 0.0
0.07472545886653137 0.280051542175874 1.0795167084325827 -0.6454782619848314 0.5 0.0
0.07083517901873337 0.2751042459333014 1.0824342543192358 -0.6457681749637095 0.5 0.0
0.06696272839501471 0.2698264342594228 1.084962772221109 -0.6460515908573364 0.5 0.0
0.06308758276911464 0.2642226621578545 1.0871040450606104 -0.6463306740032143 0.5 0.0
0.05920016529287864 0.2583188867527081 1.0888578033375218 -0.6466075959128104 0.5 0.0
0.05530519397832334 0.2521608700141534 1.0902228198668096 -0.6468842555657697 0.5 0.0
0.0514229807920219 0.2458106833091692 1.0911983392646418 -0.6471620115273298 0.5 0.0
0.05684852395454465 0.23934184292416 1.091785637343844 -0.6474414604073723 0.5 -0.0999999999999999
0.053108504362262554 0.2328337121030572 1.0919894897392983 -0.64772229196145 0.5 -0.0999999999999999
0.049516557510043135 0.226365809977192 1.0918193401755245 -0.648003242066914 0.5 -0.0999999999999999
0.0461273963653297 0.2200125994368379 1.0912899959265288 -0.6482821518583783 0.5 -0.0999999999999999
0.04299048912085768 0.2138392164165904 1.0904217355630617 -0.6485561270568638 0.5 -0.0999999999999999
0.04014403858013216 0.2078984666284019 1.0892397844751474 -0.6488217792437386 0.5 -0.0999999999999999
0.03760997117546516 0.2022292582178961 1.0877731883331605 -0.649075522538085 0.5 -0.0999999999999999
0.03539054768781025 0.1968564707138523 1.086053185450707 -0.6493138950888301 0.5 -0.0999999999999999
0.03346706574031799 0.1917921004696641 1.084111240219488 -0.6495338743604576 0.5 -0.0999999999999999
0.031800912870578735 0.1870373962872309 1.0819769467935196 -0.649733157504932 0.5 -0.0999999999999999
0.030336945236371093 0.1825856297033638 1.0796760380805774 -0.6499103823868102 0.5 -0.0999999999999999
0.029008869674975735 0.1784251393248439 1.0772287326042145 -0.6500652705996546 0.5 -0.0999999999999999
0.02774606052214912 0.1745423339791827 1.074648619571712 -0.6501986807372713 0.5 -0.0999999999999999
0.026481070431927378 0.1709244089510822 1.0719422256239268 -0.6503125677771454 0.5 -0.0999999999999999
0.025157007226237482 0.1675615974159139 1.0691093326671195 -0.6504098521250762 0.5 -0.0999999999999999
0.023733960803771215 0.1644488341187875 1.0661440333897432 -0.6504942090825828 0.5 -0.0999999999999999
0.022193781323869288 0.1615867551190106 1.0630364294701202 -0.6505697956999849 0.5 -0.0999999999999999
0.020542717264204757 0.1589820052053509 1.059774807602507 -0.6506409367349173 0.5 -0.0999999999999999
0.018811660115218842 0.156646876589692 1.0563480793289275 -0.6507117943593514 0.5 -0.0999999999999999
0.017053949258631906 0.1545983511085497 1.0527482453404493 -0.6507860470696171 0.5 -0.0999999999999999
0.015340890338604307 0.1528566485363823 1.0489726402663124 -0.6508666019809067 0.5 -0.0999999999999999
0.013755391917835702 0.151443388583756 1.0450257293001728 -0.6509553615808905 0.5 -0.0999999999999999
0.012384386929478186 0.150379465376257 1.0409202684919563 -0.6510530613359059 0.5 -0.0999999999999999
0.011310875751624483 0.1496827328712237 1.036677707184904 -0.6511591886610213 0.5 -0.0999999999999999
0.010606470871283857 0.1493656230681779 1.0323277947600664 -0.6512719873558315 0.5 -0.0999999999999999
0.010325251871901031 0.1494328647773203 1.0279074418471947 -0.6513885454989294 0.5 -0.0999999999999999
0.010499565037151992 0.1498795219514616 1.0234589670343848 -0.6515049596670648 0.5 -0.0999999999999999
0.011138153022773878 0.1506896022644979 1.0190279235381 -0.6516165645698294 0.5 -0.0999999999999999
0.01222670778881163 0.1518354791176134 1.0146607388403772 -0.6517182148552162 0.5 -0.0999999999999999
0.013730631342356858 0.1532783181777115 1.0104024096192583 -0.6518046049054866 0.5 -0.0999999999999999
0.015599516986164463 0.1549696100919258 1.006294472753494 -0.6518706127124281 0.5 -0.0999999999999999
0.01777266493063645 0.1568537963463791 1.0023734244521103 -0.651911654842787 0.5 -0.0999999999999999
0.02018482194545146 0.1588718464622868 0.998669690945174 -0.6519240403013293 0.5 -0.0999999999999999
0.022771319612747698 0.1609655101535745 0.9952071731397192 -0.651905311195995 0.5 -0.0999999999999999
0.025471922594874075 0.1630818371333378 0.992003305100994 -0.6518545572357264 0.5 -0.0999999999999999
0.0282329631595013 0.1651774482613774 0.9890694973604814 -0.6517726891298464 0.5 -0.0999999999999999
0.0310076644086954 0.167221983535268 0.9864117936764316 -0.6516626530516864 0.5 -0.0999999999999999
0.03375487558178958 0.1692001751671413 0.9840315601173012 -0.6515295651214293 0.5 -0.0999999999999999
0.03643670298017376 0.1711121166448557 0.9819260476754802 -0.6513807424460609 0.5 -0.0999999999999999
0.039015690273267456 0.172971518898154 0.9800887179734976 -0.6512256068762169 0.5 -0.0999999999999999
0.04145226521643952 0.1748020331112038 0.9785092870008244 -0.6510754404558431 0.5 -0.0999999999999999
0.04370311643529523 0.1766320263420692 0.9771735135224684 -0.6509429784605717 0.5 -0.0999999999999999
0.04572102199213224 0.1784884664820086 0.976062825165998 -0.650841837464224 0.5 -0.0999999999999999
0.04745646575895712 0.1803907605848723 0.9751539273652112 -0.6507857919279436 0.5 -0.0999999999999999
0.048861161476762005 0.1823454606090653 0.974418573941107 -0.650787932328913 0.5 -0.0999999999999999
0.04989335126708738 0.1843426823598019 0.9738236900887832 -0.6508597588083227 0.5 -0.0999999999999999
0.050524459842761216 0.1863548729157231 0.973332025215492 -0.6510102838871278 0.5 -0.0999999999999999
0.05074638937160203 0.1883382268365499 0.9729034711997682 -0.6512452322511139 0.5 -0.0999999999999999
0.059838466406256785 0.1902366369205348 0.9724971101369284 -0.6515664301580442 0.5 -0.2
0.059332834377360255 0.191987644701085 0.972073956777554 -0.6519714666335013 0.5 -0.2
0.05857695877770408 0.1935295196666353 0.97160024021529 -0.6524536807126781 0.5 -0.2
0.05769194274126255 0.1948084210196922 0.9710509360930604 -0.653002487076522 0.5 -0.2
0.05682563164234655 0.1957846128448577 0.9704131303671866 -0.6536040071849196 0.5 -0.2
0.056140090888776584 0.1964368950824502 0.9696886935314212 -0.6542419376171116 0.5 -0.2
0.05579397162861266 0.1967647312695425 0.9688957026202988 -0.6548985698508751 0.5 -0.2
0.05592142957751456 0.1967879359626607 0.96806809978316 -0.6555558750386626 0.5 -0.2
0.056610420575414766 0.1965441563884276 0.9672532427409114 -0.6561965761340796 0.5 -0.2
0.05788406515171984 0.19608467470937 0.9665072847984528 -0.6568051407276069 0.5 -0.2
0.05968902097963524 0.1954692235074378 0.9658886913136248 -0.6573686376039699 0.5 -0.2
0.06189417412620024 0.1947605355327745 0.9654505934115882 -0.6578774081101255 0.5 -0.2
0.06430143532718424 0.1940192573329734 0.9652330108242082 -0.6583255116766307 0.5 -0.2
0.06666826320733454 0.1932996828802292 0.9652561543569266 -0.6587109156914176 0.5 -0.2
0.06873916811313441 0.1926465554712235 0.96551598067766 -0.6590354148300462 0.5 -0.2
0.07028138877897883 0.1920929912206301 0.9659828974889734 -0.6593042836794488 0.5 -0.2
0.07111870848910407 0.1916594313576306 0.9666040363668712 -0.6595256876423222 0.5 -0.2
0.0711573886656125 0.1913534511537894 0.9673089072157816 -0.6597098983432941 0.5 -0.2
0.0703995151300929 0.1911702399858151 0.9680176460823428 -0.6598683781075444 0.5 -0.2
0.06894138167654495 0.1910936045001684 0.968650597595352 -0.6600128106984321 0.5 -0.2
0.06695737186987238 0.1910974113675152 0.9691377357630064 -0.6601541601359386 0.5 -0.2
0.06467254691352786 0.1911474523207063 0.9694264729499936 -0.6603018347145706 0.5 -0.2
0.06232918530449716 0.1912037611158522 0.9694867276413464 -0.6604630194267309 0.5 -0.2
0.06015336652450465 0.1912234262767637 0.969312646171796 -0.6606422189915282 0.5 -0.2
0.058327199334190505 0.1911639177549766 0.9689209828242464 -0.6608410295901359 0.5 -0.2
0.05697070620333422 0.1909868765713077 0.9683467027576654 -0.6610581351492628 0.5 -0.2
0.05613518151440844 0.1906622057955725 0.9676367733779988 -0.6612895077218927 0.5 -0.2
0.055807574788933056 0.1901721605959748 0.9668432915294396 -0.6615287830999298 0.5 -0.2
0.0559235552855597 0.1895149901757631 0.9660170490083329 -0.6617677818745452 0.5 -0.2
0.05638571686519489 0.188707573215699 0.9652024045368888 -0.6619971506834379 0.5 -0.2
0.05708303911141854 0.1877864534049342 0.9644339762234082 -0.6622071051348463 0.5 -0.2
0.05790816512549646 0.1868067569534381 0.96373528013455 -0.6623882612024345 0.5 -0.2
0.058770047790692725 0.1858386716241785 0.9631190966470996 -0.6625325424981882 0.5 -0.2
0.05960075934936415 0.1849614675730189 0.9625891014261688 -0.6626341445398276 0.5 -0.2
0.060356480614088825 0.1842553964341178 0.9621421773611052 -0.6626905232527283 0.5 -0.2
0.061013665792706284 0.1837921551991723 0.961770825422514 -0.6627033547850564 0.5 -0.2
0.06156198192238227 0.1836248870102148 0.9614651920017846 -0.6626793905533376 0.5 -0.2
0.06199582718555696 0.1837788656847851 0.9612143901940228 -0.6626311100862701 0.5 -0.2
0.06230611509039252 0.1842440444435353 0.9610069729125784 -0.6625770602841571 0.5 -0.2
0.06247368512777629 0.184970531008604 0.9608305844216176 -0.6625417685411825 0.5 -0.2
0.062465271512684994 0.185867789165413 0.9606709529343952 -0.6625551330443101 0.5 -0.2
0.06223251341667235 0.1868079855564273 0.9605104800856636 -0.6626512288307039 0.5 -0.2
0.06171407420955233 0.1876334403197807 0.9603267314273308 -0.6628665226834586 0.5 -0.2
0.060840573306060186 0.1881676560044787 0.960091138848286 -0.6632375606205246 0.5 -0.2
0.05954172419610493 0.1882289516218533 0.959768196178892 -0.6637982723932607 0.5 -0.2
0.05775481408947236 0.1876453736321005 0.9593153685985024 -0.6645771182873238 0.5 -0.2
0.05543346712630015 0.1862693402076197 0.9586838500074496 -0.665594371085409 0.5 -0.2
0.052555551464839034 0.1839904376556104 0.9578201967200796 -0.6668598633456975 0.5 -0.2
0.05838917828676182 0.1807449553124043 0.9566687518665634 -0.6683715180432236 0.5 -0.3
0.054456001787964725 0.1765211228272825 0.9551746696952396 -0.6701149038708182 0.5 -0.3
0.05009138919413014 0.171359564940789 0.953287269874036 -0.6720639171627008 0.5 -0.3
0.04540138662976201 0.1653491192992966 0.950963408793449 -0.6741825202046428 0.5 -0.3
0.04051670192400714 0.158618740363763 0.9481705474564252 -0.6764273090152377 0.5 -0.3
0.035584168943347816 0.1513266230503047 0.9448892176488258 -0.6787505840813274 0.5 -0.3
0.030756377160821025 0.1436478745198043 0.9411146345431606 -0.6811035697173419 0.5 -0.3
0.026180331670445645 0.1357620571775936 0.9368572722592426 -0.6834394600201841 0.5 -0.3
0.021986130091328215 0.12784176455006 0.9321423054262872 -0.6857160389393963 0.5 -0.3
0.018276712159156494 0.1200431217378101 0.92700791843542 -0.6878977075388817 0.5 -0.3
0.015119746701464098 0.1124987757538433 0.9215025896513356 -0.6899568365250268 0.5 -0.3
0.012542630462316628 0.1053136137968736 0.915681564321482 -0.6918744350194651 0.5 -0.3
0.010531357231522431 0.0985631659546575 0.9096028273677136 -0.693640181705645 0.5 -0.3
0.009033633644491834 0.092294442121304 0.9033229630908658 -0.6952519006432104 0.5 -0.3
0.007966051850317735 0.0865288251510691 0.8968933264553149 -0.6967145834665975 0.5 -0.3
0.007224520444635285 0.0812665713358307 0.8903569316403467 -0.6980390679742036 0.5 -0.3
0.006696724022341449 0.0764924283820117 0.8837463836848102 -0.699240485474854 0.5 -0.3
0.006275185519760695 0.0721818607624135 0.8770830560870443 -0.7003365870696467 0.5 -0.3
0.005869471863826359 0.0683073750175121 0.8703775746390203 -0.7013460524233417 0.5 -0.3
0.00541619870703669 0.064844463449608 0.8636315218254029 -0.7022868753677004 0.5 -0.3
0.004885760280810558 0.061776731111096 0.8568401416961066 -0.7031749110372301 0.5 -0.3
0.004285085788301446 0.0590998339454974 0.8499957177241876 -0.704022660081093 0.5 -0.3
0.0036561681850810768 0.0568239281638223 0.8430912263030177 -0.7048383569028216 0.5 -0.3
0.0030706025102600343 0.0549744073045181 0.8361238431215258 -0.70562542008237 0.5 -0.3
0.0026208587571463493 0.0535907869438247 0.8290979033725517 -0.7063823125971931 0.5 -0.3
0.0024094386820405767 0.052723697215196 0.8220269892482663 -0.7071028455511832 0.5 -0.3
0.00253731531470458 0.0524300705855982 0.8149349331164704 -0.7077769402483566 0.5 -0.3
0.0030929989835082328 0.052766769646906 0.8078556646479408 -0.708391838728873 0.5 -0.3
0.004143266993488215 0.0537830741320942 0.8008319645462916 -0.7089337231786 0.5 -0.3
0.005726244709500783 0.0555126107504523 0.7939132912456404 -0.7093896715558603 0.5 -0.3
0.007847225968180549 0.0579654334487858 0.7871529157165904 -0.7097498413531145 0.5 -0.3
0.010477328491547144 0.061121022219813 0.7806046383134084 -0.7100097370700225 0.5 -0.3
0.013554806553470744 0.064922953538854 0.7743193711625631 -0.7101723830678134 0.5 -0.3
0.016988634044775575 0.0692759041769264 0.7683418518179101 -0.7102501967619798 0.5 -0.3
0.02066383105586489 0.0740454909298271 0.7627077152223877 -0.7102663428650432 0.5 -0.3
0.02444795382322451 0.0790612335128349 0.7574410983279741 -0.7102553530840205 0.5 -0.3
0.028198212563844693 0.0841226686548337 0.7525528937102965 -0.7102628222700442 0.5 -0.3
0.031768781587171446 0.0890083583355673 0.748039714966681 -0.7103440450875291 0.5 -0.3
0.03501797117012928 0.0934872514959602 0.7438835931253981 -0.7105615382655425 0.5 -0.3
0.03781497867223593 0.0973316075693618 0.740052390242411 -0.7109815006436886 0.5 -0.3
0.04004585979751285 0.1003305026179992 0.7365008881096345 -0.7116693905445126 0.5 -0.3
0.04161821343854788 0.102302840283584 0.7331724740893858 -0.7126849366719905 0.5 -0.3
0.042464025020908513 0.1031087873248823 0.7300012954332405 -0.7140770282393576 0.5 -0.3
0.04254027155510154 0.1026586340782862 0.7269146979353314 -0.7158790295047335 0.5 -0.3
0.045531256753479354 0.100918235618327 0.7238357250908415 -0.7181051044889726 0.5 -0.34000000052205
0.04958517925597983 0.0979104413078765 0.7206854507613553 -0.7207480873921549 0.5 -0.4
0.04731002739127188 0.0937123030735055 0.7173849686869532 -0.7237792700230822 0.5 -0.4
0.044290292552998656 0.0884483524338039 0.7138569714260804 -0.7271502095438817 0.5 -0.4
0.04056595939530672 0.0822807469330952 0.7100270006813802 -0.7307963470658226 0.5 -0.4
0.036190652518667266 0.0753974507897554 0.7058245966209109 -0.7346419573822207 0.5 -0.4
0.031236832601028164 0.0679997276090423 0.7011846618727776 -0.7386057918515877 0.5 -0.4
0.0258028286233436 0.0602900968905213 0.6960493451328804 -0.7426067507601233 0.5 -0.4
0.020019571511948886 0.0524616397356827 0.6903706279952148 -0.7465690042027975 0.5 -0.4
0.01405440566399796 0.044689241665834 0.6841135851464096 -0.750426128756028 0.5 -0.4
0.008109516289491747 0.0371231006697988 0.6772600257128094 -0.7541240011102623 0.5 -0.4
0.002413393004614406 0.029884632209407 0.6698119773417586 -0.7576223584061326 0.5 -0.4
-0.002794827733808569 0.0230647639788194 0.66179431664222 -0.7608950780780664 0.5 -0.4
-0.007286644881542292 0.0167245060515265 0.6532558338688391 -0.7639293402103711 0.5 -0.4
-0.010868057310596813 0.0108975845036811 0.6442681693806849 -0.7667239116953213 0.5 -0.4
-0.013401937580301837 0.0055948355763858 0.6349223636496252 -0.7692868317386651 0.5 -0.4
-0.014824670037456578 0.0008099763025688 0.625323169891595 -0.7716327831328526 0.5 -0.4
-0.01515358673342515 -0.0034737068054206 0.6155817028878493 -0.7737804111059841 0.5 -0.4
-0.014483341270701278 -0.0072762783087267 0.6058073442145068 -0.7757498120929808 0.5 -0.4
-0.012971479606973535 -0.0106142670303372 0.5961000100874366 -0.7775603673274091 0.5 -0.4
-0.010815567981447005 -0.0134945873026554 0.5865438621267393 -0.7792290476657625 0.5 -0.4
-0.008225815306399653 -0.0159098795434958 0.5772033053285945 -0.780769270883847 0.5 -0.4
-0.005397890286001905 -0.0178358293495842 0.5681217237979546 -0.7821903524603281 0.5 -0.4
-0.0024904326123054155 -0.0192309162355578 0.5593229347693544 -0.783497555720638 0.5 -0.4
0.0003893569570267985 -0.0200388745957203 0.5508148915081238 -0.7846927155936249 0.5 -0.4
0.0031903448546399815 -0.0201939190831279 0.5425948272038265 -0.7857753797532062 0.5 -0.4
0.005912434132376854 -0.0196285008283345 0.5346548616892904 -0.7867443807364495 0.5 -0.4
0.008593641765245463 -0.0182830390157409 0.5269871051025281 -0.7875997226393648 0.5 -0.4
0.011292216777816222 -0.0161167494524089 0.5195874692790526 -0.78834463523649 0.5 -0.4
0.014067216978619346 -0.0131184198852539 0.5124576909568342 -0.7889876174030744 0.5 -0.4
0.016960788968512497 -0.0093158222519149 0.5056054126546962 -0.7895442649155122 0.5 -0.4
0.019984721019788987 -0.0047824568858076 0.4990424915515474 -0.7900386617559333 0.5 -0.4
0.023112860269079438 0.0003594837312071 0.4927819636535263 -0.7905041158406365 0.5 -0.4
0.026279968389869013 0.0059406780429396 0.4868342496804342 -0.7909830456488679 0.5 -0.4
0.029386733629599426 0.0117510216377253 0.4812032465194211 -0.7915258772914942 0.5 -0.4
0.03230998736854396 0.017550472239547 0.475882919882381 -0.7921888927177435 0.5 -0.4
0.03491666228305823 0.0230835930456128 0.4708549186192354 -0.7930310762898249 0.5 -0.4
0.03707968022004793 0.0280965581779899 0.4660875848475412 -0.7941101320111514 0.5 -0.4
0.0386937775575652 0.032355062928505 0.461536552869546 -0.7954779755691918 0.5 -0.4
0.03968927407999534 0.0356613994760577 0.4571469306253025 -0.7971761273551607 0.5 -0.4
0.040041961915499025 0.0378689376959057 0.452856858033302 -0.7992315228352412 0.5 -0.4
0.049037629572996067 0.038892419714566 0.4486020542248519 -0.8016532883904928 0.5 -0.5
0.04823031959687696 0.0387128753232185 0.4443208171821515 -0.8044309752881109 0.5 -0.5
0.04699429977907621 0.0373766069023053 0.4399588491418392 -0.8075345816656231 0.5 -0.5
0.04547073920202371 0.0349885006727141 0.4354732791197468 -0.8109164345900026 0.5 -0.5
0.04381093146762993 0.031700711055118 0.4308353530399492 -0.8145147125938241 0.5 -0.5
0.042158434641043074 0.027698327021034 0.4260314461867122 -0.8182581486607298 0.5 -0.5
0.04063267055058717 0.0231838510191858 0.4210622896508165 -0.8220713220688023 0.5 -0.5
0.03931633495255771 0.0183622254810433 0.4159405567058752 -0.8258799327310424 0.5 -0.5
0.03824842035778098 0.0134278276168177 0.410687190201131 -0.8296155288153525 0.5 -0.5
0.03742380330876205 0.0085544221292356 0.4053270322369091 -0.8332192919644706 0.5 -0.5
0.03679934390526718 0.0038885883829206 0.3998844125677853 -0.8366446412571592 0.5 -0.5
0.036305493272479894 -0.0004533238752004 0.394379346958312 -0.839858572385871 0.5 -0.5
0.03586162813555116 -0.0043850605340739 0.38882489628556 -0.8428417849593137 0.5 -0.5
0.03539276480627074 -0.0078478022194217 0.3832260590991151 -0.845587757359345 0.5 -0.5
0.034845042100710155 -0.0108057964732757 0.3775803355797422 -0.8481010013396245 0.5 -0.5
0.03419752683294974 -0.013241138503884 0.3718798397898132 -0.8503947680017332 0.5 -0.5
0.03346848654237622 -0.0151484856048295 0.3661145924731082 -0.8524884851854192 0.5 -0.5
0.032715168782614934 -0.0165303559011402 0.3602764411273458 -0.8544051881593875 0.5 -0.5
0.032027155774526084 -0.0173934983209002 0.3543629580056073 -0.856169166579574 0.5 -0.5
0.03151436966433774 -0.0177466417264199 0.3483806735830599 -0.8578039972145464 0.5 -0.5
0.0312916497398269 -0.0175997350371238 0.3423471105494937 -0.8593310708201299 0.5 -0.5
0.031462344136045095 -0.0169645746357294 0.3362912755234764 -0.860768658984957 0.5 -0.5
0.03210342803259214 -0.0158564944170289 0.3302525099370809 -0.8621315076864404 0.5 -0.5
0.03325431837959414 -0.0142966053012776 0.3242778527403401 -0.8634308931920628 0.5 -0.5
0.034910919726116596 -0.0123139654527743 0.3184182845782995 -0.864675036381046 0.5 -0.5
0.03702558031675518 -0.0099470784067719 0.3127243765509112 -0.8658697463561645 0.5 -0.5
0.039512703514001934 -0.0072442589241788 0.3072419345825867 -0.8670191562900509 0.5 -0.5
0.042258989635420297 -0.0042626434110627 0.3020082049339869 -0.8681264243628988 0.5 -0.5
0.04513682017269982 -0.001065897398407 0.2970491038975289 -0.8691942963231102 0.5 -0.5
0.04801911079097221 0.0022790718086957 0.2923777859147989 -0.8702254579775951 0.5 -0.5
0.05079396871619457 0.0057058979923451 0.2879946969938961 -0.8712226419229165 0.5 -0.5
0.05337760837061889 0.0091524327581384 0.2838890938655156 -0.8721884901556549 0.5 -0.5
0.055724141682295114 0.0125637143501288 0.2800418547025775 -0.8731252097700191 0.5 -0.5
0.057831070870908996 0.0158937376447266 0.276429268870807 -0.8740340900215361 0.5 -0.5
0.05973958956654091 0.019105752503008 0.2730273759578979 -0.8749149731072605 0.5 -0.5
0.061529135641203436 0.0221711142068962 0.269816334914552 -0.8757657855427409 0.5 -0.5
