-0.5817334831512344 1.9982288240895865 -0.0246326627865792 0.0004190369173637 0.5 0.5
-0.5856938616144269 2.021460475774463 -0.026007262734053 0.0003435934121246 0.5 0.5
-0.5930593187866062 2.0442960896130207 -0.027240385925032 0.0002852865338348 0.5 0.5
-0.6034714036463429 2.06639515773436 -0.0282304771038721 0.0002542489732861 0.5 0.5
-0.6164391217618892 2.087453017369726 -0.0288942225654543 0.0002584340318654 0.5 0.5
-0.6313773161513003 2.1072141051935374 -0.0291735615895462 0.0003027979933543 0.5 0.5
-0.6476480189669642 2.1254813735784075 -0.0290408471108595 0.0003886908160963 0.5 0.5
-0.6646020267276143 2.1421215716817112 -0.0285016359934963 0.0005135217941707 0.5 0.5
-0.6816192154730816 2.15706636900895 -0.0275947503892003 0.0006707485555087 0.5 0.5
-0.6981454664231412 2.170309447461642 -0.0263894699735049 0.0008502124085078 0.5 0.5
-0.7137224732508551 2.181899900819328 -0.0249799764617166 0.0010388126968971 0.5 0.5
-0.7280062333028692 2.1919326534942427 -0.0234774470804809 0.0012214802273986 0.5 0.5
-0.7407719959269743 2.200537030163956 -0.0220004463692613 0.0013823780603271 0.5 0.5
-0.7519070518956283 2.2078648305712587 -0.0206644637107948 0.001506230532772 0.5 0.5
-0.7613957926740156 2.214079125381696 -0.0195715625696168 0.0015796621285277 0.5 0.5
-0.7693021357227403 2.2193445461142947 -0.0188011291017116 0.0015924197139916 0.5 0.5
-0.7757525150891276 2.223819332542021 -0.018402625610619 0.0015383560886631 0.5 0.5
-0.7809197136511292 2.227649081033108 -0.0183910755565397 0.00141606993239 0.5 0.5
-0.7850060859020136 2.2309621096679955 -0.0187457522612152 0.0012291266161333 0.5 0.5
-0.7882253927480054 2.2338665010777943 -0.0194122407355507 0.0009858243186907 0.5 0.5
-0.7907847564154835 2.236448961802994 -0.0203077178646125 0.0006985167591157 0.5 0.5
-0.7928700529379373 2.2387754861614457 -0.02132897575324 0.0003825520792985 0.5 0.5
-0.7946376899349072 2.240893480867652 -0.0223624267688402 5.493062674030304e-05 0.5 0.5
-0.7962131910668013 2.2428347118741616 -0.0232951125520744 -0.0002671834518032 0.5 0.5
-0.7976940719674364 2.2446183927674817 -0.0240256219741086 -0.0005679451526289 0.5 0.5
-0.7991532416676606 2.246253985570738 -0.0244738167733158 -0.000834154860801 0.5 0.5
-0.8006403985816979 2.2477436614039723 -0.0245883685439137 -0.0010562938230964 0.5 0.5
-0.8021815534071086 2.2490846215458027 -0.0243513221526354 -0.0012291667213148 0.5 0.5
-0.8037788686745584 2.250271466205092 -0.0237792031565382 -0.0013520921440116 0.5 0.5
-0.8054130050884556 2.2512985793376363 -0.022920547452007 -0.0014286301373317 0.5 0.5
-0.8070482893369313 2.252162278828791 -0.021850107367752 -0.0014658842475746 0.5 0.5
-0.8086388514285225 2.252862449895098 -0.0206603400823602 -0.0014734590320239 0.5 0.5
-0.8101331547087787 2.253403564752246 -0.0194510781195857 -0.0014621892340957 0.5 0.5
-0.8114756543778467 2.253795249281368 -0.018318486850156 -0.0014427803426929 0.5 0.5
-0.8126067150254679 2.2540526838435837 -0.0173445035161085 -0.0014245092324092 0.5 0.5
-0.8134635952781943 2.254197012341037 -0.0165879106358393 -0.0014141264447864 0.5 0.5
-0.8139849586367154 2.254255652813218 -0.0160780258010879 -0.0014150789807435 0.5 0.5
-0.814119186861042 2.2542621569495465 -0.0158117094846686 -0.0014271370232402 0.5 0.5
-0.8138343551131966 2.2542552382634424 -0.0157540329658005 -0.0014464639603312 0.5 0.5
-0.8131268489814669 2.254276802752123 -0.0158425464376006 -0.0014661210385979 0.5 0.5
-0.8120267921616042 2.2543691178539764 -0.0159946866415989 -0.0014769507534217 0.5 0.5
-0.8106006127088428 2.254571438637816 -0.0161175116121123 -0.0014687415974718 0.5 0.5
-0.8089523889022399 2.254916377366932 -0.0161186875949065 -0.0014315455168069 0.5 0.5
-0.8072249502674422 2.2554261384767083 -0.0159175065854763 -0.0013570017342437 0.5 0.5
-0.8055995171927233 2.256108643449964 -0.0154546985128362 -0.0012395185262755 0.5 0.5
-0.8042907074535943 2.256953691730692 -0.014699926806203 -0.0010771787233274 0.5 0.5
-0.8035337312311519 2.257929620985333 -0.0136561101273031 -0.0008722640806022 0.5 0.5
-0.803562808242142 2.2589812478622178 -0.0123600658695186 -0.0006313352261032 0.5 0.5
-0.8045828854597481 2.2600299670380037 -0.0108793795571373 -0.0003648529694269 0.5 0.5
-0.8067386944787991 2.260976678492029 -0.0093058237114993 -8.637763430672364e-05 0.5 0.5
-0.8100851081495852 2.2617078090441494 -0.0077460356985509 0.0001885703498786 0.5 0.5
-0.8145612941206215 2.262104298229191 -0.0063104721326324 0.0004438686008198 0.5 0.5
-0.8199699506798019 2.262053168817129 -0.0051018491746086 0.0006642266900767 0.5 0.5
-0.8259632169511733 2.261461173749149 -0.0042043302334908 0.0008365458962793 0.5 0.5
-0.8320385971564237 2.260269852054032 -0.0036746323257002 0.0009510647233495 0.5 0.5
-0.8375500564208682 2.2584709923383897 -0.003536005538107 0.0010021751752619 0.5 0.5
-0.8417396579050473 2.256120986696303 -0.003775723372661 0.0009888315321261 0.5 0.5
-0.8437929319086557 2.2533520209057984 -0.0043463379278021 0.0009145172659383 0.5 0.5
-0.8429172713852662 2.250377727714933 -0.0051705444810904 0.000786782094519 0.5 0.5
-0.8384386950073175 2.2474910005764066 -0.0061491144592046 0.0006164054171932 0.5 0.5
-0.8299097216166418 2.245052131075675 -0.0071710388388639 0.0004162802399906 0.5 0.5
-0.8172199955261306 2.243466158914011 -0.0081248045281337 0.0002001395671279 0.5 0.5
-0.8007006332555644 2.243149159361398 -0.0089096189196639 -1.8737716272018182e-05 0.5 0.5
-0.7812118692173264 2.244484096035842 -0.0094454112038734 -0.0002287042022252 0.5 0.5
-0.7602013170901722 2.2477679091141094 -0.0096805744043124 -0.000420682453838 0.5 0.5
-0.7397182076036168 2.2531527774050923 -0.0095966550931297 -0.0005887716311998 0.5 0.5
-0.7223691399229892 2.260585956644731 -0.009209519767113 -0.0007304690121659 0.5 0.5
-0.7112045239164111 2.269754042652432 -0.0085668952366934 -0.0008464992681 0.5 0.5
-0.7095319608433526 2.280038590260791 -0.0077425613632046 -0.000940291440124 0.5 0.5
-0.7206619306425122 2.290490394176456 -0.0068278290460478 -0.0010171854204925 0.5 0.5
-0.7476004892947641 2.299829201112205 -0.0059212231898236 -0.0010834805305272 0.5 0.5
-0.7927120323242454 2.3064741521827288 -0.0051174770058337 -0.0011454544828398 0.5 0.5
-0.85738242380339 2.3086079489503044 -0.004497013079841 -0.0012084798890819 0.5 0.5
-0.94171925032144 2.3042747065699656 -0.0041170336602304 -0.0012763477363311 0.5 0.5
-1.0443312020189177 2.2915077815378218 -0.004005172701299 -0.0013508748117001 0.5 0.5
-1.1622306039048969 2.26847966133593 -0.0041563900575552 -0.0014318287287749 0.5 0.5
-1.2908986656058197 2.2336616009454406 -0.0045334399869912 -0.0015171559479615 0.5 0.5
-1.4245388255961489 2.185976734384859 -0.0050708592611287 -0.0016034524817329 0.5 0.5
-1.5565176776207634 2.124927851825244 -0.005682038516016 -0.0016865816140139 0.5 0.5
-0.21466629585715102 2.050681084063168 -0.0062686070689659 -0.0017623248255386 -0.4 -0.4
-0.3231046811283167 1.964090454477453 -0.0067311135325381 -0.0018269559677672 -0.4 -0.4
-0.4111348046323049 1.8666559863646213 -0.0069798495661863 -0.0018776550783554 -0.4 -0.4
-0.4749001653706131 1.7604185059013908 -0.0069446557687562 -0.001912720945866 -0.4 -0.4
-0.5123930577417468 1.6478044893643295 -0.0065826662767097 -0.0019315880543819 -0.4 -0.4
-0.5235272834914584 1.531441183590155 -0.0058831788520536 -0.001934689921013 -0.4 -0.4
-0.5100034920708074 1.413964455241009 -0.0048691549404384 -0.0019232287551652 -0.4 -0.4
-0.4750083174513331 1.2978401060339284 -0.0035952205129778 -0.001898911156649 -0.4 -0.4
-0.42280032136818857 1.1852152742887951 -0.0021424057296768 -0.0018636974603533 -0.4 -0.4
-0.3582410961480531 1.0778112421519763 -0.0006101882548254 -0.0018195955625037 -0.4 -0.4
-0.28632984957639773 0.976863132537171 0.000893332471696 -0.0017685137631259 -0.4 -0.4
-0.2117924911089386 0.8831061475795313 0.0022621189513816 -0.0017121739609329 -0.4 -0.4
-0.13876144240935973 0.7968028984686375 0.0034026399985234 -0.0016520775349081 -0.4 -0.4
-0.07056308379129961 0.7178027542277016 0.0042430076626383 -0.0015895116227553 -0.4 -0.4
-0.009611233566683142 0.6456224458485716 0.0047398827044949 -0.0015255823364503 -0.4 -0.4
0.04260749701265998 0.5795373224919034 0.0048824625324873 -0.0014612617820837 -0.4 -0.4
0.08547552414986892 0.5186740721931694 0.004693170444558 -0.0013974358238224 -0.4 -0.4
0.11913176385834334 0.4620976246081563 0.0042250093253847 -0.0013349393109004 -0.4 -0.4
0.1443210854120358 0.4088868009939906 0.0035558900909399 -0.0012745666622233 -0.4 -0.4
0.16222164928462623 0.3581949095351942 0.0027805515101504 -0.0012170499798911 -0.4 -0.4
0.1742676108918545 0.3092930744636568 0.0020009186464225 -0.0011630041726623 -0.4 -0.4
0.18198521231138104 0.2615958355528422 0.0013158851282285 -0.0011128468830301 -0.4 -0.4
0.1868569528179978 0.2146703567839803 0.000811543538138 -0.0010667077833185 -0.4 -0.4
0.190221573488433 0.1682320520657801 0.0005528249966476 -0.0010243455639412 -0.4 -0.4
0.19320955896726402 0.1221302094146234 0.0005773482144293 -0.0009850915083045 -0.4 -0.4
0.19670799024354704 0.0763271653113498 0.0008920404974384 -0.0009478361480067 -0.4 -0.4
0.20134737792853605 0.0308739643357045 0.0014728100182495 -0.0009110702076 -0.4 -0.4
0.20750608287267408 -0.0141152978714419 0.0022672500037863 -0.0008729833213756 -0.4 -0.4
0.215331380660808 -0.0584886895841745 0.003200065541449 -0.0008316150471109 -0.4 -0.4
0.22477668457789785 -0.1020795515180937 0.0041806577897902 -0.0007850440862085 -0.4 -0.4
0.23565157061993497 -0.1447258830603039 0.0051121061933069 -0.0007315946537495 -0.4 -0.4
0.2476772403968469 -0.1862847259983104 0.0059006760016522 -0.0006700346263712 -0.4 -0.4
0.2605378954457882 -0.2266410019586257 0.0064649492508662 -0.0005997394564162 -0.4 -0.4
0.2739203234393761 -0.2657112124140469 0.0067437265638016 -0.0005207997683616 -0.4 -0.4
0.2875392744292321 -0.3034431800701093 0.0067019688261672 -0.0004340588955287 -0.4 -0.4
0.3011516947958942 -0.3398132526271861 0.0063342343809032 -0.0003410774708342 -0.4 -0.4
0.314565213734348 -0.3748220831475967 0.0056653020071339 -0.0002440324967042 -0.4 -0.4
0.32764437242884026 -0.4084895617741619 0.0047479275306116 -0.0001455654333835 -0.4 -0.4
0.3403138902581887 -0.4408491245312779 0.0036579404576786 -4.8596682986842e-05 -0.4 -0.4
0.3525554854536561 -0.471941735505459 0.0024871330064297 4.387695953585046e-05 -0.4 -0.4
0.36439590969210456 -0.5018101869600934 0.0013346113963173 0.0001289879955583 -0.4 -0.4
0.37588812256588056 -0.5304945959908829 0.000297439781018 0.0002041956970432 -0.4 -0.4
0.38709168288183604 -0.5580297837342948 -0.0005385185286262 0.0002674650029138 -0.4 -0.4
0.3980591676912526 -0.5844446154461111 -0.0011066789884041 0.0003174156061248 -0.4 -0.4
0.4088317604288483 -0.6097626986769858 -0.0013659543920123 0.0003534282425138 -0.4 -0.4
0.4194415801505613 -0.634003522634101 -0.0013045109887097 0.0003756945725684 -0.4 -0.4
0.42991501982737823 -0.6571833646190448 -0.0009406950253627 0.0003851996288694 -0.4 -0.4
0.44027249387134426 -0.6793158626363069 -0.0003210408904956 0.0003836323189873 -0.4 -0.4
0.4505241745794597 -0.7004126132491725 0.0004844402847615 0.0003732287229659 -0.4 -0.4
0.46066513659181796 -0.7204841957912265 0.0013892304501926 0.0003565624283582 -0.4 -0.4
0.47067399014091404 -0.7395416821320446 0.0022988577335287 0.0003363035137369 -0.4 -0.4
0.48051624069195054 -0.7575982831179532 0.0031202055297554 0.0003149717618719 -0.4 -0.4
0.490149731955285 -0.7746706590487581 0.0037706739951312 0.0002947101903425 -0.4 -0.4
0.49952783533381506 -0.7907796858532296 0.0041863021679193 0.0002771024478989 -0.4 -0.4
0.5085979223274206 -0.805950902319848 0.0043280600090931 0.0002630523496358 -0.4 -0.4
0.5172967439611675 -0.8202151100871059 0.0041856976449714 0.000252736239518 -0.4 -0.4
0.5255475586283775 -0.8336094356909891 0.0037787749365787 0.0002456301122232 -0.4 -0.4
0.5332635909843997 -0.8461786798281513 0.003154767775749 0.0002406052390532 -0.4 -0.4
0.5403587351747363 -0.8579763207297113 0.0023844339984631 0.0002360798224185 -0.4 -0.4
0.5467621371061082 -0.8690644472122376 0.0015548909436801 0.0002302102749271 -0.4 -0.4
0.5524315283366155 -0.8795122335016268 0.0007610781540657 0.0002211036244268 -0.4 -0.4
0.5573619303610355 -0.8893930806679652 9.643186168407404e-05 0.0002070318679884 -0.4 -0.4
0.5615899645938016 -0.8987808876318616 -0.0003563274931624 0.0001866297910099 -0.4 -0.4
0.5651965840762019 -0.9077458911724814 -0.0005334029861252 0.0001590597832736 -0.4 -0.4
0.568310593617879 -0.9163502327648612 -0.0003963287518695 0.000124130107133 -0.4 -0.4
0.5711122564530557 -0.9246431734030732 6.404120787285245e-05 8.23563688395091e-05 -0.4 -0.4
0.5738329838449074 -0.9326559477577676 0.0008263434749825 3.4959502663829785e-05 -0.4 -0.4
0.5767460906541488 -0.9403966493732768 0.0018404229398137 -1.620215925527603e-05 -0.4 -0.4
0.5801457978691327 -0.947846040307862 0.0030317844026501 -6.876368229771182e-05 -0.4 -0.4
0.5843157844479352 -0.9549554605209488 0.0043083402416853 -0.000120037491709 -0.4 -0.4
0.5894920480887533 -0.9616478820761554 0.0055687991403573 -0.0001672337728861 -0.4 -0.4
0.5958256348138213 -0.96782267726728 0.006711896946436 -0.000207694435495 -0.4 -0.4
0.6033489638080147 -0.9733641137858978 0.0076456090789485 -0.0002391139234207 -0.4 -0.4
0.6119469919263876 -0.9781532174050964 0.0082954991168568 -0.0002597200464257 -0.4 -0.4
0.6213337933736252 -0.9820825182124576 0.0086114441415135 -0.0002683927276211 -0.4 -0.4
0.6310372295938449 -0.9850731388750952 0.0085721300646747 -0.0002647079871616 -0.4 -0.4
0.6403978044146508 -0.9870934159157108 0.0081869185425748 -0.0002489067525796 -0.4 -0.4
0.648589742254585 -0.9881776354742456 0.0074949288278067 -0.0002218001392394 -0.4 -0.4
0.654670769915513 -0.9884426612487872 0.006561426987776 -0.0001846317539948 -0.4 -0.4
0.6576622962628897 -0.988099584257236 0.0054718514554729 -0.0001389217296533 -0.4 -0.4
0.6566559996124421 -0.987457354630947 0.0043240146875414 -8.631669485110113e-05 -0.4 -0.4
0.6509388106624414 -0.9869157546697028 0.0032191907752336 -2.8466011495850077e-05 -0.4 -0.4
0.6401268078554445 -0.9869458736034588 0.0022529070778767 3.306116900771864e-05 -0.4 -0.4
0.6242984033845245 -0.9880571928179144 0.0015062861593402 9.681020273809224e-05 -0.4 -0.4
0.6041162765493635 -0.990751352479462 0.0010387296465924 0.0001614258482109 -0.4 -0.4
0.5809246537909907 -0.9954637248245256 0.0008826096040661 0.0002255938731303 -0.4 -0.4
0.5568047334789306 -1.0024952594454266 0.0010404502180527 0.0002879517211817 -0.4 -0.4
0.5345690075562737 -1.0119387860975335 0.0014848570139489 0.0003469860449698 -0.4 -0.4
0.5176775004618839 -1.023605885341906 0.0021612018371608 0.0004009394298071 -0.4 -0.4
0.5100661511622673 -1.0369621352957177 0.0029928241833171 0.0004477515086038 -0.4 -0.4
0.5158880789861997 -1.051079520179491 0.003888284631189 0.0004850596221739 -0.4 -0.4
0.5391796984306096 -1.064614712280871 0.0047500191470419 0.0005102800056596 -0.4 -0.4
0.5834737524422362 -1.07582074243781 0.0054836087156543 0.0005207818426601 -0.4 -0.4
0.6513900866549949 -1.0825973671935862 0.0060068132270555 0.0005141541478684 -0.4 -0.4
0.7442430950813628 -1.0825823585280867 0.0062575310555119 0.0004885505626739 -0.4 -0.4
0.8617123290869211 -1.0732820490199504 0.0061999341759782 0.0004430810302476 -0.4 -0.4
1.0016279767748748 -1.0522348161112582 0.0058281845303806 0.0003782034198962 -0.4 -0.4
1.1599219754804868 -1.0171960184337707 0.0051673498232435 0.0002960547847275 -0.4 -0.4
1.3307838878485978 -0.966327820885722 0.0042713897222421 0.0002006543967499 -0.4 -0.4
1.5070352054302938 -0.8983734321008622 0.0032183531471683 9.791285805252569e-05 -0.4 -0.4
0.2154071640164823 -0.8127939115578328 0.0021031889885801 -4.603203808801219e-06 0.5 0.5
0.37839320408074695 -0.7098481951561845 0.001028805600232 -9.817139788430412e-05 0.5 0.5
0.5232238628272667 -0.5906038747481097 9.620020874909269e-05 -0.0001736562795678 0.5 0.5
0.6436563198220641 -0.4568764884653831 -0.0006054028021248 -0.0002224228481287 0.5 0.5
0.7351470005925128 -0.3111058564831767 -0.0010074343530322 -0.0002373064349194 0.5 0.5
0.7951079789820737 -0.1561861564239254 -0.0010689762352772 -0.0002135018228901 0.5 0.5
0.822954859222423 0.004729641474282 -0.0007811169121522 -0.0001492391638755 0.5 0.5
0.8199670633237649 0.1684301273965243 -0.000168156066437 -4.614428173768723e-05 0.5 0.5
0.7889967309792373 0.3318318337289008 0.0007145372671831 9.077307208611063e-05 0.5 0.5
0.7340747845715401 0.4921365068268245 0.0017858480290407 0.0002535085140288 0.5 0.5
0.6599697290390383 0.6469489852839786 0.0029469032134102 0.0004317880348029 0.5 0.5
0.5717530276145899 0.7943509581878825 0.00409091644807 0.0006140480499623 0.5 0.5
0.4744145761780971 0.9329312609493414 0.0051138803465574 0.0007885620582806 0.5 0.5
0.37255550207270005 1.061777718567151 0.0059250009535776 0.0009445903402263 0.5 0.5
0.27016804466538646 1.180438268774421 0.0064557831551055 0.0010734273488056 0.5 0.5
0.1704993395066623 1.2888600732409596 0.0066668071589764 0.0011692323736708 0.5 0.5
0.07599008686634878 1.3873150071916258 0.0065514746002709 0.0012295508668493 0.5 0.5
-0.011721372172417421 1.4763190158782606 0.006136319222037 0.0012554643715968 0.5 0.5
-0.09173809193880444 1.5565518786610189 0.0054778350215998 0.0012513446327853 0.5 0.5
-0.16379679280379866 1.6287830694671384 0.0046561429747454 0.0012242304130718 0.5 0.5
-0.2281284977212561 1.6938083901867584 0.0037661633239733 0.0011828900683702 0.5 0.5
-0.28530766930155105 1.7524005404146328 0.0029072406982499 0.0011366727615267 0.5 0.5
-0.33611057895952756 1.8052747734844776 0.0021723422583657 0.0010942796394999 0.5 0.5
-0.3813979532977685 1.8530687155885248 0.0016379951862119 0.0010625990950846 0.5 0.5
-0.4220269925733744 1.896333920258748 0.0013560519583924 0.0010457460336998 0.5 0.5
-0.4587890429024899 1.9355362210014104 0.0013481789925056 0.0010444242351147 0.5 0.5
-0.49236643741431774 1.9710623167111616 0.0016036694079142 0.0010556951070785 0.5 0.5
-0.5233051625614538 2.00323067296973 0.0020808137655967 0.0010731891357941 0.5 0.5
-0.5520043568460009 2.032305156713585 0.0027116719014923 0.001087744133798 0.5 0.5
-0.5787245562053434 2.058509721028985 0.0034097225702142 0.001088403767616 0.5 0.5
-0.6036128649788575 2.0820422654084507 0.0040795603157547 0.0010636668192089 0.5 0.5
-0.6267375836198985 2.103085978910565 0.0046275876536916 0.0010028469885596 0.5 0.5
-0.6481218931318677 2.1218172205485755 0.0049725414312517 0.000897388593817 0.5 0.5
-0.6677687427249701 2.138410031235389 0.0050547120576665 0.0007419876981727 0.5 0.5
-0.6856755631016309 2.153038156962892 0.0048428592140697 0.0005353909536571 0.5 0.5
-0.7018432941435471 2.165875600652729 0.0043380759889925 0.0002807825597215 0.5 0.5
-0.7162855063165452 2.1770962712383746 0.003574177787686 -1.42828634408957e-05 0.5 0.5
-0.7290396730480619 2.18687272060672 0.0026145636512918 -0.0003383941450575 0.5 0.5
-0.7401773501588327 2.195373753301914 0.00154587874349 -0.0006771911576472 0.5 0.5
-0.749807642645095 2.202761018286031 0.0004691515313 -0.0010145750149944 0.5 0.5
-0.7580708196258223 2.2091852540215218 -0.0005106547814137 -0.0013341013057455 0.5 0.5
-0.765124323223465 2.2147831720589397 -0.0012955730682527 -0.0016204193666268 0.5 0.5
-0.7711276016028501 2.2196757397365934 -0.0018048862767727 -0.0018606150633702 0.5 0.5
-0.7762320818897006 2.2239679795763085 -0.001983602822764 -0.0020453214929736 0.5 0.5
-0.7805783734249871 2.2277497713873387 -0.0018082267491691 -0.0021694819001019 0.5 0.5
-0.7842976565352933 2.23109693404484 -0.0012891786829719 -0.0022326816225217 0.5 0.5
-0.7875119031700795 2.234072168391311 -0.0004695812080617 -0.0022390093942518 0.5 0.5
-0.7903296532512138 2.236725978074303 0.0005794855921364 -0.0021964594811174 0.5 0.5
-0.7928387853762242 2.239098012749182 0.0017667621497862 -0.002115939215041 0.5 0.5
-0.7951012648562772 2.2412191342115597 0.0029907748062256 -0.0020099936824565 0.5 0.5
-0.7971543246129986 2.243114007725932 0.0041508815250822 -0.0018913928494539 0.5 0.5
-0.799018317142064 2.2448035752646325 0.005158161775195 -0.0017717415537751 0.5 0.5
-0.8007068814091367 2.2463067435504263 0.0059449328617945 -0.0016602687599745 0.5 0.5
-0.8022336276043607 2.2476410554095128 0.006471830132288 -0.0015629307802809 0.5 0.5
-0.803612317421929 2.248822692649077 0.0067316595170706 -0.0014819262551867 0.5 0.5
-0.8048524131885104 2.249866460906884 0.0067495925317576 -0.0014156724282268 0.5 0.5
-0.8059552374807932 2.2507862195880333 0.0065796888491932 -0.0013592386114809 0.5 0.5
-0.8069153135241836 2.251595695839954 0.006298149051681 -0.001305180791523 0.5 0.5
-0.8077272393731727 2.252309164487536 0.0059940679794617 -0.001244677292117 0.5 0.5
-0.8083938748512853 2.252941440550219 0.0057587370083317 -0.0011688335727145 0.5 0.5
-0.8089302196844983 2.2535070530650905 0.0056747060761683 -0.0010700071399002 0.5 0.5
-0.809360281712701 2.254019031096641 0.0058058466780681 -0.0009430025388645 0.5 0.5
-0.8097092785137905 2.254488002925371 0.0061895461830269 -0.0007860016045915 0.5 0.5
-0.8099967977436417 2.254922075073992 0.0068319186050597 -0.0006011238646297 0.5 0.5
-0.8102355233292302 2.255327395299628 0.0077065677551524 -0.0003945523481205 0.5 0.5
-0.810435652324557 2.255708842966705 0.0087570327458553 -0.0001762058949615 0.5 0.5
-0.8106107190778511 2.2560702777342496 0.0099026329115126 4.1014678584564215e-05 0.5 0.5
-0.8107796145834945 2.2564142058264647 0.011047054275126 0.000242336498496 0.5 0.5
-0.8109627745244907 2.2567412443681154 0.0120887229612926 0.0004124745603484 0.5 0.5
-0.8111752672886929 2.2570499669156665 0.0129318252918165 0.0005371091661956 0.5 0.5
-0.8114221076766537 2.2573374401867974 0.0134967768639628 0.0006043339380226 0.5 0.5
-0.8116994996354698 2.257600229419132 0.0137290119287442 0.0006059261963462 0.5 0.5
-0.8120011335701571 2.2578352794555854 0.0136051475857483 0.0005383037157921 0.5 0.5
-0.812324742710131 2.25804016609857 0.0131358583517431 0.0004030579103805 0.5 0.5
-0.8126739352787293 2.258212691827557 0.0123651490544318 0.0002069928984578 0.5 0.5
-0.8130539605724607 2.258350298299684 0.0113660974745929 -3.835014679414117e-05 0.5 0.5
-0.8134646522386735 2.2584499022424382 0.0102335099050703 -0.0003176489312385 0.5 0.5
-0.8138958003259278 2.258508437018571 0.009074258811046 -0.0006131489186157 0.5 0.5
-0.814328208701145 2.2585238569859785 0.007996323746477 -0.000906274361836 0.5 0.5
-0.8147393630969813 2.258496036115864 0.0070977060039485 -0.0011793424157633 0.5 0.5
-0.8151093208604543 2.258427099806166 0.0064564112919057 -0.0014172109779899 0.5 0.5
-0.8154225693171568 2.258321167720121 0.0061225870961585 -0.0016086986748246 0.5 0.5
-0.8156649480618139 2.2581839107884054 0.0061136759008128 -0.0017476391728565 0.5 0.5
-0.815818704469562 2.258022415982224 0.0064131283830638 -0.0018334677701755 0.5 0.5
-0.8158603831498246 2.257845545535268 0.0069728428756033 -0.0018712808342469 0.5 0.5
-0.8157643427752603 2.257664507220286 0.0077190930623712 -0.0018713532856144 0.5 0.5
-0.8155107114087912 2.25749307294276 0.0085613168429993 -0.0018481423816566 0.5 0.5
-0.8150936044619872 2.257347001801881 0.009402812596878 -0.0018188448594999 0.5 0.5
-0.8145257274060569 2.2572426413556825 0.0101521646593432 -0.0018016067016868 0.5 0.5
-0.8138387065880659 2.257195068615077 0.0107341208220381 -0.0018135082060496 0.5 0.5
-0.8130819498869313 2.2572161979562706 0.0110986800002656 -0.0018684601344466 0.5 0.5
-0.8123237561535968 2.2573130029675776 0.011227318544903 -0.0019751492979508 0.5 0.5
-0.8116560551878393 2.257485627352218 0.0111355771809451 -0.0021351653305062 0.5 0.5
-0.811200363297564 2.2577250218334344 0.0108716151050196 -0.0023414267087088 0.5 0.5
-0.8111101860023595 2.258009985503678 0.0105107668549675 -0.0025770050097136 0.5 0.5
-0.811566060432205 2.2583039669034424 0.0101465655038852 -0.002814422685605 0.5 0.5
-0.8127631687772618 2.258552360860222 0.0098790824380862 -0.003015471523491 0.5 0.5
-0.8148953769885825 2.258681043982496 0.0098017390585824 -0.0031315671778646 0.5 0.5
-0.818140884387053 2.258596506283638 0.0099879305766422 -0.0031046210615599 0.5 0.5
-0.8226525386915728 2.258187417844933 0.0104788425591575 -0.0028683762089917 0.5 0.5
-0.823941589821704 2.2573271639757757 0.0112737336447136 -0.0023501213875051 0.4941999999987221 0.5
-0.8212982795428614 2.255876962993504 0.012323714176266 -0.0014726732060012 0.481599999999361 0.5
-0.820327904109015 2.253689519039167 0.0135296914945726 -0.0001565067858302 0.4691999999987221 0.5
-0.8206999127870818 2.250613436628164 0.014744713193459 0.0016780727143744 0.456599999999361 0.5
-0.8226583027358148 2.246498579349405 0.0157804712483451 0.0041087940543951 0.4441999999986993 0.5
-0.8257475029237771 2.24120220707572 0.0164172916808618 0.0072093535249839 0.4315999999993498 0.5
-0.8300886559141629 2.2345953407832906 0.01641657824011 0.0110474124732201 0.4191999999986994 0.5
-0.8351165267893057 2.226568683191771 0.0155344429369853 0.0156826283369859 0.4065999999993497 0.5
-0.840860237490304 2.2170376645127887 0.0135351668361343 0.0211646877590621 0.3941999999986994 0.5
-0.846677888084848 2.205946598763655 0.0102032004361591 0.0275313338722992 0.3815999999993383 0.5
-0.8525336088459268 2.1932721939551176 0.0053526216930998 0.0348064235566617 0.3691999999986767 0.5
-0.8577338299790549 2.17902654107042 -0.0011667100309312 0.0429981056360041 0.3565999999993383 0.5
-0.8622140126802469 2.163259292072462 -0.0094666761838421 0.0520972633049166 0.3441999999986767 0.5
-0.8652888865031994 2.146058348804332 -0.0196220561062104 0.0620763984938176 0.3315999999993383 0.5
-0.8669496406149113 2.1275483441539595 -0.0316748813352421 0.0728891403161942 0.3191999999986539 0.5
-0.8666146937147445 2.1078865880923616 -0.0456412045281237 0.0844705244521572 0.306599999999327 0.5
-0.864416944275046 2.0872567527208337 -0.0615192471142654 0.0967381175107488 0.294199999998654 0.5
-0.8599394231830315 2.0658610162932223 -0.0792977731528225 0.1095939700857825 0.281599999999327 0.5
-0.8534887627290422 2.0439114579748656 -0.0989635742738863 0.1229272906647956 0.2691999999986539 0.5
-0.8448210022645419 2.0216212897018546 -0.1205071177748653 0.1366176374457541 0.2565999999993156 0.5
-0.8390169556320948 1.999196323475346 -0.1439256722522754 0.150538328085868 0.25 0.5
-0.8367702611144523 1.9768271279121368 -0.1692235532154798 0.1645596913728314 0.25 0.5
-0.8330918493748984 1.9546826018006915 -0.1964094836386934 0.1785517598133973 0.25 0.5
-0.8282476910041514 1.932905916863202 -0.2254913956066731 0.192386052465366 0.25 0.5
-0.8224782396669639 1.9116136477627867 -0.2564692797035545 0.2059362324177372 0.25 0.5
-0.8159700737591113 1.8908983237960904 -0.2893268990775012 0.2190776215832105 0.25 0.5
-0.808840285408412 1.8708338164201792 -0.3240233117144743 0.2316857710876563 0.25 0.5
-0.8011362660156518 1.851482287879338 -0.3604851810867314 0.2436344737376349 0.25 0.5
-0.7928487784419191 1.8329011612777728 -0.3986007910866082 0.2547937300430934 0.25 0.5
-0.783933383551656 1.8151487834335809 -0.4382165095157575 0.2650282160923132 0.25 0.5
-0.7743352428428718 1.7982879450784153 -0.4791361746892256 0.2741967422490962 0.25 0.5
-0.7640139852750449 1.782386920794128 -0.5211235251510433 0.2821530423867454 0.25 0.5
-0.7523213471010948 1.7675180222666236 -0.5639073978389169 0.2887480169348121 0.2538000000014143 0.4955999999992929
-0.7397865620137534 1.7537538415565677 -0.6071890895408115 0.2938333166441115 0.2664000000007071 0.4825999999992929
-0.727377764448851 1.7411615533551896 -0.6506510917078061 0.2972659534617732 0.278800000001437 0.4705999999992815
-0.7139404113212278 1.729795980910359 -0.6939663470064472 0.2989134980764641 0.2914000000007185 0.4575999999992814
-0.7010740710399044 1.7196925577782334 -0.7368071772264521 0.2986593861986347 0.303800000001437 0.4455999999992814
-0.6877121300033573 1.7108616046742973 -0.7788530859697166 0.2964079051517556 0.3164000000007184 0.4325999999992815
-0.6754805593550728 1.7032852596739587 -0.8197967671512655 0.2920885440397297 0.3288000000014369 0.4205999999992815
-0.6632679643130568 1.6969179077385057 -0.8593478690223081 0.2856595231725033 0.3414000000007298 0.4075999999992701
-0.6525886554456917 1.6916902293071971 -0.8972343705263094 0.2771104353600588 0.3538000000014597 0.3955999999992701
-0.6421676165679835 1.6875163177626833 -0.9332017728837458 0.2664640134834057 0.3664000000007298 0.3825999999992701
-0.6333233628707235 1.6843029241058822 -0.9670106203561744 0.2537770762362197 0.3788000000014597 0.3705999999992701
-0.6245733178312296 1.6819597918188651 -0.9984330930625964 0.2391406971241775 0.3914000000007299 0.3575999999992701
-0.6170370635773303 1.6804100780357394 -1.0272495369901888 0.2226796035797995 0.4038000000014825 0.3455999999992587
-0.6090638596683751 1.6795998256780624 -1.053245796517914 0.2045507612600677 0.4164000000007413 0.3325999999992587
-0.6016605034069178 1.679505307711222 -1.0762120963238142 0.1849410507267593 0.4288000000014825 0.3205999999992587
-0.5931427045156346 1.6801369613705863 -1.095943996679402 0.1640639203686986 0.4414000000007412 0.3075999999992588
-0.5845791027179903 1.68153880891902 -1.1122456446834088 0.1421549156226303 0.4538000000014824 0.2955999999992588
-0.5744439959147574 1.6837828526472771 -1.1249352112829183 0.1194660433563332 0.4664000000007526 0.2825999999992474
-0.5640450416145937 1.6869588210557984 -1.1338520830684993 0.0962590321546071 0.4788000000015052 0.2705999999992474
-0.5521453155880773 1.691160520894396 -1.1388650930469746 0.0727976870857079 0.4914000000007526 0.2575999999992474
-0.5409990675845866 1.6964706073355855 -1.1398808551095023 0.0493396884364734 0.5 0.25
-0.5291714594578312 1.702945700577127 -1.1368511515197872 0.0261283202647997 0.5 0.25
-0.5176492649448838 1.7106035546313438 -1.1297783411342803 0.0033847040806867 0.5 0.25
-0.506965704900173 1.7194136281368555 -1.1187179181074456 -0.0186988805827878 0.5 0.25
-0.4976537483727861 1.7292920576468382 -1.1037776380509563 -0.0399640945686117 0.5 0.25
-0.4901937384241051 1.7401016828095597 -1.085112998642456 -0.0602897204451202 0.5 0.25
-0.4849657343647351 1.7516573089671492 -1.062919277092902 -0.079592780423906 0.5 0.25
-0.48221423426245247 1.7637357355306758 -1.037420760717452 -0.0978276224600784 0.5 0.25
-0.482031440824926 1.7760893121044306 -1.0088582003995723 -0.114983147648919 0.5 0.25
-0.4843610153672562 1.788461168021938 -0.9774757701643348 -0.1310784704646448 0.5 0.25
-0.4890192271466054 1.8006000664852124 -0.9435088646971272 -0.1461574141229468 0.5 0.25
-0.4957269873540904 1.812273143770552 -0.9071739350686012 -0.1602823248873067 0.5 0.25
-0.5041457269690541 1.823275445035143 -0.8686613100189201 -0.1735277119578011 0.5 0.25
-0.5139119630565081 1.8334358723382376 -0.8281316096169229 -0.1859741823273571 0.5 0.25
-0.5246679828526535 1.8426196760325868 -0.7857159547647767 -0.1977030573384222 0.5 0.25
-0.5360876114433255 1.8507278777473215 -0.7415197443439498 -0.208791945241563 0.5 0.25
-0.5478959735144184 1.857694116602989 -0.6956293562682947 -0.2193114205443688 0.5 0.25
-0.5598813941997438 1.8634795192515472 -0.6481207899975809 -0.229322842620215 0.5 0.25
-0.5718975614714528 1.8680663798315729 -0.5990690561514045 -0.2388772441331648 0.5 0.25
-0.5838556793188698 1.8714516236844276 -0.5485570506267696 -0.2480151448641339 0.5 0.25
-0.5957091380066792 1.8736410557525407 -0.4966827361596367 -0.2567671035950912 0.5 0.25
-0.607435622480379 1.8746451419518728 -0.4435636928681803 -0.2651548083098923 0.5 0.25
-0.6190219698686139 1.874476579703835 -0.3893384544030918 -0.273192520152251 0.5 0.25
-0.6304550841122647 1.8731493827169736 -0.3341644668043207 -0.280888721484776 0.5 0.25
-0.6417190022420827 1.8706788743057472 -0.2782129380808843 -0.2882478605499864 0.5 0.25
-0.6527957599632939 1.867081974081539 -0.221661231274415 -0.2952721248023969 0.5 0.25
-0.6636673564738804 1.8623773980852096 -0.164683765958995 -0.3019632034264731 0.5 0.25
-0.6743175410033819 1.8565856624378216 -0.107442618577464 -0.3083240087904818 0.5 0.25
-0.6847337088897953 1.8497289083374835 -0.0500791141289832 -0.314360313623315 0.5 0.25
-0.6949094380093701 1.841830537448504 0.007292345726689 -0.3200822274203259 0.5 0.25
-0.7048469941167812 1.832914593647567 0.0645871912103529 -0.3255053910700726 0.5 0.25
-0.7145576427272737 1.823004894235889 0.1217497394109324 -0.330651732239483 0.5 0.25
-0.7240572914899057 1.8121241299631616 0.1787484426127072 -0.3355496120541385 0.5 0.25
-0.7333565406644604 1.800293400814171 0.2355680518344695 -0.3402332069241367 0.5 0.25
-0.7424469100840514 1.787532746747725 0.2921999409044877 -0.3447410030600821 0.5 0.25
-0.7512870829649465 1.77386305573932 0.3486321131356303 -0.3491133358935092 0.5 0.25
-0.7597930735302283 1.7593093474428254 0.4048404177628667 -0.3533889833787662 0.5 0.25
-0.7678343637069207 1.7439050400898026 0.4607822569767005 -0.3576009177074823 0.5 0.25
-0.775235660836997 1.7276966037191106 0.5163936329861 -0.3617714281346822 0.5 0.25
-0.7817826815949291 1.710748037635411 0.5715898380332094 -0.3659069382118516 0.5 0.25
-0.787230939954433 1.693144769475918 0.6262695012176771 -0.3699929398012997 0.5 0.25
-0.791317995820815 1.6749966754804748 0.6803211784657557 -0.3739895391316465 0.5 0.25
-0.7937803585805536 1.6564398758983934 0.7336313006275552 -0.3778281409607554 0.5 0.25
-0.794375225414814 1.637636840040338 0.786092128741032 -0.3814097698138929 0.5 0.25
-0.7929047917639465 1.6187743174988567 0.837608411846653 -0.3846054317868291 0.5 0.25
-0.7892385650637568 1.600058838322462 0.8881016571298439 -0.3872587547398257 0.5 0.25
-0.7833287033076508 1.5817099818160865 0.9375112563682466 -0.3891909199141692 0.5 0.25
-0.7746655163907024 1.5639521114853214 0.9857921697566632 -0.3902076423878456 0.4925999999991337 0.2564000000008663
-0.7652645625047771 1.5470055818462545 1.0329094206788758 -0.3901077127566255 0.4805999999991336 0.2688000000017326
-0.7533482189443652 1.5310784355958522 1.0788301724253555 -0.3886924234839406 0.4675999999991336 0.2814000000008663
-0.7404187672879692 1.516359385701419 1.1235145118153875 -0.3857751120041886 0.4555999999991336 0.2938000000017326
-0.7254977786724504 1.5030125689726976 1.166906221292595 -0.3811900821709438 0.4425999999991336 0.3064000000008663
-0.7101309775882236 1.491174313105456 1.208924787299703 -0.3748003044774687 0.4305999999991224 0.3188000000017553
-0.6933408776208161 1.48095202534671 1.2494596802193574 -0.3665034995211375 0.4175999999991224 0.3314000000008776
-0.6766333198234498 1.472425209584632 1.288367595536084 -0.3562364261179416 0.4055999999991224 0.3438000000017553
-0.6589564711423757 1.4656484376023635 1.3254729393486306 -0.3439773847323379 0.3925999999991224 0.3564000000008776
-0.6417196043149009 1.4606558124881293 1.360571450621217 -0.3297470812831465 0.3805999999991223 0.3688000000017553
-0.623768899389392 1.4574661620567158 1.3934365422325734 -0.3136080639479336 0.3675999999991109 0.381400000000889
-0.6064236284516666 1.45608804411778 1.4238277304494524 -0.2956629542784357 0.3555999999991109 0.393800000001778
-0.5884652246959932 1.4565237412726908 1.45150038948403 -0.2760516619371339 0.3425999999991109 0.406400000000889
-0.5711797230373739 1.458771740803095 1.476216008310099 -0.2549477183160026 0.3305999999991109 0.4188000000017781
-0.553346529439338 1.462827578499435 1.4977521441937032 -0.2325538083402957 0.3175999999991109 0.4314000000008891
-0.5362769976616955 1.4686831975555046 1.5159113544923113 -0.2090965358718758 0.3055999999990996 0.4438000000018007
-0.5187988488437623 1.4763250577894136 1.530528532789482 -0.1848204327910717 0.2925999999990996 0.4564000000009003
-0.5022907785133279 1.485731194905041 1.5414762550188303 -0.1599812297148193 0.2805999999990996 0.4688000000018008
-0.4856615684769916 1.4968674270537865 1.5486679282557192 -0.1348384642560869 0.2675999999990996 0.4814000000009004
-0.47037565868873976 1.5096830422060907 1.5520587137965045 -0.1096476113982139 0.2555999999990996 0.4938000000018008
-0.4559688617960478 1.5241065363372952 1.5516443540680749 -0.0846520656617943 0.25 0.5
-0.44206738602199147 1.5400421501576904 1.5474581537570864 -0.060075452378308 0.25 0.5
-0.42964816572624187 1.5573679115554913 1.539566451977826 -0.0361148403283686 0.25 0.5
-0.4189551027888494 1.575935594982867 1.52806299250376 -0.0129354244063658 0.25 0.5
-0.4101980197054589 1.595572584703982 1.5130626544034391 0.0093328692056592 0.25 0.5
-0.4035421330874778 1.6160852827334362 1.4946950257875014 0.0305966135507424 0.25 0.5
-0.39910180143640783 1.6372635694246884 1.4730982720140215 0.0507979597502718 0.25 0.5
-0.39693719775323544 1.6588858892810476 1.448413666988422 0.0699118148961599 0.25 0.5
-0.39705323038829343 1.680724669505724 1.4207810411726889 0.0879415529455617 0.25 0.5
-0.3994011598447922 1.7025518464668947 1.3903352834457054 0.1049138005646585 0.25 0.5
-0.4038837428146036 1.7241442304824155 1.3572039376798313 0.1208728627347925 0.25 0.5
-0.41036398253407214 1.7452883562009551 1.321505870654821 0.1358752972699331 0.25 0.5
-0.41867619615717055 1.765784457947548 1.2833509736772992 0.1499850286473147 0.25 0.5
-0.428637020540219 1.7854493383318308 1.2428408866688858 0.1632692357311847 0.25 0.5
-0.4400540547528542 1.804118136277809 1.2000707350125834 0.1757951007830367 0.25 0.5
-0.4527312826358387 1.8216452308025235 1.1551317988825032 0.1876274046988123 0.25 0.5
-0.4664721987741971 1.8379046025389396 1.1081149271188673 0.1988268916584753 0.25 0.5
-0.4810822798663117 1.85278988266152 1.0591144127142622 0.2094492858448826 0.25 0.5
-0.4963717477805951 1.8662141546748887 1.008231969148025 0.2195448194094348 0.25 0.5
-0.5121582717890427 1.8781094798968292 0.9555803870678712 0.2291581262632576 0.25 0.5
-0.5282684784939384 1.888426152717925 0.9012864279865206 0.2383283675112604 0.25 0.5
-0.5445375558952792 1.897131804868531 0.8454925398858066 0.2470894782092043 0.25 0.5
-0.5608075939042512 1.9042105492790031 0.7883570667649277 0.2554704570347936 0.25 0.5
-0.5769265215254649 1.909662289888578 0.7300527575214469 0.2634956546373374 0.25 0.5
-0.5927495643974345 1.9135021377360315 0.6707635267823482 0.2711850502453274 0.25 0.5
-0.608143883636616 1.915759681296288 0.6106795778711129 0.2785545358268473 0.25 0.5
-0.6229952433940111 1.9164777929326264 0.5499911823094092 0.2856162466992469 0.25 0.5
-0.6372144179549233 1.9157107685932253 0.4888816126312518 0.2923789841494939 0.25 0.5
-0.6507413757117586 1.913521826797733 0.4275199256860545 0.2988487687586364 0.25 0.5
-0.6635467349251423 1.909980189226557 0.3660544431839132 0.3050295458222659 0.25 0.5
-0.675631380625612 1.9051580157340429 0.304607770331313 0.3109240470531911 0.25 0.5
-0.6870254082933935 1.8991273776714817 0.2432739802348678 0.3165348020175276 0.25 0.5
-0.697786623937422 1.8919573368421423 0.1821182629220406 0.3218652803396343 0.25 0.5
-0.7079975343183764 1.8837111744484 0.1211790179734892 0.3269211216852998 0.25 0.5
-0.7177592159669688 1.8744439210165624 0.0604721101874973 0.3317113761258493 0.25 0.5
-0.7271812291980151 1.8642004994198655 -3.1735165909315766e-06 0.3362496396310254 0.25 0.5
-0.7363684103934731 1.853014876500064 -0.0602570277364151 0.3405549351724542 0.25 0.5
-0.7454067638787998 1.8409105354607167 -0.1203015061886121 0.3446521673464038 0.25 0.5
-0.7543508400568744 1.8279023590728367 -0.1801430147128344 0.3485719742180116 0.25 0.5
-0.7632139481343736 1.8139997750671493 -0.2397755609620515 0.3523498179911513 0.25 0.5
-0.7719611946345473 1.799210880253712 -0.2991753651381258 0.3560241984084992 0.25 0.5
-0.7805047506276797 1.7835472607902572 -0.3582973441821919 0.3596339387852997 0.25 0.5
-0.7887013646535168 1.7670292857274892 -0.417073823385369 0.3632145806648501 0.25 0.5
-0.7963533289577729 1.7496916492621375 -0.4754156250606866 0.3667940245413125 0.25 0.5
-0.8032147677597301 1.7315888163663602 -0.5332154547470315 0.3703876627001745 0.25 0.5
-0.8090045258248013 1.7127998395903872 -0.5903532672390345 0.3739933533707935 0.25 0.5
-0.8134251947356352 1.693431887007907 -0.6467030721053391 0.3775866687842555 0.25 0.5
-0.8161859318504439 1.6736218675343435 -0.702140433816837 0.3811168984453366 0.25 0.5
-0.8170259676747604 1.653535774349299 -0.7565497506455393 0.3845042906925803 0.25 0.5
-0.8157363256473493 1.633365677581823 -0.8098303520700333 0.387638965322613 0.25 0.5
-0.8121783309591923 1.613324545017088 -0.8619006103687349 0.3903818264141745 0.25 0.5
-0.806297940191445 1.5936392119211689 -0.9126995567965056 0.3925676466162178 0.25 0.5
-0.7981345540355878 1.5745419179020244 -0.9621858156953564 0.3940102890605198 0.25 0.5
-0.7870906829844926 1.5562609624984656 -1.01033397538875 0.3945098037974374 0.2604000000010255 0.489199999997949
-0.7738904464328078 1.539011234199927 -1.0571287872059354 0.3938609197831594 0.2724000000010255 0.4765999999989745
-0.7600112436733886 1.5229855775566423 -1.1025577982060966 0.3918622959006009 0.2854000000010369 0.4641999999979263
-0.7438577694724757 1.5083480431892131 -1.1466031629900408 0.3883258340620544 0.2974000000010369 0.4515999999989631
-0.727688259041388 1.4952299042419617 -1.1892334349243991 0.3830854057575404 0.3104000000010369 0.4391999999979263
-0.7098903046889271 1.4837289183377325 -1.2303961085477613 0.3760044759614433 0.3224000000010368 0.4265999999989632
-0.6926469629789445 1.4739117758688358 -1.270011600822343 0.3669822811215932 0.3354000000010368 0.4141999999979264
-0.6742272236104374 1.4658191695708511 -1.307969240372996 0.3559583893885737 0.3474000000010481 0.4015999999989518
-0.6566713734503549 1.4594725852098034 -1.3441256819897702 0.3429156095373864 0.3604000000010481 0.3891999999979036
-0.6381017062565153 1.4548817878646765 -1.3783059848046535 0.3278813030356391 0.3724000000010481 0.3765999999989518
-0.6204269266474682 1.452052005239021 -1.410307392890088 0.310927193350084 0.3854000000010482 0.3641999999979036
-0.6016698162607725 1.4509899025741828 -1.4399056400085215 0.2921677707631913 0.3974000000010482 0.3515999999989518
-0.5836857919081573 1.4517075589481014 -1.4668633801154412 0.2717573782899655 0.4104000000010596 0.3391999999978808
-0.564500269632946 1.4542238197571933 -1.4909401346796334 0.2498860604793209 0.4224000000010596 0.3265999999989404
-0.546029897794269 1.4585626807938947 -1.511902968787631 0.2267742733076269 0.4354000000010596 0.3141999999978808
-0.526413440946969 1.4647487810143756 -1.529537016406015 0.2026665705397652 0.4474000000010595 0.3015999999989405
-0.5077173408005686 1.4728005749196746 -1.543655010359718 0.1778243880311101 0.4604000000010595 0.2891999999978809
-0.48824442112656463 1.4827221808395254 -1.5541051019835352 0.1525180704008384 0.4724000000010709 0.2765999999989291
-0.470215262400806 1.494495126726865 -1.5607764248979552 0.1270183531901697 0.4854000000010709 0.2641999999978581
-0.45205522368901185 1.508071190486691 -1.5636020539587558 0.101587621295172 0.4974000000010709 0.251599999998929
-0.4367912173315558 1.5233673061177857 -1.5625592383421378 0.0764713848719126 0.5 0.25
-0.42236223255817107 1.5402631843846302 -1.5576670306894125 0.0518905101542121 0.5 0.25
-0.4098310707129116 1.558601961128813 -1.548981666817968 0.0280347677688628 0.5 0.25
-0.39946394534492 1.578193854057522 -1.5365902527168782 0.0050581881441149 0.5 0.25
-0.39144499580826553 1.59882245952303 -1.5206034665512054 -0.0169234485514589 0.5 0.25
-0.3858675839065606 1.6202529599422035 -1.5011480619706796 -0.037832879746678 0.5 0.25
-0.38273751972410563 1.6422412015515475 -1.4783599495173338 -0.0576295060436056 0.5 0.25
-0.3819871820490506 1.664542449579137 -1.4523785249835897 -0.0763057311427707 0.5 0.25
-0.3834969054407522 1.686918731374232 -1.423342713862016 -0.0938819525919231 0.5 0.25
-0.3871185063677052 1.7091440408301568 -1.391388943887832 -0.1104007365602349 0.5 0.25
-0.3926959300377608 1.7310071901933863 -1.3566509820987562 -0.1259207182753068 0.5 0.25
-0.4000795100979193 1.7523125971896103 -1.319261306752049 -0.1405107183902137 0.5 0.25
-0.4091324680635955 1.7728796461798184 -1.2793534620217328 -0.1542444700057418 0.5 0.25
-0.4197301286327426 1.792541399373459 -1.237064703006351 -0.1671962278420602 0.5 0.25
-0.43175347664784036 1.8111433865101847 -1.1925382106930635 -0.1794373986142477 0.5 0.25
-0.44507919615355496 1.8285430388454007 -1.145924266208882 -0.1910342024113895 0.5 0.25
-0.45956842907114437 1.8446101192300453 -1.0973800029783845 -0.2020462604621825 0.5 0.25
-0.4750565438082055 1.8592282763229309 -1.047067617866326 -0.2125259295054145 0.5 0.25
-0.49134642588612776 1.8722976219421104 -0.9951511496808464 -0.2225181836420194 0.5 0.25
-0.5082077400284923 1.8837379793534976 -0.9417921393966572 -0.2320608660817635 0.5 0.25
-0.5253836145851776 1.8934922053506484 -0.8871446852882651 -0.2411851699769953 0.5 0.25
-0.5426043354790799 1.9015288438921307 -0.8313505563106198 -0.2499162482753212 0.5 0.25
-0.5596056859555754 1.9078434103442228 -0.77453509060113 -0.2582738929390948 0.5 0.25
-0.5761483691656433 1.9124578417486653 -0.7168045691354584 -0.2662732586564143 0.5 0.25
-0.5920349753685805 1.915418004832101 -0.6582456062348387 -0.2739256323471354 0.5 0.25
-0.6071220622223583 1.916789507295243 -0.5989268544779333 -0.2812392642815599 0.5 0.25
-0.6213263797266877 1.9166523010730072 -0.5389030216830637 -0.2882202764497569 0.5 0.25
-0.634625325838909 1.9150946631003385 -0.4782208838825961 -0.2948736504069432 0.5 0.25
-0.6470521305668298 1.9122071305164476 -0.4169267114210871 -0.3012042731370148 0.5 0.25
-0.6586863758863393 1.9080769174597647 -0.3550743404012604 -0.3072179915924637 0.5 0.25
-0.6696407581295238 1.9027832798711308 -0.2927329645622495 -0.312922609297101 0.5 0.25
-0.680045647711045 1.8963942040581785 -0.2299935528103237 -0.3183287631104809 0.5 0.25
-0.6900336681556252 1.888964639287074 -0.1669727194461077 -0.3234506368575189 0.5 0.25
-0.6997266521556167 1.8805362724715116 -0.103813054752498 -0.3283064817756896 0.5 0.25
-0.709226600045687 1.87113860725595 -0.0406794062277484 -0.3329189115599469 0.5 0.25
-0.7186108147719583 1.8607909472513813 0.0222487417730345 -0.3373149271018853 0.5 0.25
-0.7279298605709594 1.8495048657741855 0.0847879797193032 -0.3415256122017762 0.5 0.25
-0.7372062537089175 1.8372868797170896 0.1467633962740288 -0.3455854309135273 0.5 0.25
-0.7464323094587155 1.824141254346198 0.2080209417508731 -0.3495310530476473 0.5 0.25
-0.7555668878544153 1.8100730234003264 0.2684378845084955 -0.3533996449266932 0.5 0.25
-0.7645318976367355 1.795091334614885 0.3279298217952878 -0.3572265934776205 0.5 0.25
-0.7732097308834707 1.7792131448512114 0.3864532838075153 -0.3610426787515025 0.5 0.25
-0.7814424541387077 1.7624671717628644 0.4440036384336127 -0.364870765706532 0.5 0.25
-0.7890331012983887 1.7448979263489937 0.5006086569201561 -0.3687221477868126 0.5 0.25
-0.7957493164820306 1.7265696162191548 0.5563186651800828 -0.3725927403396378 0.5 0.25
-0.8013299972914778 1.7075696845709518 0.6111946127165583 -0.3764593862885495 0.5 0.25
-0.8054960122752708 1.688011684841804 0.6652955989640209 -0.3802765923763851 0.5 0.25
-0.8079659013481422 1.668037083614277 0.7186673811066476 -0.3839740508573623 0.5 0.25
-0.8084764915932863 1.6478154934794629 0.7713331527205225 -0.3874553060485294 0.5 0.25
-0.8068068119526184 1.6275428443201343 0.8232874839888507 -0.3905978872896337 0.5 0.25
-0.8028022143270341 1.6074371631248725 0.8744938222024373 -0.3932551427116072 0.5 0.25
-0.7963949093992428 1.5877319416921691 0.924885436715358 -0.3952598707326543 0.5 0.25
-0.7868761570092664 1.568667450752245 0.9743692381700364 -0.3964296679481929 0.497599999998804 0.251400000001196
-0.7766582959256607 1.550480707051323 1.022831570259528 -0.3965737152898753 0.485599999998804 0.263800000002392
-0.7638138562977304 1.533395037458861 1.0701448977481285 -0.3955005444706703 0.472599999998804 0.276400000001196
-0.7499161430167867 1.5176102738290924 1.116174318244656 -0.3930262069391995 0.4605999999988039 0.288800000002392
-0.7340824651721323 1.503294569527518 1.1607829890155583 -0.3889822396371299 0.4475999999988039 0.301400000001196
-0.7179688936727824 1.4905786950103093 1.2038358320100415 -0.383222888465406 0.4355999999987927 0.3138000000024146
-0.7007091692408673 1.4795534656431362 1.2452012160706578 -0.3756311873047097 0.4225999999987926 0.3264000000012073
-0.6839058355921623 1.470270670719054 1.284750667713254 -0.3661236607450901 0.4105999999987926 0.3388000000024146
-0.6665737525600246 1.462747497159943 1.3223569735080858 -0.3546535845732453 0.3975999999987926 0.3514000000012073
-0.6501447545852912 1.4569739939039452 1.35789126387495 -0.3412128733282794 0.3855999999987926 0.3638000000024147
-0.633432434874226 1.4529226784455214 1.391219775667228 -0.3258327596255279 0.3725999999987813 0.3764000000012187
-0.6176626933184814 1.4505590569581035 1.4222009734396104 -0.3085834768164539 0.3605999999987813 0.3888000000024375
-0.6014649416645246 1.4498516976263616 1.4506836206558238 -0.2895731365618368 0.3475999999987813 0.4014000000012187
-0.5859258841317994 1.4507805754599137 1.4765062854667084 -0.2689459054099768 0.3355999999987812 0.4138000000024375
-0.5695982462711058 1.45334264704684 1.4994986264064174 -0.2468794669758068 0.3225999999987812 0.4264000000012187
-0.5535650943281922 1.457553944419734 1.5194846025898645 -0.2235816554200637 0.3105999999987699 0.4388000000024601
-0.5364515230274436 1.463447844987022 1.536287512397464 -0.1992860903324124 0.2975999999987699 0.45140000000123
-0.5194838103372978 1.4710695646842824 1.5497365266459118 -0.1742466508823912 0.2855999999987699 0.4638000000024601
-0.501487294600198 1.48046734365066 1.559674176826428 -0.1487307051099986 0.2725999999987699 0.47640000000123
-0.4839233340271809 1.4916812361906449 1.5659641137059206 -0.1230111495842367 0.2605999999987699 0.4888000000024601
-0.4665998805116356 1.504730812788034 1.56849838853339 -0.0973575020819855 0.25 0.5
-0.4489194956223441 1.5196033247368703 1.5672035366224548 -0.072026501131313 0.25 0.5
-0.432275230976511 1.536243875174636 1.5620448636859312 -0.0472528564280098 0.25 0.5
-0.4171797164787572 1.5545488520769848 1.553028539620495 -0.0232409177538485 0.25 0.5
-0.40412883974694447 1.574363380429109 1.5402013578142315 -0.0001580444134435 0.25 0.5
-0.3935622136315198 1.5954829964544146 1.5236482714058706 0.0218696802550171 0.25 0.5
-0.3858297932071064 1.6176592750912626 1.503488032216806 0.0427590271906424 0.25 0.5
-0.3811671145776363 1.640608795770552 1.4798674118421389 0.0624684730115876 0.25 0.5
-0.37968092027494516 1.6640245843127883 1.4529545645145765 0.08099460993581 0.25 0.5
-0.38134622612805424 1.6875889922852938 1.4229320962116287 0.0983666214692205 0.25 0.5
-0.3860148331902957 1.7109868696724884 1.3899903511915914 0.1146394600056026 0.25 0.5
-0.3934338052966968 1.7339178863534588 1.3543213331687949 0.1298864021907277 0.25 0.5
-0.40327099851195314 1.756107005823789 1.3161135537505684 0.1441916245434007 0.25 0.5
-0.41514396126233866 1.7773124059725938 1.2755479668889274 0.1576433534038155 0.25 0.5
-0.42864863028617917 1.79733050984636 1.2327950259900564 0.1703280162240815 0.25 0.5
-0.4433850847773124 1.815998146817742 1.1880127938874716 0.1823256775581193 0.25 0.5
-0.4589787737316109 1.8331921383400107 1.141345954503082 0.1937069009171771 0.25 0.5
-0.4750965575441657 1.8488267609668496 1.0929255376794629 0.2045310442575953 0.25 0.5
-0.4914573838986813 1.862849605212433 1.0428691905367176 0.2148458765818147 0.25 0.5
-0.5078375871015894 1.875236366822565 0.9912819235770388 0.2246882989504491 0.25 0.5
-0.5240708831467233 1.885985108112406 0.9382573972749422 0.234085872786046 0.25 0.5
-0.5400434307574953 1.8951105197977336 0.8838798910811255 0.2430588215586326 0.25 0.5
-0.555685010122231 1.902638676721984 0.8282270414495619 0.2516221906435645 0.25 0.5
-0.5709580870657294 1.908602675709761 0.7713733006057564 0.2597879082279796 0.25 0.5
-0.5858467081900409 1.913039367003188 0.7133939323529344 0.2675665623762924 0.25 0.5
-0.6003466874926944 1.915987196184184 0.654369243310523 0.2749687835176139 0.25 0.5
-0.614457779816624 1.9174850274349144 0.5943886549321901 0.2820061919397385 0.25 0.5
-0.6281779546240296 1.917571749453252 0.5335541752849348 0.2886919298973546 0.25 0.5
-0.6414997357169905 1.916286453990849 0.4719828356357952 0.2950408443532954 0.25 0.5
-0.654408773799029 1.91366898041915 0.4098077159107169 0.3010694174534107 0.25 0.5
-0.6668849810317234 1.909760603039247 0.3471772892024944 0.3067955560998608 0.25 0.5
-0.6789063011147278 1.9046046049360748 0.28425294603945 0.3122383506875306 0.25 0.5
-0.6904544873184681 1.898246474824602 0.2212047107484844 0.3174178973541144 0.25 0.5
-0.7015214506774314 1.8907335260927551 0.1582053475391543 0.322355247918141 0.25 0.5
-0.7121142870770791 1.882113881025012 0.0954232695092574 0.3270725089872006 0.25 0.5
-0.722257340493111 1.872434952317304 0.0330149039213401 0.3315930599228666 0.25 0.5
-0.7319905656060532 1.861741718267993 -0.028882612783529 0.3359418054672815 0.25 0.5
-0.7413644719537915 1.8500751617073876 -0.0901574624271274 0.3401453365351735 0.25 0.5
-0.7504324504012194 1.8374712145120085 -0.1507271021984081 0.3442318527810817 0.25 0.5
-0.7592412258771497 1.8239604694718865 -0.2105396692803015 0.3482307018964836 0.25 0.5
-0.7678199666647889 1.8095688468841715 -0.2695726935501534 0.3521714080544333 0.25 0.5
-0.7761686224392972 1.7943193502176926 -0.3278292985282044 0.3560820953165211 0.25 0.5
-0.7842465149237987 1.778234987973763 -0.3853323412231512 0.3599872621388329 0.25 0.5
-0.7919628697811198 1.761342836481383 -0.4421171375185771 0.3639049290926073 0.25 0.5
-0.7991713513090937 1.743679049503271 -0.498223539249414 0.3678432609983055 0.25 0.5
-0.8056703656305442 1.7252944143723616 -0.5536881681378865 0.3717968511501335 0.25 0.5
-0.8112099833366759 1.7062598778093072 -0.608537557400888 0.3757429398112383 0.25 0.5
-0.8155051437198368 1.6866713794756396 -0.6627828030405676 0.3796379104947597 0.25 0.5
-0.818253886897724 1.666653365103656 -0.716416079211418 0.383414452442498 0.25 0.5
-0.8191591626302519 1.6463604764138835 -0.7694090543929551 0.386979784239282 0.25 0.5
-0.8179530093327925 1.6259770601508583 -0.821712971590394 0.3902152964408839 0.25 0.5
-0.8144217857897207 1.605714259217579 -0.8732600258142874 0.3929778884061656 0.25 0.5
-0.8084303718164865 1.585804580638607 -0.9239656559784564 0.3951031430695918 0.25 0.5
-0.7999423087368118 1.5664940434569583 -0.9737313853777086 0.3964103067768095 0.25 0.5
-0.7877625829944956 1.5480323125832771 -1.022447868408192 0.3967088394214989 0.2614000000013551 0.4875999999986448
-0.774477412155743 1.5306615722838224 -1.0699978318662948 0.3958061081804767 0.2738000000027331 0.4755999999986334
-0.7585764040539944 1.5146051850683515 -1.1162586371599947 0.3935156590297222 0.2864000000013665 0.4625999999986334
-0.7417831316215051 1.5000573126629468 -1.1611042473487627 0.3896654504537968 0.2988000000027331 0.4505999999986334
-0.7231780497621298 1.4871746035008997 -1.2044064612476209 0.3841054832618226 0.3114000000013666 0.4375999999986334
-0.7045574033701318 1.4760708165246814 -1.246035363163337 0.3767143850994709 0.323800000002733 0.4255999999986335
-0.685002558998411 1.4668149301877715 -1.2858590304985462 0.3674046672708823 0.3364000000013779 0.4125999999986221
-0.6662381736840417 1.459432942287925 -1.323742638954067 0.3561265276052223 0.3488000000027557 0.4005999999986221
-0.6472075362308494 1.4539132289196253 -1.359547194286278 0.3428701980390741 0.3614000000013779 0.3875999999986221
-0.6294435504690532 1.4502149932965351 -1.3931281963139657 0.3276669138479011 0.3738000000027557 0.3755999999986221
-0.611663514389813 1.448278992249734 -1.4243345937298475 0.3105886144277325 0.3864000000013779 0.3625999999986221
-0.5951650975603862 1.4480394088107476 -1.453008398932066 0.2917464831870617 0.3988000000027785 0.3505999999986107
-0.5784493397503465 1.449435503054814 -1.4789852939819623 0.2712884119239224 0.4114000000013892 0.3375999999986107
-0.5626445983820427 1.452421587079774 -1.5020964632235116 0.2493954582388992 0.4238000000027785 0.3255999999986107
-0.5461532835682958 1.4569739812416749 -1.5221717358804288 0.2262773659579196 0.4364000000013893 0.3125999999986107
-0.5300917637900304 1.46309392088484 -1.5390439578367114 0.2021672202840403 0.4488000000027785 0.3005999999986108
-0.5129429343772207 1.470805848505942 -1.552554383037075 0.1773153005021204 0.4614000000014006 0.2875999999985994
-0.4959908315165773 1.4801510730682146 -1.5625587737539957 0.1519822008422759 0.4738000000028012 0.2755999999985994
-0.4779568461682926 1.491177343916663 -1.5689337982919471 0.1264313418847448 0.4864000000014006 0.2625999999985994
-0.4604079092349278 1.5039254272998284 -1.571583221760647 0.1009210855889905 0.4988000000028012 0.2505999999985994
-0.4436281964682687 1.5184142403764416 -1.570443326544411 0.0756967785843411 0.5 0.25
-0.4270511698905288 1.5346264207296147 -1.565486992241142 0.0509831551624137 0.5 0.25
-0.4116922734314876 1.552496303740562 -1.5567259249210024 0.0269775929416423 0.5 0.25
-0.39813709908651296 1.5719020763974132 -1.544210662330067 0.0038447002204353 0.5 0.25
-0.38693583337141124 1.592663366488762 -1.528028188323037 -0.0182873769564184 0.5 0.25
-0.3785470519299139 1.6145447831516209 -1.5082972492351647 -0.0393286875287146 0.5 0.25
-0.37329269689182265 1.6372650779586295 -1.4851617542451043 -0.0592271731222256 0.5 0.25
-0.3713298889823391 1.6605108082694473 -1.458782912260871 -0.0779664090091648 0.5 0.25
-0.3726421374786981 1.6839528193712134 -1.429330935842916 -0.0955616129301135 0.5 0.25
-0.37704968048716037 1.7072636056233437 -1.3969771845943684 -0.11205429446722 0.5 0.25
-0.3842365481373755 1.7301336375746277 -1.3618875440209255 -0.1275060374351654 0.5 0.25
-0.3937902433141338 1.7522849827608902 -1.32421767456242 -0.1419919610978129 0.5 0.25
-0.4052485793758809 1.7734809584294768 -1.284110534950503 -0.1555943874771058 0.5 0.25
-0.41814738756044134 1.7935311004918888 -1.241696304103315 -0.1683971669228636 0.5 0.25
-0.4320627393434684 1.8122913617358447 -1.1970945241171431 -0.1804810007310237 0.5 0.25
-0.4466422917591717 1.829660087801498 -1.1504179905551897 -0.1919199685225475 0.5 0.25
-0.4616223905250849 1.8455708586255808 -1.101777668435438 -0.2027793347932798 0.5 0.25
-0.4768302004710767 1.8599836195730723 -1.051287762732289 -0.213114582285447 0.5 0.25
-0.49217270499134047 1.8728755995259647 -0.9990700567880372 -0.2229715089909217 0.5 0.25
-0.5076162951866836 1.8842333290268307 -0.9452567795604224 -0.2323871377488666 0.5 0.25
-0.5231614380182115 1.8940466995081624 -0.8899915516187443 -0.2413911304261022 0.5 0.25
-0.5388167171562142 1.9023055557063413 -0.8334282805402151 -0.2500073894768864 0.5 0.25
-0.5545759453713628 1.90899888399072 -0.7757281362056526 -0.2582555765435229 0.5 0.25
-0.5704013575332767 1.9141162894535837 -0.7170549538704077 -0.2661523617343535 0.5 0.25
-0.5862149857230681 1.917651153700256 -0.6575696246045849 -0.2737123104411478 0.5 0.25
-0.6018990738381746 1.9196046551279493 -0.5974242056489468 -0.2809484021080209 0.5 0.25
-0.6173049091232241 1.919989747744132 -0.536756569959232 -0.2878722495269161 0.5 0.25
-0.6322679963641753 1.9188342568318095 -0.4756863918485814 -0.2944941402376398 0.5 0.25
-0.6466264764147245 1.916182457195392 -0.4143131224183559 -0.3008230487662082 0.5 0.25
-0.6602394525899058 1.9120948095539196 -0.3527163604125035 -0.306866767556083 0.5 0.25
-0.6730024449106908 1.906645864294929 -0.2909587023705598 -0.3126322760610434 0.5 0.25
-0.6848581816851618 1.89992061980386 -0.2290907846522586 -0.3181264171506477 0.5 0.25
-0.6958019186991349 1.892009801635344 -0.1671578642216408 -0.3233568845341784 0.5 0.25
-0.7058811520073327 1.8830046097654305 -0.1052070074341788 -0.328333451062972 0.5 0.25
-0.7151899108630055 1.8729914945646973 -0.0432938270088541 -0.3330692950412113 0.5 0.25
-0.7238580392348637 1.8620475034783968 0.0185122362320271 -0.3375822202679255 0.5 0.25
-0.7320363278542286 1.8502366995549104 0.0801248651808247 -0.3418955263667833 0.5 0.25
-0.7398789986552012 1.8376080667694876 0.1414405389592706 -0.3460382823986407 0.5 0.25
-0.7475254746318649 1.8241951669039675 0.202341133874226 -0.3500447950842331 0.5 0.25
-0.7550833405891977 1.810017619440781 0.2626993551165929 -0.3539531343654384 0.5 0.25
-0.7626139736622561 1.7950842853818614 0.3223865287867666 -0.3578026693772298 0.5 0.25
-0.7701216944611433 1.7793978880156358 0.3812818968466934 -0.361630668193581 0.5 0.25
-0.7775467648407508 1.7629607185695215 0.4392822381925558 -0.3654681180263834 0.5 0.25
-0.784762402636423 1.7457810420854465 0.4963104540334123 -0.3693350207924131 0.5 0.25
-0.7915761512514274 1.7278798018218042 0.5523217691533757 -0.373235504426561 0.5 0.25
-0.7977361624447576 1.7092971866966615 0.607306436192934 -0.3771531549416964 0.5 0.25
-0.8029429350674699 1.6900985704521858 0.6612882570449423 -0.3810470095126506 0.5 0.25
-0.8068665873554948 1.6703792769454389 0.7143187948773398 -0.3848486496954323 0.5 0.25
-0.8091689087119147 1.6502676182098894 0.7664677489254439 -0.3884607903115201 0.5 0.25
-0.8095285881264158 1.629925727338698 0.8178104976422232 -0.3917576701047191 0.5 0.25
-0.8076674116131644 1.6095478685260565 0.8684142135567481 -0.394587416821779 0.5 0.25
-0.8033749672575263 1.58935612736474 0.9183241656477228 -0.3967763885795338 0.5 0.25
-0.796529474597627 1.5695936306389875 0.9675518210186704 -0.3981352983842182 0.5 0.25
-0.7867543018302547 1.5505156831792248 1.016066144552937 -0.3984667326034295 0.4875999999984743 0.2614000000015257
-0.7756508878829238 1.5323794249962053 1.0637890969668484 -0.3975735097820498 0.4755999999984743 0.2738000000030514
-0.7616399192047063 1.5154327962080458 1.110595786721085 -0.3952672317010527 0.4625999999984743 0.2864000000015257
-0.7462742555818913 1.499903726287581 1.1563191110107631 -0.3913763865226767 0.4505999999984629 0.2988000000030741
-0.72866902863022 1.4859905107295257 1.20075810724112 -0.3857534797710645 0.4375999999984629 0.3114000000015371
-0.7104996170088396 1.4738542798665095 1.2436887309660123 -0.378280858533619 0.425599999998463 0.3238000000030741
-0.6909433570622836 1.4636142781657595 1.2848755188245553 -0.3688750993057728 0.412599999998463 0.336400000001537
-0.671672972293984 1.455346364459537 1.3240826607213272 -0.3574900004044746 0.4005999999984629 0.3488000000030741
-0.6518008437961575 1.4490847772302726 1.3610833184822395 -0.3441183303995595 0.3875999999984515 0.3614000000015484
-0.6328812054744226 1.4448268648506628 1.3956664549422484 -0.3287925254010427 0.3755999999984515 0.3738000000030968
-0.6138679436905825 1.4425402043033555 1.4276408922076245 -0.3115845031001786 0.3625999999984515 0.3864000000015484
-0.5961336320941246 1.4421713319343032 1.456836740082777 -0.2926046891415196 0.3505999999984515 0.3988000000030968
-0.5784461951182074 1.4436551787250258 1.4831046675090356 -0.2720002572625063 0.3375999999984515 0.4114000000015484
-0.5620075866128094 1.446924231213211 1.5063137021739608 -0.2499524923958072 0.3255999999984402 0.4238000000031196
-0.5454493249844661 1.451916432552066 1.526348329446508 -0.2266731227690729 0.3125999999984402 0.4364000000015598
-0.5298872097446794 1.4585809220536252 1.5431056255650362 -0.2023994574228151 0.3005999999984403 0.4488000000031195
-0.513927776963583 1.4668809110792933 1.556493024525397 -0.1773882244035058 0.2875999999984402 0.4614000000015597
-0.4987269000169836 1.476793305382941 1.5664271131132572 -0.1519081418133224 0.2755999999984402 0.4738000000031195
-0.4829920386929265 1.4883050753813785 1.5728336077843732 -0.1262314511990414 0.2625999999984288 0.4864000000015711
-0.468028700317904 1.5014067935120918 1.5756484444039285 -0.1006248382925799 0.2505999999984288 0.4988000000031423
-0.4530824520195309 1.5160841334804382 1.574819756892139 -0.0753403044824751 0.25 0.5
-0.438137192726189 1.5323083882784851 1.570310441281621 -0.0506066271920115 0.25 0.5
-0.42403275698875476 1.5500271690058662 1.5621009776345494 -0.0266220580549669 0.25 0.5
-0.41114407177597734 1.5691563933069907 1.5501922004480806 -0.0035488305263138 0.25 0.5
-0.3998754835599305 1.589574486129393 1.534607760179021 0.0184901204022443 0.25 0.5
-0.3906289536022345 1.6111194377734 1.5153960833120368 0.0394120504049957 0.25 0.5
-0.3837723006487215 1.6335890424131765 1.4926316906821824 0.0591729781369951 0.25 0.5
-0.3796105050844423 1.6567443123483043 1.4664157620365728 0.0777642311659936 0.25 0.5
-0.3783624720837486 1.68031576183986 1.4368758395053236 0.0952074326714919 0.25 0.5
-0.3801448164149157 1.7040120146314852 1.4041645545756647 0.1115484994197199 0.25 0.5
-0.3849633805599262 1.7275300329899936 1.3684572678041351 0.1268512475073452 0.25 0.5
-0.39271249849575085 1.750566194934001 1.3299485514963605 0.1411911530471131 0.25 0.5
-0.4031816521367726 1.772827445084426 1.2888475363542842 0.1546497053986724 0.25 0.5
-0.4160690050631821 1.7940417798707486 1.2453722940820096 0.1673096404589255 0.25 0.5
-0.4310008684208477 1.8139673793644304 1.1997436099134862 0.1792511775174643 0.25 0.5
-0.4475553969257162 1.8323997925223456 1.1521786215766632 0.1905492466134751 0.25 0.5
-0.46528822800862013 1.849176752829774 1.102884803452438 0.2012716134307354 0.25 0.5
-0.4837576626785922 1.864180430028912 1.0520546974748564 0.2114777763520704 0.25 0.5
-0.5025472450253354 1.8773371637610528 0.9998617033073122 0.2212185009551138 0.25 0.5
-0.5212841524039602 1.8886149392585192 0.9464571595496896 0.2305358600775512 0.25 0.5
-0.5396525782848638 1.8980190240181232 0.8919688752435554 0.2394636595858552 0.25 0.5
-0.5574020166174076 1.9055862661896368 0.836501202675053 0.2480281475381618 0.25 0.5
-0.5743508276506692 1.911378564527896 0.7801366629353288 0.2562489257032508 0.25 0.5
-0.5903856526873064 1.915475981762829 0.7229390427764684 0.2641400042585002 0.25 0.5
-0.6054572370589439 1.9179699164940984 0.6649577787098673 0.2717109586328402 0.25 0.5
-0.6195732051093694 1.918956692788204 0.6062333252209987 0.2789681607426271 0.25 0.5
-0.6327884663308403 1.918531872277267 0.5468030862608108 0.2859160634509307 0.25 0.5
-0.6451941542165862 1.916785525644183 0.486707409117614 0.2925585138010065 0.25 0.5
-0.6569061013530875 1.9137986102225244 0.425995109503405 0.2989000584699646 0.25 0.5
-0.6680536963276329 1.9096405000872156 0.3647280176931381 0.304947187432282 0.25 0.5
-0.6787695601254673 1.9043676304544523 0.3029841105321526 0.3107094423512873 0.25 0.5
-0.6891799924546049 1.8980231744419056 0.2408589247195015 0.3162002985165056 0.25 0.5
-0.6993958686620738 1.890637675196445 0.1784651502356582 0.321437715209917 0.25 0.5
-0.7095038190623648 1.8822305883302377 0.1159305557637516 0.3264442430964506 0.25 0.5
-0.7195579520532291 1.8728127064240012 0.0533945828436099 0.3312465896827666 0.25 0.5
-0.7295727292628618 1.8623894112186783 -0.0089960225576169 0.3358745825793575 0.25 0.5
-0.7395176753807919 1.850964638292392 -0.0710922273979951 0.3403595278555161 0.25 0.5
-0.7493144721870326 1.838545370754313 -0.13274810194085 0.3447320244536471 0.25 0.5
-0.758836790145565 1.8251464235356096 -0.1938263054669975 0.3490193588905589 0.25 0.5
-0.7679131156792129 1.8107952445210531 -0.2542033602898271 0.3532426636042225 0.25 0.5
-0.7763329106849381 1.7955364329531318 -0.3137743605276168 0.3574140725532156 0.25 0.5
-0.7838565429151734 1.779435641884638 -0.3724567288923212 0.3615341448509261 0.25 0.5
-0.7902293429912022 1.7625824875931206 -0.4301926422418243 0.365589846740464 0.25 0.5
-0.7951997627187279 1.7450920532940004 -0.4869498098999545 0.3695533789297389 0.25 0.5
-0.7985409046527159 1.7271045770221276 -0.5427204199972037 0.3733821060193469 0.25 0.5
-0.800073840810811 1.708782986556856 -0.5975182462126479 0.3770197832349779 0.25 0.5
-0.7996904388713921 1.690308102475775 -0.6513740878928014 0.380399180172714 0.25 0.5
-0.7973729904997784 1.6718715585886357 -0.7043298831285432 0.3834460741218259 0.25 0.5
-0.7932077915999858 1.6536667595386578 -0.7564319723025245 0.3860844336502761 0.25 0.5
-0.7873899924738614 1.6358784803786592 -0.8077240779106664 0.3882424481719864 0.25 0.5
-0.7802175348822749 1.618671981131273 -0.8582406056916757 0.3898588998603227 0.25 0.5
-0.7720729601202314 1.6021827276430456 -0.9080008653390712 0.3908892453234039 0.25 0.5
-0.7633935821135074 1.5865079316310224 -0.9570047502361504 0.3913107060117646 0.25 0.5
-0.7943779665743267 1.5717010734196717 -1.0052303071978883 0.3911256931494786 0.3 0.5
-0.7859642376453801 1.557770276762239 -1.0526334684911034 0.3903630439162704 0.3 0.5
-0.7782622983465814 1.544680852997701 -1.099150014212544 0.3890768212566043 0.3 0.5
-0.7715465077257111 1.5323616231630428 -1.1446996168115566 0.3873427824247361 0.3 0.5
-0.7659877061710985 1.5207139723904717 -1.1891916235063398 0.3852529616951672 0.3 0.5
-0.7616549644068416 1.5096222017733618 -1.232532069285612 0.3829090512375388 0.3 0.5
-0.7585294337902049 1.4989637053326776 -1.2746312881722943 0.380415358563924 0.3 0.5
-0.7565259034963878 1.4886177619536571 -1.3154113950246082 0.3778720825440575 0.3 0.5
-0.755517204121332 1.4784721716040183 -1.3548128567837243 0.3753695226543574 0.3 0.5
-0.7553570810351129 1.4684274511918851 -1.3927994318282495 0.3729836558272741 0.3 0.5
-0.755898110848916 1.4583987430883738 -1.4293609738088795 0.370773313243012 0.3 0.5
-0.7570024556698818 1.4483159320034822 -1.4645139045175306 0.3687789946109314 0.3 0.5
-0.7585447547292379 1.438122686436494 -1.4982994536716905 0.3670231930753034 0.3 0.5
-0.7604080876674679 1.4277752109635702 -1.5307799935275737 0.3655119822447359 0.3 0.5
-0.7624754046160742 1.4172414021968234 -1.5620339529149412 0.3642375416449209 0.3 0.5
-0.7646198156286932 1.406500861735216 -1.5921498777918686 0.3631812664162247 0.3 0.5
-0.7666974042813535 1.3955458801723466 -1.621220226826653 0.362317115330509 0.3 0.5
-0.7685456765499166 1.3843831397442112 -1.6493354615964766 0.3616148897085325 0.3 0.5
-0.7699895350567654 1.3730355720892196 -1.676578915944115 0.3610431952909549 0.3 0.5
-0.7708550555751281 1.361543618583543 -1.7030228202720608 0.3605719099770137 0.3 0.5
-0.7709896269302785 1.3499651130260302 -1.7287257249054655 0.3601740538741876 0.3 0.5
-0.7702854477558208 1.3383731503330023 -1.7537314190408335 0.3598270273388727 0.3 0.5
-0.7687021312534226 1.3268516055574202 -1.7780692908694964 0.3595132423314197 0.3 0.5
-0.7662835329393713 1.315488392432078 -1.80175592778143 0.3592202190139242 0.3 0.5
-0.7631642738555278 1.3043670391381408 -1.824797627048816 0.3589402513984998 0.3 0.5
-0.7595628710749613 1.293557611752588 -1.847193419024567 0.3586697624021523 0.3 0.5
-0.7557606055692045 1.2831083246450918 -1.8689382229907767 0.3584084706863216 0.3 0.5
-0.7520679207871184 1.2730392640881714 -1.890025827237236 0.3581584819084102 0.3 0.5
-0.7487828839009847 1.2633394720094595 -1.910451462601664 0.3579233991925865 0.3 0.5
-0.7461484007544317 1.253968183619361 -1.9302138101898985 0.3577075251235531 0.3 0.5
-0.744315777327802 1.2448603435439178 -1.9493163506003264 0.3575152033640562 0.3 0.5
-0.743321580925731 1.2359357658111376 -1.9677680192064024 0.3573503248022988 0.3 0.5
-0.7430826706110727 1.2271106077185645 -1.985583179999501 0.3572160030378468 0.3 0.5
-0.7434110888666279 1.2183093406574572 -2.0027809709210707 0.3571144082644886 0.3 0.5
-0.744046804821108 1.2094752317707944 -2.0193841068828857 0.357046737612012 0.3 0.5
-0.744702770771879 1.2005775512886836 -2.035417257985481 0.3570132933941913 0.3 0.5
-0.7451141131732242 1.1916142742114957 -2.05090515287834 0.3570136376337141 0.3 0.5
-0.7450821340911373 1.1826098628941732 -2.0658705896238048 0.3570467907234113 0.3 0.5
-0.744504525005214 1.1736086494850595 -2.080332569262187 0.3571114432422124 0.3 0.5
-0.7433858682576533 1.164665196984538 -2.0943047942364124 0.3572061522616156 0.3 0.5
-0.7418267072298668 1.1558336101587727 -2.1077947798181924 0.3573294970700995 0.3 0.5
-0.7399941926730036 1.147157939435786 -2.120803796299761 0.3574801746245883 0.3 0.5
-0.7380813567780264 1.1386655201684857 -2.133327776790673 0.3576570226318563 0.3 0.5
-0.7362644853866174 1.130364384490683 -2.145359184884552 0.3578589680039976 0.3 0.5
-0.7346682235367985 1.1222449359520212 -2.156889663746409 0.35808490995243 0.3 0.5
-0.7333457922942554 1.1142851135983414 -2.167913122972948 0.3583335586882673 0.3 0.5
-0.7322776076487969 1.1064575343689158 -2.1784287894918086 0.3586032602525665 0.3 0.5
-0.731386880050664 1.098736773604036 -2.1884436799325657 0.3588918430019079 0.3 0.5
-0.7305667374367841 1.0911050855989697 -2.197973979696411 0.3591965199097765 0.3 0.5
-0.7297110659215833 1.0835554118552913 -2.207044961514129 0.3595138721735466 0.3 0.5
-0.7287410806699568 1.076091305263133 -2.215689337659238 0.3598399241206855 0.3 0.5
-0.7276214587719676 1.0687241971961372 -2.2239442790354085 0.36017029970762 0.3 0.5
-0.7263630429047896 1.0614690513189404 -2.231847677099752 0.3605004317707824 0.3 0.5
-0.7250128292837821 1.0543397470284614 -2.239434465089908 0.3608257824595496 0.3 0.5
-0.7236353014497077 1.0473454641000832 -2.2467338561749624 0.3611420318915568 0.3 0.5
-0.7222912708211116 1.0404889339551124 -2.25376815477261 0.3614452037655664 0.3 0.5
-0.7210205602504716 1.0337668068730013 -2.260553382814272 0.3617317185033701 0.3 0.5
-0.7198330562817024 1.027171750847954 -2.2671014351892103 0.3619983894603042 0.3 0.5
-0.7187095723530645 1.0206954452197838 -2.2734229924817213 0.3622423976137223 0.3 0.5
-0.7176107836683565 1.0143314879844774 -2.279530139887958 0.3624612885217033 0.3 0.5
-0.7164903231792397 1.0080774096176417 -2.285437682167637 0.3626530291066021 0.3 0.5
-0.7153075570276568 1.0019353772997177 -2.2911625240887683 0.3628161414664398 0.3 0.5
-0.7140364904516572 0.995911621596952 -2.2967211166305024 0.3629499010438499 0.3 0.5
-0.7126691049359757 0.9900149725517864 -2.302125667195889 0.3630545557134143 0.3 0.5
-0.7112134120557234 0.9842550620581888 -2.307380340715516 0.3631315015262256 0.3 0.5
-0.7096879173749149 0.9786407208526166 -2.312478831658007 0.3631833490250698 0.3 0.5
-0.7081147048911274 0.9731789291151252 -2.317404373757961 0.3632138340945924 0.3 0.5
-0.7065131490100074 0.9678744586260124 -2.322132547321518 0.3632275643445689 0.3 0.5
-0.7048956636127535 0.9627301437250116 -2.326636365040972 0.3632296353845841 0.3 0.5
-0.7032661356942072 0.9577475773637364 -2.3308923551652674 0.3632251883124328 0.3 0.5
-0.7016209499276338 0.9529279637943158 -2.3348859660049777 0.3632189990463235 0.3 0.5
-0.6999519559402001 0.9482728688015524 -2.3386147271301603 0.3632151847984155 0.3 0.5
-0.6982504395160538 0.9437846732075325 -2.342088209749986 0.3632170826321449 0.3 0.5
-0.6965111474489749 0.9394666292559272 -2.345324758858809 0.363227307305854 0.3 0.5
-0.6947356443835417 0.9353225145110298 -2.348345931161712 0.3632479447837006 0.3 0.5
-0.6929346040376516 0.9313559500726756 -2.351170260705131 0.3632807999182121 0.3 0.5
-0.6911288799655757 0.9275694896689104 -2.353808179860311 0.3633276036287394 0.3 0.5
-0.6893492748524355 0.9239636016723528 -2.356259592874953 0.3633901002187674 0.3 0.5
-0.6876348538595278 0.9205356741871092 -2.358514836334752 0.3634699745495488 0.3 0.5
-0.6860295551945539 0.9172791888011564 -2.3605587924700244 0.3635686298511129 0.3 0.5
-0.6845769265760004 0.914183233281701 -2.362377033181603 0.3636868745968757 0.3 0.5
-0.6833131724398978 0.911232540624101 -2.363962319837955 0.3638246069756256 0.3 0.5
-0.682259296387816 0.9084082233801112 -2.3653197066185667 0.3639805898559107 0.3 0.5
-0.6814137771911999 0.9056892937413296 -2.366468887080506 0.3641523876460419 0.3 0.5
-0.6807476282573621 0.9030549160222096 -2.3674431540801435 0.3643364963393238 0.3 0.5
-0.6802036159285829 0.9004871531964733 -2.3682852036123365 0.3645286511230433 0.3 0.5
-0.6797008071202837 0.897973791603615 -2.3690407731008998 0.3647242550697957 0.3 0.5
-0.6791446106934251 0.8955107108915866 -2.3697515746616244 0.3649188477516491 0.3 0.5
-0.6784412897782699 0.8931032498222441 -2.3704490676199046 0.365108528552815 0.3 0.5
-0.6775148232730543 0.8907661208444171 -2.371150329401158 0.3652902641976618 0.3 0.5
-0.6763232312988954 0.8885216385171116 -2.37185674032496 0.3654620377387166 0.3 0.5
-0.6748712152367764 0.8863963153872221 -2.3725555522244424 0.3656228298096384 0.3 0.5
-0.6732162862921687 0.8844161938635444 -2.3732238183870087 0.3657724551509071 0.3 0.5
-0.6714664670778625 0.8826015652343275 -2.373833745166289 0.3659113018302916 0.3 0.5
-0.6697690243992183 0.8809619185265413 -2.37435835195502 0.3660400328414474 0.3 0.5
-0.6682913162941284 0.8794920160866194 -2.374776399558637 0.3661593087253654 0.3 0.5
-0.6671964370901595 0.8781698844572066 -2.375075813850408 0.3662695777060821 0.3 0.5
-0.6666175525989726 0.8769572407481906 -2.375255205744331 0.3663709610282584 0.3 0.5
-0.6666352644201345 0.8758024854882933 -2.37532347845352 0.3664632406952548 0.3 0.5
-0.6672618714947964 0.8746459590462798 -2.3752978425121416 0.3665459385865915 0.3 0.5
-0.6684351590938353 0.8734267718968002 -2.3752007785284284 0.3666184624213064 0.3 0.5
-0.6700226910220664 0.8720902559874166 -2.3750565767838987 0.3666802863167629 0.3 0.5
-0.6718358897049759 0.87059498688521 -2.3748880486503974 0.3667311318073875 0.3 0.5
-0.6736517548649246 0.8689183979147124 -2.3747138764963647 0.3667711185101688 0.3 0.5
-0.6752390740198466 0.8670602224282199 -2.374546887850004 0.3668008611335893 0.3 0.5
-0.6763854992724172 0.8650433150262352 -2.374393348472386 0.3668214997607829 0.3 0.5
-0.6769219051673092 0.8629117650989935 -2.374253201676702 0.3668346614694863 0.3 0.5
-0.6767409525726353 0.8607265745822625 -2.374121059031387 0.3668423615897494 0.3 0.5
-0.6758077030915499 0.858559479324999 -2.3739876795421595 0.36684686079157 0.3 0.5
-0.6741613448133432 0.856485709015844 -2.373841659482021 0.36685049875039 0.3 0.5
-0.6719083835957329 0.8545765745345096 -2.3736710838369786 0.3668555260348292 0.3 0.5
-0.6692087718858541 0.8528927361749363 -2.3734649476435297 0.3668639535419957 0.3 0.5
-0.6662572135538236 0.8514788589863509 -2.3732142251977253 0.3668774342167822 0.3 0.5
-0.6632622201040606 0.8503601376309685 -2.3729125347968107 0.3668971859724508 0.3 0.5
-0.6604254233869344 0.8495409156205624 -2.372556407989752 0.3669239586470139 0.3 0.5
-0.657923290373541 0.849005373281869 -2.3721452188446093 0.3669580423712489 0.3 0.5
-0.6558928728812319 0.8487200442445149 -2.3716808563428984 0.3669993105657451 0.3 0.5
-0.6544226417478982 0.8486377569563917 -2.371167232224866 0.367047288216308 0.3 0.5
-0.6535488382194232 0.8487024927816018 -2.370609712122708 0.3671012350480211 0.3 0.5
-0.6532571574184631 0.8488546089596595 -2.370014544817369 0.3671602335095644 0.3 0.5
-0.6534890106052793 0.8490358932178131 -2.3693883465083965 0.3672232727942368 0.3 0.5
-0.6541511716453663 0.8491939921572852 -2.3687376768359742 0.3672893221224497 0.3 0.5
-0.6551273811932279 0.8492858749927485 -2.3680687240597167 0.3673573888391465 0.3 0.5
-0.6562904959727633 0.8492801368734257 -2.3673871009375924 0.3674265591994296 0.3 0.5
-0.6575139837271393 0.8491580872761494 -2.366697741173766 0.3674960217833464 0.3 0.5
-0.6586818710691733 0.8489136889034354 -2.3660048780166654 0.3675650751817024 0.3 0.5
-0.6596965507183861 0.8485525017965181 -2.365312081707724 0.3676331228345635 0.3 0.5
-0.6604840990388727 0.8480898467246795 -2.364622332047366 0.3676996585779171 0.3 0.5
-0.6609969578645347 0.8475484368207922 -2.3639381062243494 0.3677642465630588 0.3 0.5
-0.6612140437433411 0.8469557410343387 -2.363261468232031 0.3678264988923503 0.3 0.5
-0.6611385896786692 0.8463413366600046 -2.362594152144313 0.367886053748554 0.3 0.5
-0.6607942587856752 0.8457344776921376 -2.361937635598645 0.3679425561593054 0.3 0.5
-0.6602202105114563 0.8451620518135701 -2.361293201919476 0.3679956429474498 0.3 0.5
-0.6594657943288407 0.8446470307624244 -2.360661990268883 0.3680449328855845 0.3 0.5
-0.6585854146350911 0.8442074513295403 -2.3600450335931558 0.3680900225621951 0.3 0.5
-0.6576339284295185 0.8438559098660312 -2.359443284239838 0.3681304879544058 0.3 0.5
-0.6566627834458361 0.8435995170230793 -2.3588576275989186 0.3681658912047165 0.3 0.5
-0.655717019343256 0.8434402386784957 -2.358288885027452 0.3681957916895978 0.3 0.5
-0.654833219436104 0.8433755367441701 -2.357737807528328 0.3682197602267973 0.3 0.5
-0.6540384607495886 0.8433992148005597 -2.357205060712738 0.3682373951822504 0.3 0.5
-0.6533502272665537 0.8435023687256008 -2.356691200844009 0.3682483392282405 0.3 0.5
-0.6527771340706245 0.8436743459989454 -2.356196642736652 0.3682522955396098 0.3 0.5
-0.6523202073266221 0.843903632591883 -2.355721622708919 0.3682490423063368 0.3 0.5
-0.6519744300731678 0.8441786118592207 -2.3552661618388555 0.3682384445933092 0.3 0.5
-0.6517303151947307 0.8444881688519039 -2.354830034948272 0.3682204627980455 0.3 0.5
-0.6515753696753468 0.8448221373324308 -2.354412749420576 0.3681951572410511 0.3 0.5
-0.6514954023769959 0.8451716003648961 -2.354013536593365 0.3681626887116253 0.3 0.5
-0.6514756562970769 0.8455290601271965 -2.353631357528829 0.3681233150009102 0.3 0.5
-0.6515017251050703 0.8458884944974888 -2.353264924054016 0.3680773835687537 0.3 0.5
-0.6515601908263646 0.8462453219869818 -2.35291273531134 0.3680253205653633 0.3 0.5
-0.6516389396849154 0.8465963029043453 -2.3525731301172432 0.367967616502016 0.3 0.5
-0.6517271852160489 0.8469394089358537 -2.352244355542769 0.3679048089564263 0.3 0.5
-0.6518153162524598 0.8472736904142488 -2.3519246513144307 0.3678374628509474 0.3 0.5
-0.6518947364260885 0.8475991587890028 -2.351612348122905 0.3677661490674511 0.3 0.5
-0.6519578379677238 0.847916685146394 -2.3513059768294258 0.3676914223984929 0.3 0.5
-0.6519981691356069 0.8482279013496216 -2.351004385190282 0.3676138000262288 0.3 0.5
-0.6520107622982374 0.8485350844360608 -2.3507068580226327 0.3675337418673229 0.3 0.5
-0.6519925422291517 0.8488410082062371 -2.350413234728629 0.3674516342332282 0.3 0.5
-0.6519427476875916 0.8491487539833219 -2.3501240153764704 0.3673677783330749 0.3 0.5
-0.6518633405912566 0.8494614792145627 -2.349840444472082 0.3672823851549543 0.3 0.5
-0.6517593934380994 0.849782145155437 -2.349564560574785 0.3671955781165607 0.3 0.5
-0.6516394079453547 0.8501132058116271 -2.349299199747538 0.3671074045277334 0.3 0.5
-0.6515154448752003 0.8504562650170916 -2.349047941810852 0.3670178563650594 0.3 0.5
-0.6514028926571369 0.8508117205295715 -2.348814991282637 0.3669269001425499 0.3 0.5
-0.651319720054736 0.8511784312638578 -2.348604989737139 0.3668345148129479 0.3 0.5
-0.6512851491426974 0.8515534592583842 -2.348422761971408 0.3667407357232248 0.3 0.5
-0.6513178064003078 0.8519319443441145 -2.3482730038613027 0.3666457017599086 0.3 0.5
-0.6514335054732923 0.8523071637040837 -2.348159925434499 0.3665497020500826 0.3 0.5
-0.6516428563587684 0.8526708131567544 -2.348086869086072 0.3664532180012092 0.3 0.5
-0.6519489003125456 0.8530135275208776 -2.348055929300696 0.3663569561234749 0.3 0.5
-0.6523449802270798 0.853325637489623 -2.3480676050899687 0.3662618671043054 0.3 0.5
-0.6528130993171255 0.853598139466915 -2.3481205185952363 0.3661691471072082 0.3 0.5
-0.6533230837174264 0.8538238295352024 -2.348211232813458 0.3660802182322805 0.3 0.5
-0.6538328988806952 0.8539985211634598 -2.348334197953111 0.3659966864600387 0.3 0.5
-0.6542904235460778 0.8541222312753902 -2.348481848900352 0.3659202771913191 0.3 0.5
-0.6546368403205083 0.8542001889207824 -2.34864486553408 0.3658527505982886 0.3 0.5
-0.654811584784748 0.8542435048887316 -2.348812594187655 0.3657958012013147 0.3 0.5
-0.6547585583392823 0.8542693464102568 -2.3489736139983286 0.3657509481153981 0.3 0.5
-0.6544331053804275 0.8543004905763285 -2.3491164173770573 0.36571942398628 0.3 0.5
-0.6538091060137763 0.8543641800382857 -2.3492301601916274 0.3657020715412275 0.3 0.5
-0.6528854295986986 0.8544902694369081 -2.3493054259391903 0.3656992568225291 0.3 0.5
-0.6516909147033023 0.8547087264770382 -2.3493349414439657 0.3657108075416073 0.3 0.5
-0.6502870021474128 0.855046635006708 -2.349314181151357 0.3657359835947994 0.3 0.5
-0.6487672009668699 0.8555249347919667 -2.349241802932574 0.3657734846617133 0.3 0.5
-0.6472527698510055 0.8561552146952797 -2.349119869568728 0.365821497072514 0.3 0.5
-0.6458843742308551 0.8569369377101791 -2.348953826133926 0.3658777789569733 0.3 0.5
-0.6448100031583481 0.8578555002870936 -2.348752223619765 0.3659397793403889 0.3 0.5
-0.6441700224310842 0.8588814999712587 -2.3485262014510977 0.3660047836966346 0.3 0.5
-0.6440807965239492 0.8599714977281503 -2.3482887633536667 0.3660700758863351 0.3 0.5
-0.6446187294962402 0.8610704180757554 -2.348053900065393 0.3661331046758997 0.3 0.5
-0.6458067859553074 0.8621155451261313 -2.347835626720342 0.3661916423464841 0.3 0.5
-0.6476055379769319 0.8630418665306006 -2.34764701015781 0.3662439234068256 0.3 0.5
-0.6499105365446833 0.8637883127329073 -2.347499260234529 0.3662887530813628 0.3 0.5
-0.6525572905432375 0.864304259078439 -2.347400950003551 0.366325577748358 0.3 0.5
-0.65533432087588 0.8645555300241152 -2.34735741512526 0.3663545124562551 0.3 0.5
-0.6580036849729853 0.8645290979365272 -2.347370366237733 0.3663763237502139 0.3 0.5
-0.6603271628010088 0.8642357294392287 -2.347437731492746 0.3663923690636781 0.3 0.5
-0.6620951427551713 0.8637100131591278 -2.3475537315735138 0.3664044966543145 0.3 0.5
-0.6631543776894455 0.8630074988836106 -2.347709177457359 0.3664149123337165 0.3 0.5
-0.6634304264234137 0.862199061114666 -2.3478919726510616 0.366426021000235 0.3 0.5
-0.6629408896389688 0.8613630184723247 -2.3480877962048874 0.3664402522373951 0.3 0.5
-0.6617965171173701 0.8605759295084278 -2.3482809391150328 0.3664598799828428 0.3 0.5
-0.6601888552255586 0.8599032777966907 -2.3484552633882725 0.3664868464838074 0.3 0.5
-0.6583651633392285 0.8593913922741349 -2.3485952494331896 0.36652260045887 0.3 0.5
-0.6565935567664094 0.859061875940212 -2.348687092941532 0.3665679586861538 0.3 0.5
-0.6551233460598838 0.858909520263571 -2.3487198054078227 0.3666229992800118 0.3 0.5
-0.6541469360978347 0.8589041856575826 -2.3486862609646435 0.366686993865566 0.3 0.5
-0.6537700324802165 0.8589964920477992 -2.348584115952146 0.3667583848516223 0.3 0.5
-0.6539959784714244 0.8591264887997775 -2.3484165088778823 0.3668348129806065 0.3 0.5
-0.6547277621359682 0.859233890952635 -2.3481924319114533 0.3669131989407829 0.3 0.5
-0.6557879243976994 0.8592681147390382 -2.3479266579480025 0.3669898805789828 0.3 0.5
-0.6569529613530101 0.8591963222992682 -2.3476391187463985 0.3670608037888527 0.3 0.5
-0.6579956849279522 0.8590080261639672 -2.347353668745957 0.3671217602994256 0.3 0.5
-0.6587271204290823 0.858715457671172 -2.347096240979832 0.367168659452902 0.3 0.5
-0.6590294004518127 0.8583497456282637 -2.346892503489748 0.3671978142343345 0.3 0.5
-0.6588729552811412 0.8579538055830824 -2.3467652442418534 0.367206215571586 0.3 0.5
-0.658314784077263 0.8575735100549683 -2.3467318264734005 0.3671917651410765 0.3 0.5
-0.657478893970399 0.857249031647242 -2.3468021325169337 0.3671534376143681 0.3 0.5
-0.6565240630540936 0.857008142250202 -2.3469774166485173 0.3670913498185178 0.3 0.5
-0.6556069288569011 0.8568627359447927 -2.347250386838548 0.367006726578327 0.3 0.5
-0.6548492635047731 0.8568090430591025 -2.347606623892835 0.366901769181852 0.3 0.5
-0.6543168490419904 0.8568311167086252 -2.3480271545418145 0.3667794490475319 0.3 0.5
-0.6540139824334101 0.8569064318044262 -2.348491692295904 0.3666432623113014 0.3 0.5
-0.6538933434062688 0.8570120335610851 -2.348981836471814 0.3664969875172934 0.3 0.5
-0.6538770126804194 0.8571296992204582 -2.3494834568086653 0.3663444866986848 0.3 0.5
-0.6538818962999959 0.8572489979524163 -2.3499876352654727 0.3661895794607578 0.3 0.5
-0.65384232661439 0.8573678083224167 -2.3504898814863 0.3660360010778813 0.3 0.5
-0.6537242267049437 0.8574905756609776 -2.3509878132234823 0.365887432121266 0.3 0.5
-0.653528317440073 0.8576251529904833 -2.3514779707223448 0.3657475645219808 0.3 0.5
-0.6532832913698638 0.8577793212464759 -2.3519527655079924 0.3656201545314615 0.3 0.5
-0.6530325504507661 0.8579579921094895 -2.3523986247074857 0.3655090127773026 0.3 0.5
-0.6528193248979863 0.8581617370644129 -2.3527961251673086 0.3654178974138862 0.3 0.5
-0.6526746393661931 0.8583868045746142 -2.3531223588757326 0.3653503047481494 0.3 0.5
-0.6526110088593584 0.8586263406379949 -2.353355079780985 0.365309184775933 0.3 0.5
-0.6526225816622222 0.8588722397520591 -2.3534775690947245 0.3652966369378831 0.3 0.5
-0.6526904598987671 0.8591169815858368 -2.353482832048434 0.3653136552356434 0.3 0.5
-0.6527907060570459 0.8593549355959601 -2.353375828582881 0.3653599863798724 0.3 0.5
-0.6529022981177135 0.8595828649902555 -2.3531729416062377 0.3654341398217083 0.3 0.5
-0.6530128794938628 0.8597996351784841 -2.3528986710327278 0.3655335500960355 0.3 0.5
-0.6531212053730406 0.8600053472290978 -2.3525803823663898 0.3656548509172722 0.3 0.5
-0.6532362987743778 0.8602002266917937 -2.3522425661146094 0.3657941904843185 0.3 0.5
-0.6533741533227388 0.8603835968143559 -2.351902259779407 0.3659475092341718 0.3 0.5
-0.6535531858630972 0.860553181482082 -2.3515669663201018 0.3661107178251468 0.3 0.5
-0.653789584682275 0.8607048628957723 -2.351235660802222 0.3662797486845128 0.3 0.5
-0.6540933880004396 0.8608329044275448 -2.350902536672965 0.3664504975041101 0.3 0.5
-0.6544657573542967 0.8609305656275008 -2.3505622942745465 0.3666187084491497 0.3 0.5
-0.6548976209472623 0.8609909898920711 -2.350215280921025 0.3667798774424025 0.3 0.5
-0.6553697138572334 0.8610082277973449 -2.3498708126366257 0.3669292456229291 0.3 0.5
-0.6558540255905432 0.8609782564116215 -2.3495475431188235 0.3670619307221467 0.3 0.5
-0.6563167091039834 0.8608998538525672 -2.3492706301543325 0.3671732051576048 0.3 0.5
-0.6567224929554127 0.8607751829421688 -2.349066404700899 0.3672588879359171 0.3 0.5
-0.6570404577886146 0.8606099336466275 -2.348955982972724 0.3673157848888785 0.3 0.5
-0.6572506504235565 0.860412887867766 -2.348949572655946 0.3673420964541761 0.3 0.5
-0.6573504972240374 0.8601948228254104 -2.349043039720684 0.3673377169141982 0.3 0.5
-0.6573595425283407 0.8599667731030066 -2.349217689230857 0.3673043714181797 0.3 0.5
-0.6573209086232401 0.8597378188501725 -2.349443357394736 0.3672455706254479 0.3 0.5
-0.657298198413977 0.8595127279878485 -2.3496840639377385 0.3671663979768287 0.3 0.5
-0.6573673414409364 0.8592899081464508 -2.34990486650394 0.3670731718298842 0.3 0.5
-0.6576039806690614 0.8590601740023571 -2.3500783322411376 0.3669730370997824 0.3 0.5
-0.6580681640509101 0.858806775935451 -2.35018921766706 0.3668735362925537 0.3 0.5
-0.6587890306538513 0.8585069595303599 -2.350236445964569 0.3667821907424332 0.3 0.5
-0.659752592646059 0.8581350564649748 -2.3502321404563595 0.366706096862391 0.3 0.5
-0.6608954731375427 0.8576667972003689 -2.350198135126929 0.3666515189226799 0.3 0.5
-0.6621065772126666 0.8570842498866146 -2.350160881236123 0.3666234478469542 0.3 0.5
-0.6632372813733955 0.8563805921653479 -2.3501459100799944 0.3666250997433483 0.3 0.5
-0.6641190773562489 0.8555638640280083 -2.3501729768634023 0.3666573490720288 0.3 0.5
-0.6645860656132629 0.8546589562923834 -2.3502527427651585 0.3667181263258804 0.3 0.5
-0.6644986522001328 0.8537073497310571 -2.350385438722608 0.3668018524029039 0.3 0.5
-0.6637645287236926 0.8527644845110438 -2.350561504673095 0.3668990224204784 0.3 0.5
-0.6623535470577036 0.8518950316386745 -2.3507638163058457 0.3669960803521595 0.3 0.5
-0.6603042615050225 0.8511666769329042 -2.350970869722094 0.3670757334619631 0.3 0.5
-0.6577214173496004 0.8506432507824019 -2.3511602176254733 0.3671178362255704 0.3 0.5
-0.6547652080547917 0.8503781090474418 -2.351311521520439 0.3671009256435372 0.3 0.5
-0.6516344027593424 0.8504085882419626 -2.3514087606353278 0.3670044161651718 0.3 0.5
-0.6485462369910278 0.8507521479660284 -2.3514413683218005 0.3668113692897867 0.3 0.5
-0.6457161807534706 0.8514045242669256 -2.3514042998185154 0.3665116497209236 0.3 0.5
-0.6433403777458302 0.8523399061915785 -2.35129722985224 0.3661051778381198 0.3 0.5
-0.6415827709906008 0.8535128684169955 -2.3511232080688163 0.3656048989682343 0.3 0.5
-0.6405678414426297 0.8548615913179354 -2.3508871550022854 0.3650390252589685 0.3 0.5
-0.6403786985523341 0.8563118071736724 -2.350594565615964 0.3644520770921521 0.3 0.5
-0.6410591888607009 0.857780937318439 -2.350250714884805 0.3639042678042309 0.3 0.5
-0.6426179112040631 0.8591820184323689 -2.3498605477506684 0.3634688457205879 0.3 0.5
-0.6450316963487202 0.8604272273119625 -2.349429302366363 0.3632271356371569 0.3 0.5
-0.6482463063465871 0.8614310576770905 -2.3489637794947056 0.3632612077184714 0.3 0.5
-0.6521727959928392 0.8621134270424318 -2.348474049416125 0.3636443391285535 0.3 0.5
-0.6566790176607284 0.8624031474431478 -2.347975293350577 0.3644297094561463 0.3 0.5
-0.6615769623344769 0.862242245677075 -2.347489416797269 0.3656380646484001 0.3 0.5
-0.6666078303795497 0.8615915494436273 -2.347046052203821 0.3672453679075939 0.3 0.5
-0.6714277412197311 0.8604377664056723 -2.346682591358772 0.3691716956870967 0.3 0.5
-0.6755976653825646 0.8588019922836991 -2.3464429544060126 0.3712727943328806 0.3 0.5
-0.6785813708802757 0.8567492257454427 -2.346374909098281 0.3733357491356718 0.3 0.5
-0.6797548296620803 0.8543980886574151 -2.3465258947291647 0.3750800972174469 0.3 0.5
-0.6784295742459479 0.851929605691207 -2.3469374723455907 0.3761654122083705 0.3 0.5
-0.6738909373746771 0.8495936482666122 -2.3476387057891865 0.3762058904869961 0.3 0.5
-0.6654500590214218 0.8477115545291445 -2.3486389612702494 0.3747917857555505 0.3 0.5
-0.6525062226106038 0.8466735486270023 -2.3499207757869414 0.3715167084638706 0.3 0.5
-0.634613786572602 0.8469299263659419 -2.3514335631112804 0.3660088996348418 0.3 0.5
-0.6115460734577904 0.8489755477086817 -2.3530889757001536 0.3579637124585356 0.3 0.5
-0.5833474815019524 0.8533279403629026 -2.35475869674093 0.347173835928973 0.3 0.5
-0.5488332377115712 0.8605001922127073 -2.3562752745104087 0.3335534572919564 0.340000000236696 0.459999999763304
-0.5055940273366277 0.8709706684406436 -2.357436314070618 0.3171527949237287 0.5 0.3
-0.4652903250491991 0.8851522657069809 -2.358011915041978 0.2981604145908563 0.5 0.3
-0.4229580124086185 0.903364233202061 -2.357754746481491 0.2768924515766297 0.5 0.3
-0.3799114764903766 0.9258094319611992 -2.356411703886722 0.2537699358873228 0.5 0.3
-0.3375255961207191 0.9525592843121616 -2.353735843608748 0.2292872411860641 0.5 0.3
-0.29714327897488735 0.9835477247000898 -2.349497315266262 0.2039757451188026 0.5 0.3
-0.2599905387902024 1.018574396802601 -2.343492278354298 0.1783669811051291 0.5 0.3
-0.22710695936198233 1.0573163429235808 -2.3355491843720664 0.152959067394219 0.5 0.3
-0.199296584619848 1.0993466469873825 -2.325532218794768 0.1281892841459075 0.5 0.3
-0.1771014118594061 1.1441579885253976 -2.313342057160244 0.1044145708631493 0.5 0.3
-0.16079704144072338 1.191188847339457 -2.298914360544639 0.0819006243731662 0.5 0.3
-0.1504079505746514 1.2398501431953846 -2.282216601850054 0.0608193203058075 0.5 0.3
-0.14573838964722974 1.2895503481379194 -2.263243875158893 0.0412534341171472 0.5 0.3
-0.1464139131041775 1.3397175091731963 -2.24201430527265 0.0232071341071201 0.5 0.3
-0.15192818014593046 1.3898171178627785 -2.2185645617892797 0.0066204522902806 0.5 0.3
-0.1616899811577044 1.4393652998481854 -2.192945822425741 -0.0086141162059184 0.5 0.3
-0.1750662610650533 1.487937301732415 -2.1652203544881807 -0.0226346111762214 0.5 0.3
-0.19141814214791442 1.5351716756259095 -2.1354587160446576 -0.035593670749472 0.5 0.3
-0.2101284779390089 1.580770861411118 -2.1037374500576678 -0.0476447820100184 0.5 0.3
-0.2306209700721018 1.624499013617217 -2.0701370833028663 -0.0589314493822541 0.5 0.3
-0.25237218516393156 1.6661779166100068 -2.0347402584071164 -0.0695796165266114 0.5 0.3
-0.2749185922995334 1.7056816980936136 -1.9976299207864223 -0.0796933133723324 0.5 0.3
-0.29786044266940426 1.7429308388636602 -1.9588876174103669 -0.089353196534659 0.5 0.3
-0.32086324187074133 1.7778857945967197 -1.9185920593127692 -0.0986174429627675 0.5 0.3
-0.3436568428905895 1.8105404704096455 -1.8768181010750775 -0.1075243606759214 0.5 0.3
-0.36603219718713165 1.8409157861205865 -1.833636230146905 -0.1160960774292362 0.5 0.3
-0.38783603448683923 1.8690535664018733 -1.7891125901158658 -0.124342724058474 0.5 0.3
-0.4089639097489073 1.8950109629531893 -1.7433095007150474 -0.1322666217310792 0.5 0.3
-0.4293521802619149 1.9188555719782985 -1.6962863893688145 -0.1398660961909103 0.5 0.3
-0.4489694996818616 1.940661353952107 -1.6481010199800337 -0.1471386623131828 0.5 0.3
-0.4678083733372018 1.9605054039839207 -1.5988108870398852 -0.1540834375699403 0.5 0.3
-0.48587728971247746 1.9784655666502005 -1.548474638665511 -0.1607027443978612 0.5 0.3
-0.5031938686375925 1.9946188376789529 -1.4971534075333517 -0.1670029421696955 0.5 0.3
-0.5197793476400348 2.009040450815194 -1.444911954425559 -0.1729945880120471 0.5 0.3
-0.5356546066333756 2.0218035160511905 -1.3918195581108197 -0.1786920626722057 0.5 0.3
-0.550837757855489 2.032979055387853 -1.3379506106474195 -0.184112814420798 0.5 0.3
-0.565343132206162 2.0426362796023043 -1.283384881016836 -0.1892763751878421 0.5 0.3
-0.579181369715176 2.0508429663816883 -1.2282073946165406 -0.1942032929905768 0.5 0.3
-0.5923602671319284 2.057665829410171 -1.1725078593371934 -0.1989141053911443 0.5 0.3
-0.604886039840391 2.063170802696978 -1.1163795562208558 -0.2034284531715564 0.5 0.3
-0.6167647293144363 2.0674231987129392 -1.059917621651919 -0.2077644038383512 0.5 0.3
-0.6280035732171108 2.0704877257814958 -1.0032167065508324 -0.21193802196413 0.5 0.3
-0.638612206629845 2.072428368459785 -0.946368112480131 -0.215963189974705 0.5 0.3
-0.6486035925810762 2.0733081477968005 -0.8894566686063886 -0.2198516510637863 0.5 0.3
-0.6579945907432272 2.073188788538693 -0.8325577813385964 -0.2236132191035799 0.5 0.3
-0.6668060764653605 2.0721303294643705 -0.7757351477631131 -0.2272560866002704 0.5 0.3
-0.6750625646799202 2.0701907218178346 -0.7190395095209222 -0.2307871654953368 0.5 0.3
-0.6827913867236513 2.0674254653498427 -0.6625086124076291 -0.2342124107854574 0.5 0.3
-0.6900215587048786 2.0638873266774778 -0.6061683397031555 -0.2375370941105684 0.5 0.3
-0.6967825170878239 2.05962617080699 -0.5500348401603607 -0.240766009712927 0.5 0.3
-0.7031028914474202 2.054688919098208 -0.4941173762992577 -0.2439036078399924 0.5 0.3
-0.7090094638377398 2.049119629953466 -0.4384215728915902 -0.2469540604276651 0.5 0.3
-0.714526430887048 2.042959683569692 -0.3829527304874507 -0.2499212712163321 0.5 0.3
-0.7196750548130915 2.0362480404809875 -0.3277188779982014 -0.2528088472327192 0.5 0.3
-0.7244737785152155 2.0290215349996785 -0.2727332749670452 -0.2556200504707588 0.5 0.3
-0.7289388482484682 2.021315157148157 -0.2180161216918021 -0.2583577487177873 0.5 0.3
-0.7330854012924481 2.0131622723233105 -0.1635952876443752 -0.2610243834099242 0.5 0.3
-0.7369288452153522 2.004594732194066 -0.1095059437976951 -0.2636219692243683 0.5 0.3
-0.7404862008579571 1.9956428476725308 -0.0557890999307064 -0.2661521340239756 0.5 0.3
-0.7437770025400603 1.986335227586735 -0.0024892198928857 -0.2686161984122684 0.5 0.3
-0.7468234848505384 1.9766985273327289 0.0503487103503613 -0.271015283204452 0.5 0.3
-0.7496500662163941 1.9667571788476752 0.1026821641262233 -0.2733504258435458 0.5 0.3
-0.752282326339937 1.956533172226036 0.1544736440962799 -0.2756226870134806 0.5 0.3
-0.7547456992650003 1.9460459395920424 0.2056925232608952 -0.2778332339890974 0.5 0.3
-0.7570640772914405 1.9353123696655423 0.2563159927533168 -0.279983393262145 0.5 0.3
-0.7592584901306787 1.9243469619363984 0.3063290863821978 -0.2820746703518217 0.5 0.3
-0.7613459904865327 1.9131621129233305 0.3557238656098963 -0.2841087393294688 0.5 0.3
-0.7633388690520859 1.9017685138746772 0.4044979332022722 -0.2860874079564403 0.5 0.3
-0.7652443169914602 1.8901756269694685 0.452652501053718 -0.2880125665730835 0.5 0.3
-0.7670646286207305 1.8783921952703224 0.5001902698451544 -0.2898861302052387 0.5 0.3
-0.7687980007707873 1.8664267324082493 0.5471133868935275 -0.2917099837654983 0.5 0.3
-0.7704399018416885 1.8542879323311705 0.5934217446809773 -0.2934859400209591 0.5 0.3
-0.7719848459931278 1.8419849421470016 0.6391118572915345 -0.2952157188862661 0.5 0.3
-0.7734282762872224 1.8295274575476888 0.6841764818590974 -0.2969009538092359 0.5 0.3
-0.7747681530516926 1.8169256299189664 0.7286050341440983 -0.298543226512234 0.5 0.3
-0.7760058307006523 1.8041898146137971 0.7723846899204171 -0.3001441254398642 0.5 0.3
-0.7771460287637866 1.7913302315437318 0.8155019012934904 -0.3017053171489736 0.5 0.3
-0.7781960575289792 1.7783566286673531 0.8579439747517354 -0.3032286167229902 0.5 0.3
-0.7791646383257045 1.7652780229144551 0.8997004077110812 -0.3047160450921406 0.5 0.3
-0.7800606066543492 1.7521025590818846 0.9407638050822728 -0.306169865776085 0.5 0.3
-0.7808916856028447 1.7388374984164496 0.9811303123388444 -0.3075925978487288 0.5 0.3
-0.7816634398780908 1.725489329856165 1.0207995807992385 -0.3089870049135824 0.5 0.3
-0.78237846189259 1.712063985868356 1.0597743260656485 -0.3103560617383737 0.5 0.3
-0.7830358310174934 1.698567139679097 1.0980595568946898 -0.3117029011237758 0.5 0.3
-0.7836308972305561 1.6850045565773475 1.1356615601474866 -0.3130307441986135 0.5 0.3
-0.7841554355243874 1.6713824668542918 1.172586741790481 -0.3143428180800768 0.5 0.3
-0.7845982113287797 1.657707923301853 1.2088404407950848 -0.3156422656920334 0.5 0.3
-0.7849459629469102 1.643989102168975 1.244425848230235 -0.3169320534455126 0.5 0.3
-0.7851847470750695 1.630235505874284 1.279343167469263 -0.318214883007039 0.5 0.3
-0.7853015649945316 1.6164580311667769 1.3135891345072457 -0.3194931130753852 0.5 0.3
-0.7852861547791767 1.6026688746673237 1.347156988640452 -0.3207686962643563 0.5 0.3
-0.7851327485289783 1.588881259189406 1.3800369461132889 -0.3220431350123711 0.5 0.3
-0.7848414900450629 1.575108984336508 1.4122171738049931 -0.3233174585293101 0.5 0.3
-0.7844191177085302 1.5613658353320017 1.44368518613638 -0.3245922199507027 0.5 0.3
-0.7838785378343149 1.5476649235611486 1.474429498949224 -0.3258675091364336 0.5 0.3
-0.7832372105731977 1.534018069777717 1.504441288316863 -0.3271429728825342 0.5 0.3
-0.7825147238612873 1.5204353487203972 1.5337157774293633 -0.3284178331913773 0.5 0.3
-0.7817301713271085 1.5069248763342684 1.5622531478486867 -0.3296908970971657 0.5 0.3
-0.7808998755526297 1.4934928592015575 1.5900588994136493 -0.3309605565282413 0.5 0.3
-0.780035807300612 1.4801438716462945 1.6171436972754585 -0.332224781119884 0.5 0.3
-0.7791448569862425 1.4668812909162332 1.6435228185615356 -0.3334811098270915 0.5 0.3
-0.7782289335903747 1.453707805217609 1.669215344321802 -0.3347266485145651 0.5 0.3
-0.7772857465739968 1.4406259118585714 1.694243237790392 -0.3359580803607309 0.5 0.3
-0.7763100654491195 1.4276383372011716 1.7186304206973866 -0.3371716943732619 0.5 0.3
-0.7752952262511603 1.4147483306562596 1.742401918879925 -0.3383634351768244 0.5 0.3
-0.7742346732879657 1.4019598080311435 1.7655831064988676 -0.3395289749847258 0.5 0.3
-0.7731233559021633 1.3892773407023469 1.788199047249461 -0.3406638068369151 0.5 0.3
-0.7719588311078951 1.3767060051121305 1.810273915381816 -0.3417633568492874 0.5 0.3
-0.7707419832471429 1.364251122001341 1.8318304751885996 -0.3428231121864087 0.5 0.3
-0.7694773197802496 1.3519179236766266 1.8528896035888365 -0.3438387608289451 0.5 0.3
-0.7681728108682595 1.3397111916986015 1.873469850783481 -0.3448063387371148 0.5 0.3
-0.7668392619984155 1.3276349106117755 1.8935870416492435 -0.3457223792929554 0.5 0.3
-0.7654892433745619 1.315691984411934 1.9132539285626995 -0.3465840591120546 0.5 0.3
-0.7641356261858911 1.3038840600744777 1.9324799158572292 -0.3473893337360932 0.5 0.3
-0.7627898207430261 1.2922114974558885 1.951270882396691 -0.348137056347065 0.5 0.3
-0.7614598600043165 1.2806735153815858 1.9696291317453904 -0.3488270725766612 0.5 0.3
-0.7601485002436492 1.269268529381154 1.9875534980029104 -0.349460284729486 0.5 0.3
-0.7588515251284256 1.257994679356789 2.0050396250982447 -0.3500386791758954 0.5 0.3
-0.7575564131656076 1.2468505268439465 2.0220804171105167 -0.3505653113870547 0.5 0.3
-0.7562415114686183 1.2358358855273857 2.038666626043509 -0.3510442441326767 0.5 0.3
-0.754875994379065 1.2249527343805238 2.0547875107898754 -0.3514804359119257 0.5 0.3
-0.7534211019918202 1.2142061349426172 2.070431497157483 -0.3518795795238149 0.5 0.3
-0.7518331393132072 1.2036050247434351 2.085586810704963 -0.3522478952631673 0.5 0.3
-0.7500683218453452 1.1931627108121143 2.1002421107806195 -0.3525918885120438 0.5 0.3
-0.7480889766813137 1.1828968786275798 2.114387174308266 -0.3529180856866603 0.5 0.3
-0.7458702000659101 1.1728289809594483 2.12801364125642 -0.3532327646051474 0.5 0.3
-0.7434060402436793 1.1629829609528572 2.141115768651697 -0.353541695712856 0.5 0.3
-0.7407144906573082 1.1533833569284893 2.153691099200079 -0.3538499102710974 0.5 0.3
-0.7378407228447625 1.1440529078627584 2.1657409636464813 -0.3541615110854504 0.5 0.3
-0.7348579315721016 1.135009835578282 2.177270782910569 -0.354479539993829 0.5 0.3
-0.7318650918884995 1.1262650424210718 2.188290173975824 -0.3548059131591153 0.5 0.3
-0.7289810846838507 1.1178195332322218 2.198812871462916 -0.3551414300222654 0.5 0.3
-0.7263350773569055 1.1096624247638367 2.2088564667573327 -0.3554858553601118 0.5 0.3
-0.7240536126250707 1.101769917028146 2.218441959554753 -0.3558380672763712 0.5 0.3
-0.7222454588782279 1.094105555765639 2.227593120033762 -0.3561962578579771 0.5 0.3
-0.7209858700940353 1.086622009877816 2.2363356710266804 -0.3565581683456648 0.5 0.3
-0.7203023745763937 1.0792644228684125 2.2446963177118824 -0.3569213377674444 0.5 0.3
-0.7201644091645765 1.071975185410773 2.252701675174412 -0.3572833434232375 0.5 0.3
-0.7204789607187867 1.0646997444943154 2.2603771656474523 -0.3576420132488829 0.5 0.3
-0.7210938312346649 1.0573928484224366 2.267745971969896 -0.3579955936085567 0.5 0.3
-0.7218092306949897 1.05002446529897 2.274828136179544 -0.3583428609453441 0.5 0.3
-0.722397245454236 1.042584542229471 2.2816398792939534 -0.3586831713167983 0.5 0.3
-0.7226274819067591 1.0350858176840474 2.2881931954872985 -0.3590164476691512 0.5 0.3
-0.7222960096304321 1.0275640694933714 2.294495748623886 -0.3593431103430665 0.5 0.3
-0.7212538102858268 1.0200754685303282 2.3005510752496505 -0.3596639613006471 0.5 0.3
-0.7194304506635296 1.0126910875017454 2.306359077273524 -0.3599800364831683 0.5 0.3
-0.7168488139627338 1.0054890424353924 2.311916769300612 -0.3602924430628924 0.5 0.3
-0.7136275645426371 0.998545161039119 2.317219228997893 -0.3606021987351956 0.5 0.3
-0.709969559799416 0.9919234045848552 2.322260684504142 -0.3609100885545272 0.5 0.3
-0.7061365551264609 0.9856674486049136 2.327035659974697 -0.3612165514025992 0.5 0.3
-0.7024130889376823 0.9797947930922676 2.331540090132938 -0.3615216036524624 0.5 0.3
-0.6990648837957625 0.9742944841984994 2.3357723160269086 -0.361824803156144 0.5 0.3
-0.6962987129143727 0.9691289958189232 2.339733892761406 -0.3621252533663324 0.5 0.3
-0.6942309340170605 0.964240124527486 2.343430165032113 -0.362421645230548 0.5 0.3
-0.6928707009243384 0.95955803112578 2.3468705792724576 -0.3627123327754596 0.5 0.3
-0.6921214300501544 0.9550119610333462 2.3500686953622503 -0.3629954365606922 0.5 0.3
-0.6918007930071268 0.9505408180283308 2.353041848099293 -0.3632689676741128 0.5 0.3
-0.691675885211892 0.946101738727618 2.3558104098671078 -0.3635309642525376 0.5 0.3
-0.6915070238308718 0.9416751502064288 2.3583966346352754 -0.3637796326562004 0.5 0.3
-0.691091633639509 0.9372654478233416 2.360823118690355 -0.3640134855513672 0.5 0.3
-0.6902994387267369 0.9328972844593908 2.363110987084051 -0.3642314684548725 0.5 0.3
-0.6890918503492838 0.9286083405867172 2.3652779968217086 -0.3644330648355628 0.5 0.3
-0.6875217954860591 0.9244401555517888 2.3673368225599174 -0.3646183684593143 0.5 0.3
-0.6857146080369203 0.920428976003183 2.3692938347156587 -0.3647881114931266 0.5 0.3
-0.683834929550694 0.916598515199491 2.3711486687511214 -0.3649436391837223 0.5 0.3
-0.6820476941607445 0.9129560222444216 2.372894799207107 -0.365086827303765 0.5 0.3
-0.680482409441755 0.9094922528283472 2.3745211683029943 -0.3652199465375078 0.5 0.3
-0.6792088021202947 0.9061850118841718 2.3760146963673328 -0.3653454872003581 0.5 0.3
-0.6782287409073728 0.9030051316721424 2.3773632665518902 -0.3654659662665005 0.5 0.3
-0.6774850110728314 0.8999232575814051 2.378558593665494 -0.3655837444984968 0.5 0.3
-0.6768831966524624 0.896915756474122 2.379598322683066 -0.3657008825771453 0.5 0.3
-0.6763198336567466 0.8939684368088758 2.3804868020962857 -0.3658190600298651 0.5 0.3
-0.6757089690388407 0.8910774534432012 2.3812342441956837 -0.3659395687867328 0.5 0.3
-0.6750004595179726 0.8882475565393172 2.381854372767505 -0.3660633753356416 0.5 0.3
-0.6741862365144236 0.88548851058752 2.38236108096388 -0.3661912252590024 0.5 0.3
-0.6732944074250369 0.8828108869360777 2.382764962036145 -0.3663237475921746 0.5 0.3
-0.672374412034008 0.880222446193574 2.3830707125324766 -0.3664615110466611 0.5 0.3
-0.6714785576313786 0.8777260049901733 2.383276260129539 -0.3666049942817315 0.5 0.3
-0.6706455701668246 0.8753191492270355 2.383374040278837 -0.3667544570443566 0.5 0.3
-0.6698904269566686 0.872995592210353 2.383354240125368 -0.3669097313776199 0.5 0.3
-0.6692023344018205 0.8707475495146862 2.383209217406835 -0.3670699825998035 0.5 0.3
-0.6685501445793174 0.8685683160745042 2.3829378765880493 -0.3672335089392888 0.5 0.3
-0.6678925344039865 0.8664543016165726 2.3825486973230707 -0.3673976493975909 0.5 0.3
-0.6671893894407022 0.864406048176174 2.38206042455328 -0.3675588487497883 0.5 0.3
-0.6664111528951278 0.8624281092321038 2.3815000805209947 -0.3677128902461445 0.5 0.3
-0.665544117735537 0.860527993942591 2.380898759824078 -0.3678552612272186 0.5 0.3
-0.6645911674625948 0.8587145821690374 2.380286368526685 -0.3679815791118009 0.5 0.3
-0.6635687416099834 0.856996465422778 2.379686834849128 -0.3680879879598255 0.5 0.3
-0.6625015156100589 0.8553805912617797 2.379115211215096 -0.3681714453078509 0.5 0.3
-0.6614164167830605 0.8538714397007738 2.378577509040363 -0.3682298526206033 0.5 0.3
-0.66033730383801 0.8524707980224678 2.378073225838271 -0.368262029740397 0.5 0.3
-0.659281148664238 0.8511780676386669 2.377599628516204 -0.3682675787981848 0.5 0.3
-0.6582560719186559 0.8499909527722431 2.377156256822897 -0.3682467116581222 0.5 0.3
-0.6572612065356909 0.8489063455803776 2.376748017616026 -0.368200118413418 0.5 0.3
-0.6562881472321536 0.8479212249268085 2.3763856870393685 -0.3681289325012216 0.5 0.3
-0.6553236874557333 0.8470334102035932 2.376083474877721 -0.3680348083998582 0.5 0.3
-0.6543535675938439 0.84624204145802 2.3758542644256058 -0.3679200833324956 0.5 0.3
-0.6533669365826023 0.8455476846986356 2.375703922894304 -0.3677879586080783 0.5 0.3
-0.6523610787293133 0.8449519910403754 2.3756264392621 -0.3676426199784353 0.5 0.3
-0.6513456840444598 0.8444568831674442 2.375601476881817 -0.3674892245596197 0.5 0.3
-0.6503456486248993 0.8440633147629982 2.375595285143514 -0.3673337120815437 0.5 0.3
-0.6494012558400974 0.8437697499005083 2.375565001384925 -0.3671824419731483 0.5 0.3
-0.6485647832800645 0.8435706243164987 2.375465461278469 -0.3670417033261512 0.5 0.3
-0.647893194285577 0.8434551459884922 2.375256974469562 -0.3669171801821051 0.5 0.3
-0.6474375349373407 0.8434068265599346 2.3749122820188617 -0.3668134701659526 0.5 0.3
-0.6472307115517761 0.8434040730662006 2.37442114091638 -0.3667337454463042 0.5 0.3
-0.6472761193347121 0.843422001911023 2.373791591565719 -0.3666796138319674 0.5 0.3
-0.6475398479835259 0.8434353899775519 2.3730477665321783 -0.3666511939320268 0.5 0.3
-0.6479488001114708 0.8434224051791993 2.372224869277156 -0.3666473741404092 0.5 0.3
-0.6483960894565111 0.8433685251680523 2.3713625058436234 -0.3666661914487896 0.5 0.3
-0.6487537176768732 0.8432699162224012 2.370497789754727 -0.3667052490155293 0.5 0.3
-0.6488910272333848 0.843135544454714 2.369659549392858 -0.3667620925909174 0.5 0.3
-0.6486961213876408 0.8429874417313755 2.368864609422056 -0.3668344830009586 0.5 0.3
-0.6480966342654848 0.8428588295926115 2.368116605090823 -0.3669205297205163 0.5 0.3
-0.6470761033325179 0.8427901661660631 2.367407252211041 -0.3670186822757293 0.5 0.3
-0.6456827740180038 0.8428235558328113 2.366719551945141 -0.3671276048621649 0.5 0.3
-0.6440288578881126 0.842996278431011 2.366032131863662 -0.3672459795916211 0.5 0.3
-0.6422798570354171 0.8433343926421998 2.3653238381696973 -0.3673722920943159 0.5 0.3
-0.6406352439673768 0.8438474069386581 2.364577781527407 -0.3675046496879811 0.5 0.3
-0.6393032267799403 0.8445248825419205 2.363784252566638 -0.3676406696269345 0.5 0.3
-0.6384732929125037 0.8453355598639265 2.3629421991222266 -0.3677774574326437 0.5 0.3
-0.6382905636570679 0.8462292305726762 2.3620592341148687 -0.3679116774635013 0.5 0.3
-0.6388356562335717 0.8471411742069694 2.3611503742349518 -0.3680397029661172 0.5 0.3
-0.6401128297236369 0.8479986085836123 2.360235867084389 -0.3681578225787617 0.5 0.3
-0.6420478976973509 0.8487283256112487 2.3593385375636653 -0.3682624750879851 0.5 0.3
-0.6444959574711695 0.8492645358415136 2.358481079099884 -0.3683504836727643 0.5 0.3
-0.647257611833697 0.8495559400943967 2.3576836496781417 -0.3684192639182101 0.5 0.3
-0.6501012386223826 0.8495711789110271 2.356962028711393 -0.36846698557815 0.5 0.3
-0.6527881796308643 0.8493020550487889 2.3563264709456804 -0.3684926754681936 0.5 0.3
-0.6550975634611833 0.8487642370857025 2.3557812789679704 -0.3684962568132282 0.5 0.3
-0.656847807972194 0.8479954807395842 2.3553250229110474 -0.3684785276440528 0.5 0.3
-0.6579125458839796 0.8470516999423648 2.35495127322036 -0.3684410865598919 0.5 0.3
-0.6582296360752071 0.8460014453539669 2.3546496809543647 -0.3683862178846031 0.5 0.3
-0.6578029045913747 0.8449194817464463 2.3544072361034347 -0.368316749772406 0.5 0.3
-0.656697145181806 0.8438801912873088 2.3542095512804613 -0.36823589828321 0.5 0.3
-0.6550275935927752 0.8429514767691283 2.354042048491462 -0.3681471083104673 0.5 0.3
-0.6529455393719807 0.8421897174098508 2.353890963352342 -0.3680538991733151 0.5 0.3
-0.6506219517115508 0.8416361634726528 2.3537441177766683 -0.3679597193499452 0.5 0.3
-0.6482309814289022 0.8413149683014978 2.3535914443542314 -0.3678678118479785 0.5 0.3
-0.6459349912230605 0.8412328701586076 2.3534252711469223 -0.367781089615637 0.5 0.3
-0.6438724045012356 0.8413803710363016 2.3532403938824227 -0.3677020195541182 0.5 0.3
-0.6421491939581248 0.8417341305861781 2.353033973842443 -0.3676325142175068 0.5 0.3
-0.6408343160519236 0.8422602111903656 2.3528053047875934 -0.3675738320417556 0.5 0.3
-0.6399589214270862 0.8429177795851733 2.352555491921875 -0.3675264895699229 0.5 0.3
-0.6395188101020466 0.8436628874424648 2.3522870815641137 -0.367490192204242 0.5 0.3
-0.6394793818551869 0.8444520064322601 2.352003673661966 -0.3674637930801767 0.5 0.3
-0.6397822407026033 0.8452450682467415 2.351709542060663 -0.3674452922007689 0.5 0.3
-0.640352619431287 0.8460078441764812 2.351409280490743 -0.3674318893739066 0.5 0.3
-0.6411068692371913 0.8467135822333526 2.351107486370895 -0.3674201041625897 0.5 0.3
-0.6419593884797103 0.8473438953096335 2.3508084902683 -0.367405973480174 0.5 0.3
-0.6428285318089577 0.8478889564616625 2.350516136110329 -0.3673853322968536 0.5 0.3
-0.6436412366352218 0.8483471032807668 2.350233615518692 -0.3673541751435951 0.5 0.3
-0.644336305132911 0.8487239796172447 2.349963358560753 -0.3673090860411157 0.5 0.3
-0.644866453362144 0.8490313491039536 2.349706982562895 -0.3672477127879966 0.5 0.3
-0.6451993539179823 0.8492857037677393 2.349465300179007 -0.367169249189154 0.5 0.3
-0.6453179399027287 0.8495067683759411 2.349238387217715 -0.3670748771314956 0.5 0.3
-0.6452202147175312 0.8497159743856683 2.349025709276695 -0.3669681110165184 0.5 0.3
-0.644918748220249 0.8499349529139152 2.3488263037795307 -0.3668549816463446 0.5 0.3
-0.6444399591380379 0.8501840780918903 2.348639010542366 -0.3667439969138648 0.5 0.3
-0.6438232015049494 0.8504810821780866 2.348462739421592 -0.3666458240773242 0.5 0.3
-0.6431195932272482 0.8508397620275917 2.348296758030722 -0.3665726541250987 0.5 0.3
-0.6423904475727771 0.8512688027048669 2.34814097661809 -0.3665372332339791 0.5 0.3
-0.6417051025889675 0.8517707579475893 2.34799620191177 -0.3665515791925228 0.5 0.3
-0.6411379094697123 0.8523412476886926 2.3478643279458145 -0.3666254404618335 0.5 0.3
-0.6407641625869342 0.8529684567417214 2.347748430272953 -0.366764599709742 0.5 0.3
-0.6406548489676611 0.853633040483028 2.3476527311542608 -0.3669691684448026 0.5 0.3
-0.640870261924944 0.854308555586262 2.347582408038804 -0.3672320599567329 0.5 0.3
-0.6414527391069047 0.8549625293937676 2.3475432266491123 -0.367537858431446 0.5 0.3
-0.6424190170534294 0.8555582554830772 2.347540993586592 -0.3678623167273535 0.5 0.3
-0.6437529105663753 0.8560573537777343 2.3475808412998 -0.368172707948508 0.5 0.3
-0.6453992006963305 0.8564230627210968 2.347666379770914 -0.3684292215415833 0.5 0.3
-0.6472597379143608 0.8566241426514638 2.3477987730507794 -0.3685875296638958 0.5 0.3
-0.6491928265936742 0.8566391688600278 2.3479758227100485 -0.3686025529826222 0.5 0.3
-0.6510169235195318 0.8564608862006604 2.3481911615804103 -0.3684333291429891 0.5 0.3
-0.6525195130087769 0.8561001938487073 2.348433676757607 -0.3680487379769995 0.5 0.3
-0.6534716825695963 0.8555892425478296 2.3486872876862765 -0.3674336752981263 0.5 0.3
-0.6536484110499474 0.8549830742908701 2.348931200306073 -0.3665951061803328 0.5 0.3
-0.652853920864207 0.8543592331858754 2.3491407390103025 -0.3655672870104375 0.5 0.3
-0.6509506900512174 0.8538148410994547 2.3492888225790205 -0.3644153439859404 0.5 0.3
-0.6478899376917124 0.853460772094333 2.349348097717617 -0.3632363556970575 0.5 0.3
-0.6437406612296437 0.8534127783251618 2.3492936757021035 -0.3621571294340817 0.5 0.3
-0.6387136961996209 0.8537797122021975 2.349106337357332 -0.3613280016419173 0.5 0.3
-0.633176879240297 0.8546493425822355 2.348775984712645 -0.3609122425843192 0.5 0.3
-0.6276573274039576 0.8560726546582058 2.348305031829838 -0.361071004294148 0.5 0.3
-0.6228272078653463 0.8580479219178101 2.347711352086032 -0.3619442076613571 0.5 0.3
-0.6194702524549534 0.8605062011312755 2.347030345525216 -0.3636282932738165 0.5 0.3
-0.6184277150571016 0.8633001758857802 2.3463156689198765 -0.3661523204196671 0.5 0.3
-0.6205244522890685 0.8661984043800701 2.3456381932592127 -0.3694544339920775 0.5 0.3
-0.6264782290660964 0.8688869591511633 2.3450828269578703 -0.3733611624413067 0.5 0.3
-0.636798039449461 0.8709801362445537 2.344742973195463 -0.3775722864620612 0.5 0.3
-0.6516799519974503 0.8720413322996077 2.344712576171767 -0.3816540520843244 0.5 0.3
-0.6709114357521351 0.8716143370998627 2.345075946547746 -0.3850432256997894 0.5 0.3
-0.6937969354906437 0.8692641935246492 2.3458958261568355 -0.3870638536414606 0.5 0.3
-0.7191182308919297 0.8646254999755849 2.347200433518002 -0.3869575774649258 0.5 0.3
-0.7451423981246996 0.857454676886392 2.348970494348916 -0.3839269936082007 0.5 0.3
-0.7696875813962778 0.8476814370739221 2.351127468202569 -0.3771899133524558 0.5 0.3
-0.7902519450382373 0.8354536789342943 2.3535242923739443 -0.366040621989364 0.5 0.3
-0.8042039191439543 0.8211694844304707 2.355939935539546 -0.3499125733150187 0.5 0.3
-0.8090221607316961 0.8054900925160753 2.358078848485202 -0.3284356809153515 0.5 0.3
-0.17430198504997496 0.7893288764429057 2.3595759896949677 -0.3014808483053417 -0.5 0.5
-0.15505349455927075 0.7738136779379082 2.3600074822007358 -0.2691850233072582 -0.5 0.5
-0.12235025667934885 0.7602233284819812 2.358906171455626 -0.2319521580354359 -0.5 0.5
-0.07649183465530562 0.7499033028140463 2.355780553180893 -0.1904288613335844 -0.5 0.5
-0.01875939930230608 0.7441691193485157 2.350134974116403 -0.1454574822356862 -0.5 0.5
0.0486753839834253 0.7442081794182851 2.3414888957779474 -0.0980127661394153 -0.5 0.5
0.12293021885179778 0.7509907178166276 2.329393384223035 -0.0491302213331242 -0.5 0.5
0.2006523793945203 0.7651987397018074 2.313443679485731 0.0001653616124003 -0.5 0.5
0.27828734656359155 0.7871789776412594 2.293287468637345 0.0489239153718081 -0.5 0.5
0.3523453019570688 0.8169227122976186 2.2686291527119384 0.0963212735449468 -0.5 0.5
0.4196392142943173 0.8540722424933255 2.239230862628338 0.1416944170040698 -0.5 0.5
0.47747460536126773 0.8979511639227572 2.204911215898942 0.1845598359407018 -0.5 0.5
0.5237790738971893 0.947613624458884 2.16554283527682 0.2246158859083175 -0.5 0.5
0.5571683895408475 1.001906531848603 2.121049508640791 0.2617314015276536 -0.5 0.5
0.5769536511121265 1.0595383708026875 2.0714036013646817 0.2959237277956343 -0.5 0.5
0.5830991869620972 1.1191487359139 2.016624009346398 0.327329749285342 -0.5 0.5
0.5761432918985254 1.1793736546101097 1.95677463461136 0.3561734937235389 -0.5 0.5
0.557094010636161 1.238902983799962 1.8919631202023697 0.3827335506314398 -0.5 0.5
0.5273110251073909 1.2965273848635783 1.8223394327447464 0.4073129797479156 -0.5 0.5
0.4883834172931367 1.3511734873743175 1.7480938564183697 0.430213677374524 -0.5 0.5
0.4420119069388373 1.401926829103631 1.6694540722867997 0.4517164059759841 -0.5 0.5
0.389902883626847 1.4480430197975147 1.5866812493134244 0.4720669456112568 -0.5 0.5
0.3336801867120953 1.4889483081601995 1.5000654032408578 0.4914681625584906 -0.5 0.5
0.27481875566679026 1.5242313268314092 1.4099205107190924 0.5100772891866653 -0.5 0.5
0.21460146086380583 1.5536282023980883 1.316579884719365 0.5280074155791009 -0.5 0.5
0.15409738469498224 1.5770033484844688 1.2203922014949375 0.5453320794378617 -0.5 0.5
0.09415802579860522 1.5943280869539669 1.121718431764879 0.562091848873986 -0.5 0.5
0.035427663874305626 1.6056588895338275 1.0209297839225149 0.5783018877128959 -0.5 0.5
-0.021635441079881357 1.611116655921258 0.9184066165306386 0.5939596507346006 -0.5 0.5
-0.07673010816370951 1.61086811181327 0.8145381465801712 0.6090520492506435 -0.5 0.5
-0.12967894373493216 1.605110100996899 0.7097226738013449 0.6235616328941229 -0.5 0.5
-0.1803946363520259 1.5940572066234058 0.6043679700134323 0.6374715312742434 -0.5 0.5
-0.22884978326616068 1.577932742988203 0.4988914531856986 0.6507690716346146 -0.5 0.5
-0.2750530506333271 1.556962764661587 0.3937197546830945 0.6634481281579251 -0.5 0.5
-0.31903243610895693 1.531372459598254 0.2892873031794504 0.6755103603156043 -0.5 0.5
-0.3608243510553044 1.5013842159873585 0.1860336320750526 0.6869655564488488 -0.5 0.5
-0.4004660313571051 1.467216780881828 0.084399291024571 0.6978313152178585 -0.5 0.5
-0.4379890169716183 1.4290851777461175 -0.015179472257543 0.7081322753470839 -0.5 0.5
-0.47341300406892106 1.3872012760489556 -0.1122767400566498 0.7178990535167986 -0.5 0.5
-0.5067410014582063 1.3417749756420636 -0.2064829142883478 0.727166996245306 -0.5 0.5
-0.5379569952818097 1.2930158754962429 -0.2974099698417857 0.7359748149782898 -0.5 0.5
-0.5670262890444455 1.241135175968062 -0.3846955173426012 0.7443631511887976 -0.5 0.5
-0.593897504148615 1.1863475470636176 -0.4680054857130608 0.7523730993349631 -0.5 0.5
-0.6185047559749846 1.128872796648756 -0.5470354536005589 0.7600447003256562 -0.5 0.5
-0.6407690263546661 1.0689373210512576 -0.6215108215310148 0.7674154106597239 -0.5 0.5
-0.6605988645407324 1.0067754184157909 -0.6911861244701325 0.7745185541637668 -0.5 0.5
-0.6778912151999772 0.9426305319617178 -0.7558438657105813 0.7813817763050372 -0.5 0.5
-0.6925327741951715 0.87675641044172 -0.8152933082324643 0.7880255441705774 -0.5 0.5
-0.7044012145851508 0.8094181330222029 -0.8693696531417123 0.7944617628530647 -0.5 0.5
-0.7133646505227798 0.7408930115636878 -0.9179339527002618 0.8006926059270382 -0.5 0.5
-0.7192778706850311 0.6714715465114098 -0.9608739441375586 0.8067096780750389 -0.5 0.5
-0.7219760236793593 0.6014587594429067 -0.9981057650887076 0.8124936379321616 -0.5 0.5
-0.7212693897953287 0.5311761570749708 -1.0295763103763491 0.8180144122353268 -0.5 0.5
-0.7169440797755544 0.4609642180954379 -1.0552659024719648 0.8232321290294945 -0.5 0.5
-0.7087721460180157 0.3911848101178825 -1.07519095830443 0.8280988762620695 -0.5 0.5
-0.6965319075320608 0.3222225955160809 -1.0894063746222216 0.8325613399824314 -0.5 0.5
-0.6800365287796802 0.2544844047628748 -1.0980073943091888 0.8365642922173362 -0.5 0.5
-0.6591669008562169 0.1883957518849068 -1.101130754042136 0.8400547885374494 -0.5 0.5
-0.6339041279649178 0.1243940617992851 -1.0989549452902383 0.8429868097953811 -0.5 0.5
-0.604356956885026 0.0629186490027933 -1.0916994568705864 0.8453259588557763 -0.5 0.5
-0.570779712484617 0.0043979533142907 -1.0796229252629594 0.8470537241325089 -0.5 0.5
-0.6130669026278379 -0.050765017934171 -1.063020197890502 0.848170774570467 -0.4 0.5
-0.572781966403348 -0.1022077081969548 -1.0422184069105669 0.8486987868141804 -0.4 0.5
-0.53006989656426 -0.1496219048372896 -1.017572250697108 0.8486804477052339 -0.4 0.5
-0.48565667762014625 -0.1927648944937156 -0.989458758055604 0.8481775140475143 -0.4 0.5
-0.4402914894516899 -0.2314665622557302 -0.9582718174317276 0.847267091013268 -0.4 0.5
-0.3946987240824529 -0.2656317112008992 -0.9244166828515896 0.8460365308537828 -0.4 0.5
-0.3495357467057508 -0.2952375836091445 -0.8883045806755163 0.8445774966325295 -0.4 0.5
-0.3053600832266862 -0.3203271582797196 -0.8503474998060593 0.8429797710611769 -0.4 0.5
-0.26260735541603075 -0.3409991666023882 -0.8109532649275446 0.8413253431450045 -0.4 0.5
-0.2215794922772868 -0.3573959021439913 -0.7705210448148394 0.8396832104772606 -0.4 0.5
-0.1824420391719056 -0.36968985137172 -0.7294374956292404 0.8381052227370912 -0.4 0.5
-0.145229665488516 -0.3780700552889106 -0.688073740583914 0.8366231824520878 -0.4 0.5
-0.10985954473004489 -0.3827290218377622 -0.6467833323751415 0.8352473236069287 -0.4 0.5
-0.07615250229351056 -0.3838509763107667 -0.6059012467904329 0.8339662109335707 -0.4 0.5
-0.04386139919279719 -0.3816022265401178 -0.565743826003886 0.8327480402583756 -0.4 0.5
-0.01270527172544278 -0.3761243664593975 -0.5266094525598493 0.8315432672414045 -0.4 0.5
0.017593170632942967 -0.3675308936319418 -0.4887796247972965 0.8302884411441623 -0.4 0.5
0.04726946593686665 -0.3559075765686475 -0.4525200446188494 0.828911065019307 -0.4 0.5
0.07648145568364073 -0.3413166299749609 -0.4180813406935592 0.8273352393695156 -0.4 0.5
0.1052782335222302 -0.3238044844065968 -0.3856991366685733 0.8254877715312441 -0.4 0.5
0.13357713683545436 -0.3034126610543738 -0.3555932867664088 0.8233043504379091 -0.4 0.5
0.1611523369117951 -0.2801909473708284 -0.3279662008929337 0.8207353068807062 -0.4 0.5
0.18763839130633092 -0.2542117136796489 -0.3030002930625249 0.8177504252958023 -0.4 0.5
0.13306069685744187 -0.2255838745490158 -0.2808547346449397 0.8143422753319488 -0.3 0.5
0.15583187536074905 -0.1944648048632716 -0.2616618413521722 0.8105276224717493 -0.3 0.5
0.17585964674067228 -0.1610686173271967 -0.2455235184600095 0.8063466761626227 -0.3 0.5
0.19255943964828992 -0.1256696526531295 -0.2325082095026557 0.8018602210104345 -0.3 0.5
0.20541484846315003 -0.0886007086883005 -0.2226487404507652 0.7971449806927968 -0.3 0.5
0.214020630111902 -0.0502462238419855 -0.2159413484965507 0.7922877973855522 -0.3 0.5
0.218115058164444 -0.0110311608307953 -0.2123460677728627 0.7873793174638205 -0.3 0.5
0.21760005855910688 0.0285933449856491 -0.2117885309890924 0.7825078558738424 -0.3 0.5
0.21254838792598096 0.0681663508415598 -0.2141631371903743 0.7777540014747505 -0.3 0.5
0.20319763711963396 0.1072341896341579 -0.2193374358171875 0.7731863662411886 -0.3 0.5
0.18993148919496716 0.1453669533461213 -0.2271574894923756 0.7688587064723515 -0.3 0.5
0.17324970465684597 0.182173102265618 -0.2374538992013047 0.7648084791093835 -0.3 0.5
0.15372980512455503 0.2173110727313026 -0.2500481036590826 0.7610567583286242 -0.3 0.5
0.13198485272509664 0.2504970532437581 -0.2647585023617564 0.7576093347710322 -0.3 0.5
0.10862235941228815 0.2815085385162678 -0.2814059067835329 0.7544587530881989 -0.3 0.5
0.08420893997555468 0.3101837744574966 -0.2998178155187926 0.7515870100484432 -0.3 0.5
0.05924396810040866 0.3364176684550521 -0.3198310622751765 0.7489686293223493 -0.3 0.5
0.0341436702642095 0.360155065265093 -0.3412925167674631 0.7465738437132765 -0.3 0.5
0.009235441462365768 0.381382432291514 -0.3640577324689972 0.744371645070522 -0.3 0.5
-0.015239019765869721 0.4001189764377506 -0.3879877168298397 0.7423325006886948 -0.3 0.5
-0.039113880376385746 0.4164080744611636 -0.4129442979413165 0.7404305788575687 -0.3 0.5
-0.06228497864029792 0.4303096864235251 -0.4387848158660196 0.7386453728644479 -0.3 0.5
-0.08469345813615248 0.4418941885594953 -0.4653570442211303 0.7369626580880387 -0.3 0.5
-0.10630926278118513 0.4512378427458801 -0.4924953181550547 0.7353747578934664 -0.3 0.5
-0.12711630488624337 0.4584199164677616 -0.5200187549336212 0.7338801326129146 -0.3 0.5
-0.14710053825028324 0.4635212859791373 -0.5477321750718032 0.7324823449401757 -0.3 0.5
-0.16624131139049425 0.466624232154109 -0.5754299057539847 0.7311884944716822 -0.3 0.5
-0.184505668612982 0.4678131010150596 -0.6029021572905061 0.7300072518674091 -0.3 0.5
-0.20184499005510503 0.4671755341537614 -0.6299432066120636 0.7289466565963529 -0.3 0.5
-0.2181934974979033 0.4648040351482509 -0.6563602977918245 0.7280118678725785 -0.3 0.5
-0.23346847394645043 0.4607976853984606 -0.6819820414927444 0.7272030724431633 -0.3 0.5
-0.2475722347893533 0.4552638380038156 -0.706665181471039 0.7265137523405946 -0.3 0.5
-0.2603957873962631 0.4483196145248803 -0.7302988803663922 0.7259294983067022 -0.3 0.5
-0.27182389722359923 0.440093035785254 -0.7528060978027524 0.7254275198830565 -0.3 0.5
-0.2817412416746773 0.4307236460628941 -0.774142100128444 0.7249769528197917 -0.3 0.5
-0.2900395558543789 0.4203625218954264 -0.7942905697631759 0.724540001162878 -0.3 0.5
-0.2966259484738537 0.4091715663099885 -0.8132580989768818 0.7240738787103931 -0.3 0.5
-0.3014325988125499 0.3973219714626032 -0.8310679917471299 0.7235334372514785 -0.3 0.5
-0.30442764200283745 0.3849917115813482 -0.8477542395435995 0.7228742922494964 -0.3 0.5
-0.3056261837644819 0.3723619473810645 -0.8633563344196555 0.7220561856323072 -0.3 0.5
-0.3050993255348755 0.3596123290046163 -0.87791531769662 0.7210462671589062 -0.3 0.5
-0.30297852155569016 0.3469153964511288 -0.8914711948216787 0.719821941364385 -0.3 0.5
-0.3789432710643492 0.3344305442955598 -0.904061615850434 0.7183729314001964 -0.2 0.5
-0.37425200325387986 0.3222982171891249 -0.9157215668120698 0.7167022710431433 -0.2 0.5
-0.3686679558742212 0.3106350168637369 -0.9264837602888044 0.7148260620786256 -0.2 0.5
-0.36248271813702715 0.2995302212763148 -0.9363794285895471 0.7127720133417994 -0.2 0.5
-0.35598966060592596 0.2890439494626121 -0.9454392674684082 0.7105769649820797 -0.2 0.5
-0.34946840573550797 0.2792069834020195 -0.9536943289930097 0.70828374097437 -0.2 0.5
-0.3431707194466843 0.2700221428284687 -0.9611767109590188 0.7059377330253693 -0.2 0.5
-0.3373081339714651 0.2614670708838003 -0.9679199345729158 0.7035836033871867 -0.2 0.5
-0.33204196894886795 0.2534982574866538 -0.973958945141247 0.7012624247854337 -0.2 0.5
-0.327476687260925 0.246056060591767 -0.9793297148038184 0.6990094773889786 -0.2 0.5
-0.32365740480256366 0.2390703918656745 -0.9840684713259252 0.6968528162911904 -0.2 0.5
-0.32057186091174306 0.2324666513854181 -0.9882106241475788 0.6948126232491876 -0.2 0.5
-0.3181564793730732 0.2261714652942438 -0.9917895074407692 0.6929012737009549 -0.2 0.5
-0.316305634246786 0.2201178173569365 -0.994835100385294 0.6911239907844666 -0.2 0.5
-0.31488304582267923 0.2142492539322579 -0.997372904851504 0.6894799243335422 -0.2 0.5
-0.31373431595029394 0.20852294934999 -0.9994231534748388 0.6879634834980356 -0.2 0.5
-0.31269980066038927 0.2029115177549606 -1.0010004898760383 0.6865657626585164 -0.2 0.5
-0.31162709357133 0.1974035376889217 -1.0021142172869306 0.6852759243110133 -0.2 0.5
-0.31038226040540295 0.1920028283317887 -1.002769157785872 0.6840824324627576 -0.2 0.5
-0.30885882507137224 0.1867266022912484 -1.002967100142183 0.6829740624593007 -0.2 0.5
-0.3069836619565361 0.1816027197841112 -1.0027087414385445 0.6819406463790787 -0.2 0.5
-0.304719448283213 0.1766663535884576 -1.0019959567544878 0.6809735443920522 -0.2 0.5
-0.3020639568397229 0.1719564087601363 -1.0008341744659557 0.6800658589766533 -0.2 0.5
-0.2990469301933152 0.167512013076164 -0.9992346000601756 0.6792124289021112 -0.2 0.5
-0.295725363454393 0.1633693200568325 -0.9972160257777952 0.678409652309241 -0.2 0.5
-0.29217775609417324 0.1595587837113932 -0.9948059939359162 0.677655192870625 -0.2 0.5
-0.28849753213984003 0.1561030081019759 -0.9920411483429156 0.6769476208004727 -0.2 0.5
-0.2847856476256941 0.1530152548879919 -0.9889667000084584 0.6762860330058519 -0.2 0.5
-0.28114251367766685 0.1502986901254225 -0.985635035686622 0.6756696862481444 -0.2 0.5
-0.27765966518082524 0.1479464387576558 -0.982103597994094 0.675097666164374 -0.2 0.5
-0.2744118417625471 0.1459424722395733 -0.978432252122546 0.6745686044867208 -0.2 0.5
-0.27145010768197697 0.1442632880633186 -0.9746804153638592 0.6740804474700045 -0.2 0.5
-0.26879637858434 0.1428802772951209 -0.970904253974642 0.6736302720498397 -0.2 0.5
-0.26643951806279625 0.1417626394366869 -0.9671542432509196 0.6732141442711816 -0.2 0.5
-0.264333225835654 0.1408806876304073 -0.9634733413688424 0.6728270171453555 -0.2 0.5
-0.26239623682647706 0.1402093650468419 -0.9598959515639351 0.672462671053983 -0.2 0.5
-0.260515649424993 0.1397317413641942 -0.9564477492439116 0.6721137072451082 -0.2 0.5
-0.258554197934055 0.1394421764216949 -0.953146340972608 0.6717716116470464 -0.2 0.5
-0.25636181482215914 0.1393487566282894 -0.950002617127098 0.671426909969457 -0.2 0.5
-0.2537910055092671 0.1394745751460735 -0.9470225782398558 0.6710694340036435 -0.2 0.5
-0.25071469511630806 0.1398574745951468 -0.9442093679137876 0.6706887119519054 -0.2 0.5
-0.2470445888498321 0.140548005083516 -0.9415652348238884 0.6702744824352512 -0.2 0.5
-0.242747808451165 0.1416055461985328 -0.9390931705179484 0.6698173134505032 -0.2 0.5
-0.23785954781443713 0.1430927653534163 -0.9367980243753044 0.6693092854479055 -0.2 0.5
-0.2324896323840872 0.1450688105719726 -0.934686976843382 0.6687446747980215 -0.2 0.5
-0.22682119072520102 0.1475818473335639 -0.93276934993099 0.6681205556183427 -0.2 0.5
-0.300590307235111 0.1506617282610438 -0.9310558384308264 0.6674372313248661 -0.0999999999999999 0.5
-0.2951066507693603 0.1543136975375327 -0.9295573397061384 0.6666984186006393 -0.0999999999999999 0.5
-0.2901665629779332 0.1585140324605967 -0.9282836248964198 0.665911137487478 -0.0999999999999999 0.5
-0.2860615857907442 0.1632083761628034 -0.927242114205968 0.6650853059964659 -0.0999999999999999 0.5
-0.28303647490971917 0.168313217583729 -0.926436989485588 0.6642330833532053 -0.0999999999999999 0.5
-0.2812610749835062 0.1737205700927571 -0.9258688102423376 0.6633680400729421 -0.0999999999999999 0.5
-0.2808099678006551 0.1793054625944065 -0.9255347138183164 0.6625042490298575 -0.0999999999999999 0.5
-0.2816527319669493 0.184935465814341 -0.9254291916907516 0.6616553903580875 -0.0999999999999999 0.5
-0.2836562252789082 0.1904811926176461 -0.9255453486509811 0.6608339496249529 -0.0999999999999999 0.5
-0.2865987425213451 0.1958265700897553 -0.9258764738189929 0.6600505690338972 -0.0999999999999999 0.5
-0.29019440819285314 0.2008776958376208 -0.9264176878315176 0.6593135896667565 -0.0999999999999999 0.5
-0.29412485098546215 0.2055692550183355 -0.9271673879624064 0.6586288018991047 -0.0999999999999999 0.5
-0.2980741436920062 0.2098677699197893 -0.9281282016138872 0.6579994029996409 -0.0999999999999999 0.5
-0.3017623669717573 0.2137713555505887 -0.9293071850591752 0.6574261460646349 -0.0999999999999999 0.5
-0.304973237908443 0.217306118853413 -0.9307150725067516 0.6569076526072097 -0.0999999999999999 0.5
-0.30757216899494094 0.2205197950625687 -0.9323644938919088 0.6564408517946512 -0.0999999999999999 0.5
-0.3095127891288671 0.2234735781630746 -0.9342672380338928 0.6560215015414912 -0.0999999999999999 0.5
-0.31083202175787417 0.2262332992501879 -0.9364308282589088 0.6556447400855371 -0.0999999999999999 0.5
-0.31163574403277494 0.2288610970744005 -0.9388548705827372 0.655305612803613 -0.0999999999999999 0.5
-0.31207834092293885 0.231408522671123 -0.9415277885307468 0.6549995202831639 -0.0999999999999999 0.5
-0.3123398798925839 0.2339116885788291 -0.9444246288802728 0.6547225416435681 -0.0999999999999999 0.5
-0.3126042373922852 0.2363887005895707 -0.9475065695481226 0.6544716019205827 -0.0999999999999999 0.5
-0.3130406059046553 0.2388392768503422 -0.9507225626577944 0.6542444726328772 -0.0999999999999999 0.5
-0.3137897673494919 0.2412462162598767 -0.9540132123748376 0.6540396177867731 -0.0999999999999999 0.5
-0.314955579079515 0.2435782395249275 -0.9573165676156468 0.6538559201571962 -0.0999999999999999 0.5
-0.31660134751037294 0.245793681616976 -0.960575087883329 0.6536923410587268 -0.0999999999999999 0.5
-0.31875017269730105 0.2478445468659387 -0.9637427139884128 0.6535475775209865 -0.0999999999999999 0.5
-0.32138798241966027 0.2496805295962086 -0.966790828946158 0.6534197813887638 -0.0999999999999999 0.5
-0.32446790705400685 0.2512527313542426 -0.9697119802150096 0.6533063946786347 -0.0999999999999999 0.5
-0.32791492206155903 0.2525169406488419 -0.9725205585636147 0.6532041356924521 -0.0999999999999999 0.5
-0.3316302398354437 0.253436448442686 -0.9752501395422796 0.653109143979961 -0.0999999999999999 0.5
-0.3354955559693368 0.2539844244591416 -0.9779477893367396 0.6530172639512645 -0.0999999999999999 0.5
-0.3393776957969119 0.2541458688622079 -0.9806661946853262 0.652924422076047 -0.0999999999999999 0.5
-0.3431343238038381 0.2539190992825167 -0.983454880610202 0.6528270358193726 -0.0999999999999999 0.5
-0.3466211869350727 0.2533166669021329 -0.9863519440821752 0.6527223866946951 -0.0999999999999999 0.5
-0.34970098912869785 0.2523655482086256 -0.9893776212370056 0.6526088958045138 -0.0999999999999999 0.5
-0.35225358813496005 0.2511064492957558 -0.9925306468636588 0.6524862566923084 -0.0999999999999999 0.5
-0.35418684740887524 0.2495920904822598 -0.9957878404140712 0.6523554043050476 -0.0999999999999999 0.5
-0.35544714652537224 0.2478844057413723 -0.9991067809164068 0.6522183261372085 -0.0999999999999999 0.5
-0.35602821483101177 0.2460506910888351 -1.002430933870803 0.6520777473472935 -0.0999999999999999 0.5
-0.3559766633928191 0.2441588696057339 -1.0056962563902525 0.6519367412730287 -0.0999999999999999 0.5
-0.35539252279756184 0.242272203266452 -1.0088381785672471 0.6517983268444253 -0.0999999999999999 0.5
-0.35442344821703886 0.2404439509866958 -1.0117979395727146 0.6516651131494705 -0.0999999999999999 0.5
-0.35325213240372494 0.2387126061649919 -1.0145275019642337 0.6515390394696416 -0.0999999999999999 0.5
-0.3520777560142582 0.2370983929246194 -1.0169926024598854 0.6514212394010275 -0.0999999999999999 0.5
-0.3510936407632542 0.2356016173231936 -1.01917384361817 0.6513120345005426 -0.0999999999999999 0.5
-0.35046422331767885 0.2342032532468682 -1.0210660257342148 0.6512110408163668 -0.0999999999999999 0.5
-0.3503047653118291 0.2328678309151003 -1.0226761229121897 0.6511173546228742 -0.0999999999999999 0.5
-0.4301568253996635 0.2315483543839174 -1.024020409202164 0.6510297743288137 0.0 0.5
-0.4310216052090382 0.2301926718439511 -1.0251212489965404 0.6509470149798827 0.0 0.5
-0.4323020991076118 0.2287505113230473 -1.0260040017304115 0.6508678795162751 0.0 0.5
-0.43385375505322593 0.2271803014122861 -1.0266943809620113 0.6507913645772315 0.0 0.5
-0.43549223005290794 0.2254549259069635 -1.0272164796937706 0.6507166942710255 0.0 0.5
-0.43701588778272876 0.2235657029016727 -1.0275915503819282 0.6506432890350095 0.0 0.5
-0.43823002975757225 0.2215241141233998 -1.027837524589671 0.6505706860727329 0.0 0.5
-0.4389695971994659 0.2193611111476426 -1.0279691803936797 0.65049843233018 0.0 0.5
-0.4391173516258201 0.217124151427696 -1.0279988144995695 0.6504259713634916 0.0 0.5
-0.43861534761974935 0.214872416265114 -1.027937245140851 0.6503525431117051 0.0 0.5
-0.43746867003954387 0.2126708815031391 -1.0277949566381963 0.650277111763584 0.0 0.5
-0.43574163287086604 0.2105840144991847 -1.0275831958638693 0.6501983324211378 0.0 0.5
-0.4335476595952162 0.2086698512120981 -1.027314845799868 0.6501145625519605 0.0 0.5
-0.4310347034806 0.2069750852525765 -1.0270049326394128 0.6500239195602675 0.0 0.5
-0.428368295917024 0.2055316149045165 -1.0266706693109169 0.6499243814882995 0.0 0.5
-0.42571426322652484 0.2043547853128141 -1.0263309960343048 0.6498139241442472 0.0 0.5
-0.423222967277265 0.2034433589901616 -1.0260056412093106 0.6496906849468642 0.0 0.5
-0.42101663380706117 0.2027810622624351 -1.025713786437634 0.6495531415619896 0.0 0.5
-0.4191808982761491 0.202339398881729 -1.025472471774966 0.6494002921132641 0.0 0.5
-0.41776111335743105 0.2020813090541141 -1.025294916835109 0.6492318233663696 0.0 0.5
-0.41676328906713384 0.201965197718371 -1.0251889560896086 0.6490482536449576 0.0 0.5
-0.416158909993041 0.2019488688116576 -1.0251557886693077 0.6488510382700828 0.0 0.5
-0.4158924508530182 0.2019929778123535 -1.0251892211228046 0.6486426270802278 0.0 0.5
-0.41589029070039807 0.2020637327270517 -1.0252755357476449 0.6484264660990953 0.0 0.5
-0.4160698846628619 0.2021347036570119 -1.025394051838836 0.6482069385981889 0.0 0.5
-0.41634835329136505 0.2021877151907257 -1.0255183712022349 0.6479892443578225 0.0 0.5
-0.4166499287928571 0.2022128798615892 -1.0256182226652368 0.6477792192775423 0.0 0.5
-0.41691186804829805 0.2022078869823035 -1.0256617523692857 0.6475831001658195 0.0 0.5
-0.4170885351161638 0.2021767001774737 -1.0256180551165044 0.6474072415825127 0.0 0.5
-0.4171534618026651 0.2021278466658573 -1.0254597127883769 0.6472577932461813 0.0 0.5
-0.41709937043226203 0.2020725004855908 -1.0251651018191974 0.6471403478847283 0.0 0.5
-0.4169363590655162 0.2020225634423646 -1.0247202527206771 0.6470595706907017 0.0 0.5
-0.4166886133185399 0.201988927535813 -1.0241200887016992 0.6470188229974658 0.0 0.5
-0.4163900382636382 0.201980066203959 -1.0233689345497137 0.6470197945672669 0.0 0.5
-0.4160791013165399 0.2020010623775952 -1.0224802655714698 0.6470621611029663 0.0 0.5
-0.4157930462036391 0.2020531522459412 -1.02147574956728 0.6471432864090575 0.0 0.5
-0.415561619134385 0.2021338476255773 -1.0203837103261475 0.6472579919350422 0.0 0.5
-0.4154006165285079 0.2022376857121388 -1.019237198798592 0.647398419748025 0.0 0.5
-0.415305867563161 0.202357624059288 -1.018071891316263 0.6475540175338915 0.0 0.5
-0.4152485509584941 0.2024870373029719 -1.0169240395185308 0.6477116749588689 0.0 0.5
-0.4151728541752761 0.2026221822071225 -1.0158286739819633 0.6478560382337939 0.0 0.5
-0.41499684540552806 0.2027648967895949 -1.0148182157557006 0.6479700225734597 0.0 0.5
-0.4146170918458819 0.2029252122490421 -1.013921581843944 0.648035529454609 0.0 0.5
-0.41391712341800807 0.2031235030644539 -1.0131637904414903 0.6480343568540053 0.0 0.5
-0.4127793756015388 0.2033917907226531 -1.0125659924668344 0.6479492664902968 0.0 0.5
-0.41109975259812914 0.2037738531624992 -1.0121457924208728 0.6477651441921031 0.0 0.5
-0.40880342701560296 0.2043238779026863 -1.0119176860161223 0.647470161236193 0.0 0.5
-0.4058599933399182 0.205103535201126 -1.011893441524039 0.6470568210198913 0.0 0.5
-0.48178578345221573 0.2061775358671342 -1.0120822865026982 0.6465227636276366 0.0999999999999999 0.5
-0.4776912369795519 0.2076079575219126 -1.012490823153308 0.6458712088433628 0.0999999999999999 0.5
-0.47322175195120275 0.2094478338239574 -1.0131226690913515 0.6451109527850196 0.0999999999999999 0.5
-0.4685912288306013 0.2117346586288371 -1.0139778897369662 0.6442558939254766 0.0999999999999999 0.5
-0.4640583176114599 0.214484535745777 -1.0150523421833684 0.6433241370211807 0.0999999999999999 0.5
-0.4599061365448731 0.217687703984631 -1.016337082952682 0.6423367856843855 0.0999999999999999 0.5
-0.4564170402128201 0.2213060903301437 -1.0178180021729863 0.6413165684374358 0.0999999999999999 0.5
-0.45384484339564685 0.2252733863088617 -1.0194758346531192 0.640286446270151 0.0999999999999999 0.5
-0.45238756551401804 0.229497901969297 -1.0212866661948008 0.6392683297075682 0.0999999999999999 0.5
-0.45216407690742505 0.2338681454178952 -1.0232230052103797 0.6382819993424769 0.0999999999999999 0.5
-0.4531979335954689 0.2382607377271527 -1.0252554282106194 0.6373442836228561 0.0999999999999999 0.5
-0.4554111364234342 0.2425499443676058 -1.027354733199008 0.6364685095243584 0.0999999999999999 0.5
-0.4586294755509912 0.2466178307252624 -1.029494448120805 0.6356642127578953 0.0999999999999999 0.5
-0.46259950835826513 0.2503638831701633 -1.0316534485462057 0.6349370777120628 0.0999999999999999 0.5
-0.4670152668874178 0.2537129323343368 -1.0338183548227005 0.6342890719616737 0.0999999999999999 0.5
-0.47155099373148657 0.256620405645595 -1.0359853259665417 0.6337187414303667 0.0999999999999999 0.5
-0.4758951456485516 0.2590743062724464 -1.0381608665054949 0.6332216359285687 0.0999999999999999 0.5
-0.4797808867628617 0.2610937917075912 -1.0403613270599097 0.6327908385245399 0.0999999999999999 0.5
-0.4830092221104898 0.2627247030313051 -1.0426109166376607 0.6324175747286178 0.0999999999999999 0.5
-0.4854624692701842 0.2640327808202561 -1.0449382525747777 0.6320918774607592 0.0999999999999999 0.5
-0.4871075390950752 0.2650955338932377 -1.04737173335537 0.6318032808650331 0.0999999999999999 0.5
-0.4879901154561961 0.2659937799837302 -1.04993428921525 0.6315415115056745 0.0999999999999999 0.5
-0.4882219850241054 0.2668037684381106 -1.0526382887989871 0.6312971415474492 0.0999999999999999 0.5
-0.48796431179518707 0.2675905699357001 -1.055481495227932 0.6310621674996032 0.0999999999999999 0.5
-0.4874095861031802 0.2684031387561814 -1.058444919209819 0.630830481558146 0.0999999999999999 0.5
-0.48676444022723475 0.2692711801458634 -1.0614931859624253 0.6305982105258898 0.0999999999999999 0.5
-0.48623469774752515 0.2702037361231399 -1.0645776358545405 0.6303639081258464 0.0999999999999999 0.5
-0.48601311134405856 0.2711892663483874 -1.067641881410212 0.6301285976691218 0.0999999999999999 0.5
-0.4862694564349701 0.2721969552139816 -1.0706290446329372 0.6298956707181911 0.0999999999999999 0.5
-0.4871421640119328 0.2731790095704846 -1.0734895081035731 0.6296706514207124 0.0999999999999999 0.5
-0.4887305792562452 0.2740737931692913 -1.0761878287701387 0.629460834507155 0.0999999999999999 0.5
-0.4910872050322673 0.2748097352436668 -1.0787075454870891 0.6292747980266797 0.0999999999999999 0.5
-0.4942098244966242 0.2753100147404401 -1.0810529596571077 0.6291217822683144 0.0999999999999999 0.5
-0.4980340247873699 0.2754980322907777 -1.083247518033802 0.6290109183033936 0.0999999999999999 0.5
-0.5024271957180193 0.2753036298120407 -1.0853290676100944 0.6289502881444965 0.0999999999999999 0.5
-0.5071854501894763 0.2746699102402388 -1.0873428516883137 0.6289458079672071 0.0999999999999999 0.5
-0.5120350691326409 0.2735603652212912 -1.0893335444403118 0.628999948701556 0.0999999999999999 0.5
-0.5166399925769893 0.2719658583080271 -1.0913377855534354 0.6291103441466093 0.0999999999999999 0.5
-0.5206165181699413 0.2699108590503282 -1.0933785464946155 0.6292683817087591 0.0999999999999999 0.5
-0.5235556784431517 0.2674582072333341 -1.0954622746603002 0.6294579180123052 0.0999999999999999 0.5
-0.5250527421870704 0.2647116393890189 -1.097579215748334 0.6296543021298444 0.0999999999999999 0.5
-0.5247420245545692 0.2618153651703119 -1.099706728516067 0.6298239134180222 0.0999999999999999 0.5
-0.5223339201141092 0.258950162714855 -1.1018148956459204 0.6299244196461177 0.0999999999999999 0.5
-0.517650071014748 0.2563257707034441 -1.1038733902707618 0.6299059266149879 0.0999999999999999 0.5
-0.5106520883268401 0.2541697636019693 -1.105858428870791 0.6297131186389852 0.0999999999999999 0.5
-0.5014594243333015 0.2527135547692853 -1.1077587253380223 0.6292883814604696 0.0999999999999999 0.5
-0.4903528923431638 0.2521766123359552 -1.1095796130757518 0.6285757632744752 0.0999999999999999 0.5
-0.47776181383197225 0.2527503231016388 -1.1113448567295623 0.6275254802252029 0.0999999999999999 0.5
-0.46423461741224525 0.2545831417184416 -1.113096062377405 0.6260985315768275 0.0999999999999999 0.5
-0.45039481482644417 0.2577686799772171 -1.1148899484339694 0.6242708847722206 0.0999999999999999 0.5
-0.5163766464650288 0.2623381984945727 -1.116794007302599 0.6220366545378399 0.1999999999999999 0.5
-0.5038070723886362 0.2682585338480698 -1.1188812399976 0.6194097658759343 0.1999999999999999 0.5
-0.49269232148555053 0.2754358266092062 -1.1212246747815604 0.6164237758676859 0.1999999999999999 0.5
-0.4834168429797414 0.2837245944606511 -1.1238923002110892 0.6131298103421113 0.1999999999999999 0.5
-0.476210013735639 0.292940910162677 -1.1269428867745146 0.6095928755160629 0.1999999999999999 0.5
-0.4711423177365148 0.3028779087891131 -1.1304229836126347 0.605887042771376 0.1999999999999999 0.5
-0.468139296488414 0.3133216770154616 -1.1343651969764244 0.6020901221064179 0.1999999999999999 0.5
-0.46700920615811714 0.3240657473666202 -1.1387877093633465 0.5982784345237449 0.1999999999999999 0.5
-0.46747910799628867 0.3349228267508085 -1.143694891359659 0.5945221982644519 0.1999999999999999 0.5
-0.46923382382915213 0.3457329159511796 -1.149078792107726 0.5908818980509107 0.1999999999999999 0.5
-0.4719526400151691 0.3563675335682644 -1.154921264515415 0.5874058427222677 0.1999999999999999 0.5
-0.4753397302581158 0.3667302695667475 -1.1611964781084434 0.5841289597383635 0.1999999999999999 0.5
-0.4791457911932667 0.3767542965409359 -1.167873584451287 0.5810727432861309 0.1999999999999999 0.5
-0.4831800741052644 0.3863977174216092 -1.1749193189357163 0.5782461763383523 0.1999999999999999 0.5
-0.48731349214233277 0.3956377100110828 -1.1823003432491266 0.5756473894723363 0.1999999999999999 0.5
-0.49147442540238506 0.4044643607968495 -1.1899851576443492 0.5732657978815141 0.1999999999999999 0.5
-0.4956391907489066 0.412874918256611 -1.1979454533435407 0.5710844637353606 0.1999999999999999 0.5
-0.49981916135545534 0.4208689991817203 -1.2061568381441503 0.5690824545177432 0.1999999999999999 0.5
-0.5040464225483648 0.4284450830461748 -1.2145989390582357 0.567237005357801 0.1999999999999999 0.5
-0.508359672308541 0.4355984407913383 -1.2232549473686176 0.5655253425228083 0.1999999999999999 0.5
-0.5127918460839759 0.4423204735604842 -1.2321107170311922 0.5639260809612314 0.1999999999999999 0.5
-0.517360666906499 0.4485992889520866 -1.241153555497676 0.5624201647775949 0.1999999999999999 0.5
-0.5220629273885075 0.4544212222614368 -1.2503708574358154 0.5609913706861707 0.1999999999999999 0.5
-0.526872802840852 0.459772929522586 -1.2597487301675987 0.5596264366026161 0.1999999999999999 0.5
-0.5317439675494617 0.4646436492385009 -1.2692707464593962 0.5583149078699341 0.1999999999999999 0.5
-0.5366148442553659 0.4690272524835547 -1.2789169358524362 0.5570488110114382 0.1999999999999999 0.5
-0.5414160645463384 0.4729237680580181 -1.2886630941041797 0.5558222687449942 0.1999999999999999 0.5
-0.5460791856640712 0.4763401616033842 -1.2984804558132368 0.5546311607220854 0.1999999999999999 0.5
-0.5505457922781731 0.4792902430369771 -1.3083357414512322 0.5534729137702578 0.1999999999999999 0.5
-0.554776174110988 0.4817936638091598 -1.318191561668592 0.5523464754023704 0.1999999999999999 0.5
-0.5587567493010887 0.483874046398061 -1.3280071402800346 0.5512524877212441 0.1999999999999999 0.5
-0.5625053297251753 0.4855563714679521 -1.3377393017115835 0.5501936389827053 0.1999999999999999 0.5
-0.5660733139288848 0.4868638384954345 -1.3473436601072837 0.5491751303538835 0.1999999999999999 0.5
-0.5695440565153731 0.487814507102546 -1.356775944307396 0.5482051595037513 0.1999999999999999 0.5
-0.5730269943960059 0.4884181014510086 -1.365993390682034 0.5472952947245341 0.1999999999999999 0.5
-0.5766475057867299 0.488673402011408 -1.3749561316273338 0.5464605971455805 0.1999999999999999 0.5
-0.5805328330484094 0.4885666514327351 -1.3836285001295414 0.5457193476297537 0.1999999999999999 0.5
-0.5847946823954459 0.4880713681278942 -1.3919801650201198 0.5450922514899446 0.1999999999999999 0.5
-0.5895093770186677 0.4871498998883496 -1.3999870232356717 0.544601028652638 0.1999999999999999 0.5
-0.5946967846548978 0.4857569621864829 -1.4076318132694887 0.5442663485966073 0.1999999999999999 0.5
-0.6002997179970382 0.4838452837209931 -1.4149044638200652 0.5441051373947718 0.1999999999999999 0.5
-0.606166040971578 0.4813733119212893 -1.4218022333721676 0.5441273660396829 0.1999999999999999 0.5
-0.6120361212674663 0.4783147078241315 -1.4283297225779992 0.5443325192977526 0.1999999999999999 0.5
-0.6175383721659672 0.4746690956973848 -1.434498850249702 0.5447060340669826 0.1999999999999999 0.5
-0.6221953384674195 0.4704732584807881 -1.440328873519312 0.5452160750577588 0.1999999999999999 0.5
-0.6254421065604165 0.4658117246340461 -1.4458465042826345 0.5458110714947214 0.1999999999999999 0.5
-0.6266578223170621 0.4608255139780044 -1.4510861300130642 0.5464184587375838 0.1999999999999999 0.5
-0.6252098425470154 0.4557177317462982 -1.4560900909151235 0.546945041421787 0.1999999999999999 0.5
-0.620508533468378 0.4507547474915966 -1.4609089049022053 0.547279310686207 0.1999999999999999 0.5
-0.6120689939156809 0.4462618941447588 -1.465601277639858 0.5472959025011743 0.1999999999999999 0.5
-0.5995741688904199 0.4426129947531907 -1.47023370119203 0.5468621787625406 0.1999999999999999 0.5
-0.5829321838707541 0.4402135778641487 -1.474879451123294 0.545846657992173 0.1999999999999999 0.5
-0.5623196387223811 0.4394783594770733 -1.4796168507318226 0.5441287390650646 0.1999999999999999 0.5
-0.5382025632645498 0.4408043956048352 -1.4845267757956242 0.5416088822141772 0.1999999999999999 0.5
-0.5113283034605937 0.4445421392783802 -1.4896895050982166 0.5382181819144578 0.1999999999999999 0.5
-0.48268517071518857 0.4509673089323208 -1.495181159280479 0.5339261435662018 0.1999999999999999 0.5
-0.5329221647067162 0.4602567918608019 -1.5010700846764289 0.5287455266943953 0.3 0.5
-0.5042972617757857 0.4724715753901303 -1.5074135949853014 0.5227333995616946 0.3 0.5
-0.4775171473877271 0.4875488492125517 -1.5142554564585191 0.5159880667299646 0.3 0.5
-0.45368173512853716 0.505304134473779 -1.5216243940361964 0.5086421799044101 0.3 0.5
-0.4336937638944649 0.5254429609609252 -1.529533740875947 0.5008529339412793 0.3 0.5
-0.4181996790631004 0.5475805845714787 -1.5379821976509147 0.4927906161165865 0.3 0.5
-0.4075547908857835 0.5712676166651687 -1.5469555410218097 0.484626865603154 0.3 0.5
-0.401813543476891 0.5960191375765903 -1.5564290347358 0.4765238621083319 0.3 0.5
-0.40074406045691346 0.6213447832289012 -1.5663702550601577 0.468625381424567 0.3 0.5
-0.40386453909300735 0.6467773771832098 -1.576742039061539 0.4610503095611288 0.3 0.5
-0.4104974989432064 0.6718979232739091 -1.5875052877176097 0.4538888589818492 0.3 0.5
-0.4198366661602204 0.6963551733795884 -1.5986213953234172 0.4472014225829097 0.3 0.5
-0.4310205748113072 0.7198785067635664 -1.6100541239378394 0.4410197588467533 0.3 0.5
-0.4432066060646289 0.7422834492824356 -1.621770794521905 0.4353500374240812 0.3 0.5
-0.4556390138372246 0.7634697886759727 -1.633742729765444 0.430177187527397 0.3 0.5
-0.46770455492385676 0.7834128872922502 -1.6459449594562363 0.4254699736832856 0.3 0.5
-0.4789698949578336 0.8021494317998645 -1.6583552847331555 0.4211862625911463 0.3 0.5
-0.4891964983604513 0.8197594423040812 -1.6709528868816903 0.4172780254222055 0.3 0.5
-0.4983315115104958 0.836346792468036 -1.6837167446879842 0.4136957267076927 0.3 0.5
-0.5064767612872478 0.8520206413169864 -1.6966241758701972 0.4103918699873748 0.3 0.5
-0.5138415615159386 0.8668799651882616 -1.7096498389927783 0.4073235852945334 0.3 0.5
-0.5206877073460114 0.8810028090366677 -1.722765513368799 0.4044542418293528 0.3 0.5
-0.5272760529368137 0.8944410383020666 -1.735940885542634 0.4017541493221465 0.3 0.5
-0.5338230455293957 0.9072204330083852 -1.7491453899076028 0.399200476436659 0.3 0.5
-0.5404729672794195 0.9193451284554456 -1.7623508947004702 0.3967765631134252 0.3 0.5
-0.5472882192355677 0.9308048317275036 -1.7755347449852108 0.3944708333789038 0.3 0.5
-0.5542564268605321 0.9415830098039468 -1.7886824524015104 0.3922755235229332 0.3 0.5
-0.5613101099949847 0.9516643671178936 -1.801789256425719 0.3901854241322792 0.3 0.5
-0.5683528102082036 0.9610403561183952 -1.8148599387764264 0.388196792897482 0.3 0.5
-0.575285174662139 0.969712075097575 -1.8279066353616549 0.3863065363307038 0.3 0.5
-0.5820254191496821 0.977690557631361 -1.8409448756539677 0.3845116947778052 0.3 0.5
-0.5885206088438366 0.9849950157163928 -1.8539885713084612 0.3828092070949616 0.3 0.5
-0.594747936822434 0.9916499548320092 -1.8670450396510267 0.3811958881115459 0.3 0.5
-0.6007079451150821 0.9976821611497658 -1.8801112589322448 0.379668530394227 0.3 0.5
-0.6064135537891535 1.0031183666382577 -1.8931723432650784 0.3782240437460234 0.3 0.5
-0.6118792022566533 1.0079840112593423 -1.9062027162105224 0.376859567499624 0.3 0.5
-0.617113322958518 1.012303091033677 -1.919169769987768 0.3755725236735006 0.3 0.5
-0.6221154169476883 1.0160987587378252 -1.9320391121727225 0.3743606128313061 0.3 0.5
-0.6268771372549953 1.0193942170430563 -1.944780026035372 0.3732217796287715 0.3 0.5
-0.6313857042376525 1.0222135033175568 -1.9573696581049629 0.3721541852960923 0.3 0.5
-0.635627866727908 1.0245819328937915 -1.9697947554118256 0.3711562169452251 0.3 0.5
-0.6395931982527436 1.0265261462210007 -1.982050437529114 0.3702265408781872 0.3 0.5
-0.6432762395817515 1.0280738263957263 -1.99413632836443 0.3693641766331045 0.3 0.5
-0.6466774433654865 1.0292532024375511 -2.0060511598196284 0.3685685410168698 0.3 0.5
-0.6498029761067614 1.0300924581010025 -2.0177874656506742 0.3678393978609586 0.3 0.5
-0.6526634128333009 1.0306191604903263 -2.0293280417303534 0.36717665791609 0.3 0.5
-0.655271487259399 1.0308598192069962 -2.0406454148832016 0.3665800060173748 0.3 0.5
-0.6576393882065545 1.0308396704810563 -2.051704743425173 0.3660483833258865 0.3 0.5
-0.659776400293588 1.0305827316604008 -2.0624696029749217 0.3655794080356602 0.3 0.5
-0.6616876906679248 1.030112091631042 -2.07290928255952 0.3651688618009863 0.3 0.5
-0.6633746834746956 1.0294503225642495 -2.0830057677574247 0.3648103870834476 0.3 0.5
-0.6648369703947954 1.02861985421678 -2.092758623830381 0.3644955258717601 0.3 0.5
-0.6660754056299734 1.0276431571773004 -2.102186479571365 0.3642141840546294 0.3 0.5
-0.6670960840637741 1.026542616614303 -2.11132461709669 0.3639555359152306 0.3 0.5
-0.6679151600314137 1.0253400082079256 -2.1202190868515385 0.3637093028726717 0.3 0.5
-0.6685645749847069 1.0240554922047842 -2.1289185610095887 0.3634672654103352 0.3 0.5
-0.6690984045212423 1.0227060347063135 -2.13746562843292 0.3632248107328516 0.3 0.5
-0.6695986877081639 1.0213031942541893 -2.1458893242696075 0.3629822893602589 0.3 0.5
-0.6701786234904139 1.0198503254833728 -2.154200377412429 0.3627459542295376 0.3 0.5
-0.6709804703944511 1.0183394631343314 -2.162390038172825 0.3625282841322203 0.3 0.5
-0.672165807094447 1.0167484160948863 -2.170432571088411 0.3623475444782831 0.3 0.5
-0.6738970469963124 1.0150388353854416 -2.178290751577791 0.3622265054083358 0.3 0.5
-0.6763108538707274 1.0131561306858103 -2.185923165878477 0.3621903127050526 0.3 0.5
-0.6794858213559141 1.0110320452987376 -2.1932918858010764 0.3622635847616491 0.3 0.5
-0.6834081150188975 1.0085904631631462 -2.200369176075351 0.3624668854935684 0.3 0.5
-0.6879396958595607 1.0057566516612564 -2.207142221000359 0.3628127966986769 0.3 0.5
-0.6927943128467351 1.0024696820753003 -2.213615326064968 0.3633018820836394 0.3 0.5
-0.697526619606007 0.9986972507906268 -2.2198095470226544 0.3639188954589457 0.3 0.5
-0.701539296947955 0.9944515888300262 -2.2257601219996177 0.3646296314388471 0.3 0.5
-0.7041116116084989 0.9898046591352307 -2.231512365285271 0.3653788395812257 0.3 0.5
-0.7044502529628138 0.9849004979743808 -2.237116801009558 0.366089611495907 0.3 0.5
-0.7017598412801174 0.9799624726780995 -2.242624281958848 0.366664594340496 0.3 0.5
-0.6953268933066392 0.9752934885500878 -2.2480816881733574 0.3669892752128261 0.3 0.5
-0.6846080807796684 0.971267799219424 -2.2535285809671186 0.3669374159133756 0.3 0.5
-0.6693118808200593 0.9683139911414572 -2.2589949572080887 0.3663784998676027 0.3 0.5
-0.6494623498010066 0.9668898030594514 -2.264500058196208 0.3651867950806464 0.3 0.5
-0.6254347083842304 0.9674505680793508 -2.2700520684424608 0.3632513620765187 0.3 0.5
-0.5979547196652901 0.9704140972409278 -2.275648498428205 0.3604860793347466 0.3 0.5
-0.5680576801718706 0.9761256252743988 -2.2812770699580214 0.3568385694537869 0.3 0.5
-0.6164985267208267 0.9848268572572118 -2.286916984422773 0.3522968489807575 0.4 0.5
-0.5856817505565748 0.9966330045851292 -2.2925405133073835 0.3468926624905102 0.4 0.5
-0.5564764706430791 1.0115208295294718 -2.298114871793101 0.3407008429862842 0.4 0.5
-0.5301350467773935 1.0293291824651638 -2.30360430946537 0.3338346280299585 0.4 0.5
-0.5076815678919 1.0497716777874244 -2.3089722995328064 0.3264375007962896 0.4 0.5
-0.4898410542249376 1.0724595209982344 -2.314183669112749 0.3186726221810245 0.4 0.5
-0.47700401756517463 1.0969314155757406 -2.3192065107339794 0.3107111600913722 0.4 0.5
-0.46922582551837566 1.122687013819223 -2.3240137439040525 0.3027208105042294 0.4 0.5
-0.46625661508499006 1.1492204312673855 -2.3285842386880926 0.2948556125398576 0.4 0.5
-0.4675950883337876 1.1760507697588864 -2.332903457101809 0.2872478678952876 0.4 0.5
-0.4725579250682599 1.2027472609255077 -2.336963607309772 0.2800026482601495 0.4 0.5
-0.48035578627096287 1.2289474684186816 -2.340763342790888 0.2731950512117936 0.4 0.5
-0.49016739805093357 1.2543678897915853 -2.344307074865533 0.2668700712764201 0.4 0.5
-0.5012048973832872 1.278807149986492 -2.3476039953919883 0.2610447170445927 0.4 0.5
-0.5127658060079243 1.3021426602481632 -2.350666920738484 0.255711849511363 0.4 0.5
-0.524269172570393 1.3243220796473707 -2.3535110692661982 0.2508451438935534 0.4 0.5
-0.5352753542227218 1.3453511623903314 -2.356152875334085 0.2464045766814857 0.4 0.5
-0.5454904438383612 1.3652796269680592 -2.3586089250141686 0.2423418964841662 0.4 0.5
-0.5547575148956985 1.384186582584223 -2.36089507583069 0.2386056333358345 0.4 0.5
-0.5630377245488516 1.4021668310946531 -2.3630257989227608 0.235145319727187 0.4 0.5
-0.5703848466890982 1.419319058639768 -2.365013758713738 0.2319147240100662 0.4 0.5
-0.5769169967737353 1.435736573970858 -2.36686962260046 0.22887402073828 0.4 0.5
-0.5827890872578556 1.4515008742934845 -2.3686020718620897 0.2259909333114048 0.4 0.5
-0.5881687403354952 1.466677965567699 -2.3702179678072706 0.2232409740505011 0.4 0.5
-0.5932171733802116 1.4813170915341494 -2.371722619097544 0.2206069666002057 0.4 0.5
-0.598075518484813 1.4954513741961282 -2.3731200987174463 0.2180780609704461 0.4 0.5
-0.6028563951811905 1.5090998223476468 -2.374413567679021 0.215648448648395 0.4 0.5
-0.6076401718994484 1.5222701828295278 -2.3756055726134995 0.2133159640969253 0.4 0.5
-0.6124751137662687 1.5349621656395829 -2.3766982952547844 0.2110807262394546 0.4 0.5
-0.6173804942474637 1.547170654262956 -2.377693743220888 0.2089439340635371 0.4 0.5
-0.6223516828439046 1.5588886048382096 -2.378593881292636 0.2069068894600671 0.4 0.5
-0.6273662176989148 1.570109436553819 -2.379400709053203 0.2049702819888869 0.4 0.5
-0.6323899713507597 1.5808288147839276 -2.3801162947681007 0.2031337374305868 0.4 0.5
-0.6373827026464318 1.5910458176488516 -2.3807427776678685 0.2013956067012636 0.4 0.5
-0.6423025550363493 1.6007635473842083 -2.381282351313171 0.1997529543072195 0.4 0.5
-0.6471093769911263 1.6099892918805734 -2.381737238913148 0.1982016958983579 0.4 0.5
-0.6517669930916914 1.6187343541814607 -2.382109667998779 0.1967368324778028 0.4 0.5
-0.6562446892091134 1.6270136548722915 -2.382401848792492 0.195352733235589 0.4 0.5
-0.660518183456793 1.6348451859513802 -2.3826159589028117 0.194043428069106 0.4 0.5
-0.6645702175557289 1.6422493676057008 -2.38275413549924 0.1928028823512635 0.4 0.5
-0.6683907296766423 1.649248345850128 -2.3828184742367946 0.1916252368664648 0.4 0.5
-0.6719765477195372 1.6558652728824637 -2.382811033036077 0.1905050026872663 0.4 0.5
-0.6753306628981393 1.66212361811051 -2.382733839265608 0.1894372052149772 0.4 0.5
-0.6784612387957023 1.668046551820696 -2.382588899922504 0.1884174757215204 0.4 0.5
-0.6813805126580919 1.6736564279411257 -2.382378214589194 0.1874420928139124 0.4 0.5
-0.684103693868765 1.6789743766753165 -2.3821037903061635 0.1865079797967631 0.4 0.5
-0.6866479003900783 1.68402000728844 -2.381767657193991 0.1856126666263301 0.4 0.5
-0.6890311435852392 1.688811217249432 -2.381371884003392 0.1847542266038293 0.4 0.5
-0.6912713934894454 1.693364102890908 -2.3809185928496 0.1839311979860323 0.4 0.5
-0.6933857873206462 1.6976929635419635 -2.3804099716382603 0.1831424995913135 0.4 0.5
-0.6953900448133132 1.7018103848098989 -2.379848282045143 0.1823873475586382 0.4 0.5
-0.6972981132782019 1.7057273803285675 -2.379235861531321 0.1816651781698042 0.4 0.5
-0.6991219941390892 1.7094535690007473 -2.378575119191912 0.1809755796182355 0.4 0.5
-0.7008716585618746 1.7129973695868383 -2.377868525693541 0.1803182339263078 0.4 0.5
-0.702554989861377 1.7163662037306509 -2.377118597117482 0.1796928689714145 0.4 0.5
-0.7041777698111984 1.7195667047445131 -2.3763278726532624 0.1790992199961588 0.4 0.5
-0.7057437979688763 1.7226049277633932 -2.3754988874766654 0.1785369999951662 0.4 0.5
-0.7072552370320384 1.7254865479665056 -2.374634144020026 0.1780058788392606 0.4 0.5
-0.7087131732944818 1.7282170242633017 -2.3737360858932983 0.1775054715632834 0.4 0.5
-0.7101182300632458 1.7308017069338535 -2.3728070779227517 0.1770353359505894 0.4 0.5
-0.7114710115981482 1.7332458839275289 -2.371849393133967 0.176594977829152 0.4 0.5
-0.7127722510845391 1.735554782767714 -2.3708652043139704 0.1761838603484666 0.4 0.5
-0.7140227139620325 1.73773355765926 -2.369856576006223 0.1758014126518922 0.4 0.5
-0.7152230309738283 1.7397872862630568 -2.3688254539756497 0.1754470345171498 0.4 0.5
-0.7163736197204607 1.741720983165674 -2.367773652979815 0.1751200958690498 0.4 0.5
-0.7174747357456668 1.7435396211936278 -2.366702847230353 0.174819932011069 0.4 0.5
-0.7185265860298817 1.745248147619061 -2.365614568418321 0.1745458361134046 0.4 0.5
-0.7195294098764737 1.746851489016073 -2.3645102139483174 0.1742970503206483 0.4 0.5
-0.7204834756267786 1.7483545480284255 -2.363391065504732 0.1740727565122254 0.4 0.5
-0.7213890141223711 1.7497622004657476 -2.3622583167179143 0.1738720674710711 0.4 0.5
-0.7222461612215492 1.7510792990535105 -2.361113108323856 0.1736940189805733 0.4 0.5
-0.7230549732206049 1.7523106829313555 -2.359956568993989 0.1735375632362992 0.4 0.5
-0.7238155206063857 1.753461185609295 -2.3587898595848507 0.1734015638837424 0.4 0.5
-0.7245280064302584 1.7545356335486564 -2.3576142184655464 0.1732847928873569 0.4 0.5
-0.7251928380983896 1.7555388329056305 -2.356431006004282 0.1731859293250408 0.4 0.5
-0.7258106165448108 1.7564755490957915 -2.355241746299191 0.1731035601364206 0.4 0.5
-0.7263820679009947 1.7573504874413104 -2.354048163468541 0.1730361828402121 0.4 0.5
-0.7269079819450686 1.758168280651211 -2.352852209205886 0.1729822102441694 0.4 0.5
-0.7273892102859136 1.758933482456704 -2.3516560785621388 0.1729399771344429 0.4 0.5
-0.7278267250500359 1.7596505614281126 -2.3504622117376504 0.1729077488438654 0.4 0.5
-0.7282216830314159 1.760323888923109 -2.3492732802404688 0.172883731531945 0.4 0.5
-0.728575424572746 1.7609577206199674 -2.348092155810433 0.1728660839867963 0.4 0.5
-0.7288893765469795 1.7615561781626927 -2.346921860923893 0.1728529307499536 0.4 0.5
-0.7291648947906881 1.7621232405079947 -2.345765501121392 0.1728423763753912 0.4 0.5
-0.7294031241151666 1.762662751028926 -2.3446261810422966 0.1728325206985035 0.4 0.5
-0.7296049431196883 1.7631784386174092 -2.343506907311703 0.1728214751082383 0.4 0.5
-0.7297710061198348 1.7636739443054403 -2.3424104829214927 0.1728073799463076 0.4 0.5
-0.7299018405587909 1.7641528436934568 -2.341339400011656 0.1727884232704581 0.4 0.5
-0.7299979465272388 1.7646186596375777 -2.3402957406453324 0.1727628613214638 0.4 0.5
-0.7300598770638289 1.7650748649848538 -2.3392810969932 0.1727290411302281 0.4 0.5
-0.730088323038327 1.7655248772784708 -2.338296521508489 0.1726854257420962 0.4 0.5
-0.7300842488639292 1.765972044974638 -2.337342513802013 0.1726306224543803 0.4 0.5
-0.7300491038076351 1.7664196200882452 -2.3364190457167497 0.1725634142443098 0.4 0.5
-0.7299850786942108 1.7668707097074816 -2.3355256210700266 0.172482794225571 0.4 0.5
-0.7298953307795997 1.7673282018380605 -2.3346613619749865 0.1723880025308412 0.4 0.5
-0.7297840985120629 1.7677946687601005 -2.333825110108924 0.172278564506517 0.4 0.5
-0.7296566744009403 1.7682722589088942 -2.333015529487592 0.1721543285653626 0.4 0.5
-0.7295192649645532 1.7687625914688 -2.3322311969352127 0.1720155015340202 0.4 0.5
-0.7293787987875788 1.7692666649723447 -2.3314706669950462 0.1718626789468724 0.4 0.5
-0.7292427269441304 1.7697847850935868 -2.330732499900619 0.1716968675302199 0.4 0.5
-0.7291188140486571 1.7703165123991738 -2.3300152451450287 0.17151949711122 0.4 0.5
-0.7290148819289111 1.770860630994308 -2.3293173791311945 0.1713324194375564 0.4 0.5
-0.7289384672673171 1.7714151428014169 -2.328637201953117 0.1711378918675489 0.4 0.5
-0.7288963910938184 1.7719772960746851 -2.327972703420629 0.1709385443253425 0.4 0.5
-0.7288942888525396 1.7725436569653032 -2.327321411361145 0.1707373281747771 0.4 0.5
-0.7289361767527658 1.7731102280800493 -2.3266802373349207 0.1705374460136293 0.4 0.5
-0.7290241122012708 1.7736726104047726 -2.3260453370478267 0.1703422621562426 0.4 0.5
-0.7291579629581357 1.7742261991846455 -2.3254120042859943 0.1701551948238805 0.4 0.5
-0.7293352706254619 1.774766402888832 -2.324774617603901 0.169979592731809 0.4 0.5
-0.7295512024899287 1.7752888758262857 -2.3241266583942 0.1698186007290418 0.4 0.5
-0.7297986243773846 1.7757897555772928 -2.323460817018414 0.1696750211875832 0.4 0.5
-0.7300683625604321 1.7762658931395543 -2.322769199602381 0.1695511797323324 0.4 0.5
-0.7303497189066044 1.776715056883511 -2.322043641577804 0.16944880542343 0.4 0.5
-0.7306312530897396 1.7771360849928506 -2.321276125554067 0.1693689363056136 0.4 0.5
-0.7309017743950008 1.7775289596838766 -2.3204592915396898 0.1693118610034242 0.4 0.5
-0.7311514308005651 1.7778947822443765 -2.319587017462977 0.1692771056042027 0.4 0.5
-0.7313727705825102 1.77823563916432 -2.3186550377629898 0.1692634723575694 0.4 0.5
-0.7315616766414568 1.7785543621060689 -2.317661558860586 0.1692691327503009 0.4 0.5
-0.7317181021230401 1.7788541944419232 -2.316607824020658 0.1692917724681121 0.4 0.5
-0.7318465383261219 1.7791383842296191 -2.31549857627225 0.1693287799449395 0.4 0.5
-0.7319561249107176 1.779409730397007 -2.3143423660655973 0.1693774640883674 0.4 0.5
-0.7320602953262312 1.779670117905935 -2.31315165153446 0.1694352810145776 0.4 0.5
-0.7321758672560841 1.779920088373312 -2.311942645769182 0.1695000450226193 0.4 0.5
-0.7323215533288052 1.7801585016477035 -2.310734878231804 0.1695700963744453 0.4 0.5
-0.7325159678049897 1.780382346314823 -2.309550455897937 0.1696443984144733 0.4 0.5
-0.7327753031785011 1.780586749534324 -2.3084130326914467 0.1697225397512244 0.4 0.5
-0.7331109105843892 1.7807652192164738 -2.3073465216133933 0.1698046240403373 0.4 0.5
-0.7335270281252737 1.7809101281580348 -2.306373610965001 0.1698910403903608 0.4 0.5
-0.7340188794590929 1.7810134253455074 -2.305514171833617 0.1699821211875335 0.4 0.5
-0.7345713423242017 1.781067537399598 -2.3047836649774087 0.1700777104472171 0.4 0.5
-0.7351583797378747 1.781066403167178 -2.304191668428317 0.1701766833835172 0.4 0.5
-0.7357434210542402 1.7810065651933904 -2.3037406512422183 0.1702764749163683 0.4 0.5
-0.7362808423803591 1.7808882230879663 -2.3034251132016275 0.1703726890933131 0.4 0.5
-0.7367186016021199 1.7807161388499304 -2.3032311944638195 0.1704588704844788 0.4 0.5
-0.7370019391507587 1.7805002786897184 -2.3031368334375864 0.1705265200709535 0.4 0.5
-0.7370779004281824 1.7802560847746425 -2.3031125168342896 0.1705654297880005 0.4 0.5
-0.7369003171970312 1.7800042947318242 -2.30312262520594 0.1705643900906479 0.4 0.5
-0.7364348286099442 1.779770263012121 -2.303127333377147 0.1705122929565261 0.4 0.5
-0.7356635198278316 1.7795827801511266 -2.3030849810418776 0.1703996091173545 0.4 0.5
-0.7345887828797926 1.7794724281683434 -2.3029547877287624 0.1702201650196841 0.4 0.5
-0.7332360437288532 1.779469549880364 -2.3026997522776065 0.1699730857152825 0.4 0.5
-0.7316550541467159 1.7796019455074787 -2.302289553448185 0.1696647098959332 0.4 0.5
-0.7299195359771327 1.7798924400928071 -2.301703256937188 0.1693102295218264 0.4 0.5
-0.7281251047235049 1.7803564864950938 -2.300931634761463 0.1689347670273903 0.4 0.5
-0.7263855765269556 1.7809999760227433 -2.2999789150745533 0.1685735864039749 0.4 0.5
-0.7248279320538398 1.7818174183700477 -2.2988638031457804 0.168271148552544 0.4 0.5
-0.7235863200834758 1.7827906251646637 -2.2976196451825377 0.1680787727093275 0.4 0.5
-0.7227954986497354 1.783887993156316 -2.2962936425771807 0.1680507583149311 0.4 0.5
-0.7225840260700656 1.7850644432913425 -2.2949450624094605 0.1682389553067415 0.4 0.5
-0.7230673581874347 1.786262040684336 -2.293642429224805 0.1686859404995823 0.4 0.5
-0.7243408419730613 1.7874113048655924 -2.2924597226614285 0.1694171530892684 0.4 0.5
-0.7264724716056192 1.7884332206682862 -2.291471646314666 0.1704325472531636 0.4 0.5
-0.7294952158942047 1.7892419735077243 -2.2907480776998903 0.1716985128649626 0.4 0.5
-0.7333987539455444 1.7897484519183038 -2.2903478602073646 0.1731409708667461 0.4 0.5
-0.7381205917709588 1.7898645765237493 -2.290312158218352 0.1746406399141239 0.4 0.5
-0.7435367951510408 1.7895085173466534 -2.290657666828071 0.1760314678524467 0.4 0.5
-0.7494529843471276 1.7886108378315493 -2.291370044466394 0.1771031013430007 0.4 0.5
-0.7555968043126127 1.7871215393968365 -2.2923980125186767 0.1776080130077669 0.4 0.5
-0.7616137517541732 1.7850178589655752 -2.293648630259508 0.1772735130735764 0.4 0.5
-0.7670688368135137 1.7823124837901578 -2.294984292241634 0.1758183534423254 0.4 0.5
-0.7714568433139513 1.7790616001088064 -2.296221991293768 0.1729730193842527 0.4 0.5
-0.7742237137721286 1.7753719157774113 -2.297135324379004 0.1685021557074468 0.4 0.5
-0.7748006601444657 1.7714055444001984 -2.297459574356577 0.1622269756416005 0.4 0.5
-0.7726508427636758 1.7673814783857518 -2.296899968940333 0.1540450648512755 0.4 0.5
-0.7634958012456039 1.7635723941093842 -2.295142900739512 0.143944858290552 0.5 0.4
-0.6713755656498077 1.7602958139848237 -2.2918695093278143 0.1320123810252635 0.5 0.3
-0.6590036079609729 1.7578992574198429 -2.2867706296086223 0.1184286997246756 0.5 0.3
-0.6432071802031736 1.7567398966237455 -2.2795617919034608 0.1034578551536528 0.5 0.3
-0.6243960014294725 1.757160178603428 -2.269996825318005 0.087426525718007 0.5 0.3
-0.6032365408743412 1.7594615784604808 -2.25787873169692 0.0706978778250839 0.5 0.3
-0.5806229531141605 1.7638789243730466 -2.2430668423456765 0.0536426992432869 0.5 0.3
-0.5576276895934673 1.7705576290616305 -2.225479749304048 0.0366109686872828 0.5 0.3
-0.5354353769379427 1.7795358601022837 -2.205093997531884 0.0199066438159599 0.5 0.3
-0.5152638638390616 1.7907333224084894 -2.181938941795195 0.0037678258553658 0.5 0.3
-0.4982770335463105 1.8039479360245831 -2.156088472787298 -0.0116462772739997 0.5 0.3
-0.48549502400151656 1.818861232669952 -2.1276504951243997 -0.0262609134419507 0.5 0.3
-0.4777085798689784 1.8350527302698003 -2.096755103957548 -0.0400838916621852 0.5 0.3
-0.4754050468134352 1.8520228722829024 -2.0635423846769747 -0.0531968521702226 0.5 0.3
-0.4787138209686126 1.8692233676015588 -2.0281506855900417 -0.0657408195673628 0.5 0.3
-0.48737883509733404 1.8860929855046975 -1.9907061098267136 -0.0778975419203827 0.5 0.3
-0.5007646604218952 1.902096101994964 -1.9513138577894231 -0.0898683919021821 0.5 0.3
-0.5179005525462688 1.9167606359527745 -1.9100519295146368 -0.1018527639527971 0.5 0.3
-0.5375628711478697 1.9297115806981475 -1.866967554827146 -0.1140279350141492 0.5 0.3
-0.558390608215309 1.9406962935833605 -1.8220765530307133 -0.1265322433804978 0.5 0.3
-0.4957018290136883 1.9495982327618295 -1.7753656320867783 -0.1394531436307768 0.5 0.1999999999999999
-0.5149126744210242 1.9564370498604609 -1.7267974188144886 -0.1528211822138057 0.5 0.1999999999999999
-0.5317381479203576 1.9613547824183584 -1.676317798602713 -0.1666102170766398 0.5 0.1999999999999999
-0.5455569939277627 1.9645899676263228 -1.6238649738246995 -0.1807433813269435 0.5 0.1999999999999999
-0.556130496489593 1.9664432682335464 -1.5693795098470351 -0.1951035659762307 0.5 0.1999999999999999
-0.5635938027687182 1.967239218584587 -1.512814511936185 -0.2095467519641949 0.5 0.1999999999999999
-0.5684055459944459 1.9672888383077152 -1.4541450185453983 -0.2239164063371628 0.5 0.1999999999999999
-0.5712661225144555 1.9668572837082705 -1.3933757566191192 -0.2380573080608964 0.5 0.1999999999999999
-0.5730173560219076 1.966139671456825 -1.3305465666526608 -0.251827493521205 0.5 0.1999999999999999
-0.5745370397170713 1.9652469358546345 -1.2657350323641428 -0.2651074271376297 0.5 0.1999999999999999
-0.5766412201989213 1.9642022318829275 -1.1990561075791464 -0.2778059395503782 0.5 0.1999999999999999
-0.5800050460912121 1.9629471098630356 -1.1306587894537938 -0.2898628833038499 0.5 0.1999999999999999
-0.5851095726269384 1.9613556052539145 -1.0607201459670443 -0.3012487942300839 0.5 0.1999999999999999
-0.5922175155973974 1.9592536479912208 -0.9894372729557412 -0.3119620893106949 0.5 0.1999999999999999
-0.6013764967886437 1.9564408964314812 -0.9170179898622268 -0.3220244741029627 0.5 0.1999999999999999
-0.6124448393753457 1.9527122467526168 -0.8436712371593754 -0.3314752839466973 0.5 0.1999999999999999
-0.625133043698678 1.9478767628150824 -0.7695981845787683 -0.3403654565991829 0.5 0.1999999999999999
-0.6390536568320426 1.9417724584452147 -0.6949849703691261 -0.3487517482453344 0.5 0.1999999999999999
-0.6537728672242116 1.9342760927620104 -0.6199977742690649 -0.356691678067263 0.5 0.1999999999999999
-0.6688582126421072 1.9253078060395892 -0.5447806248011171 -0.3642395331244871 0.5 0.1999999999999999
-0.683917904701763 1.9148309847753784 -0.469456005454518 -0.3714436002442854 0.5 0.1999999999999999
-0.6986285406813786 1.902848194305202 -0.3941280237312186 -0.3783446296477301 0.5 0.1999999999999999
-0.7127497174744302 1.889394340237064 -0.3188876767364828 -0.3849753928726335 0.5 0.1999999999999999
-0.7261261919947448 1.874528368489621 -0.2438195199451724 -0.391361098001253 0.5 0.1999999999999999
-0.7386801264146037 1.8583247492901465 -0.16900878265807 -0.3975203823565769 0.5 0.1999999999999999
-0.7503970386654513 1.840865736648686 -0.0945477918458304 -0.4034666079366411 0.5 0.1999999999999999
-0.761309153104115 1.8222350327821408 -0.0205406042408802 -0.4092092198236605 0.5 0.1999999999999999
-0.7714790513739844 1.8025131174717293 0.0528949866751217 -0.4147549816293047 0.5 0.1999999999999999
-0.7809853404067146 1.7817742123343308 0.1256284783418196 -0.420108967312779 0.5 0.1999999999999999
-0.7899110640645746 1.7600846782936592 0.1975206399804809 -0.4252752569350398 0.5 0.1999999999999999
-0.7983350325591965 1.7375025718872017 0.268429902323519 -0.4302573473943693 0.5 0.1999999999999999
-0.8063260419460483 1.714078068631282 0.3382202352041744 -0.4350583397180702 0.5 0.1999999999999999
-0.8139398271543197 1.689854464436677 0.4067693366394127 -0.4396809944784881 0.5 0.1999999999999999
-0.8212181979436761 1.664869481721245 0.473975869020095 -0.4441277535468453 0.5 0.1999999999999999
-0.8281892636808874 1.6391566619268774 0.5397645649836816 -0.4484008106310032 0.5 0.1999999999999999
-0.834867570993334 1.6127467355587886 0.6040882730443499 -0.4525022804215485 0.5 0.1999999999999999
-0.8412535554125711 1.585668978459455 0.6669264531437111 -0.4564344792145319 0.5 0.1999999999999999
-0.8473324726029019 1.557952622918198 0.7282802479854986 -0.4602002994526679 0.5 0.1999999999999999
-0.8530735662578248 1.5296283756579077 0.7881648794949369 -0.4638036376027147 0.5 0.1999999999999999
-0.8584305495654854 1.500730019032125 0.8466005625106604 -0.4672498171960001 0.5 0.1999999999999999
-0.8633443106813199 1.4712959640755765 0.903603321556802 -0.4705459393442128 0.5 0.1999999999999999
-0.8677480780794355 1.4413705330074444 0.9591770489890692 -0.4737010944075873 0.5 0.1999999999999999
-0.871574502869028 1.4110047251995008 1.0133078849860475 -0.4767263803224948 0.5 0.1999999999999999
-0.8747636282721194 1.380256274912598 1.0659615943980132 -0.4796346939327087 0.5 0.1999999999999999
-0.8772706950738596 1.349188912085386 1.1170841354899868 -0.4824402887972761 0.5 0.1999999999999999
-0.8790730600423124 1.317870842578 1.1666051394913204 -0.4851581221506356 0.5 0.1999999999999999
-0.8801757222587359 1.2863725365737686 1.2144436367976217 -0.4878030408626911 0.5 0.1999999999999999
-0.8806147775164064 1.254763964347895 1.2605151293618448 -0.4903888771793661 0.5 0.1999999999999999
-0.8804577541694858 1.2231114865962542 1.3047390248692436 -0.4929275362209156 0.5 0.1999999999999999
-0.8797995636249079 1.1914747111793056 1.3470455041374056 -0.495428157688611 0.5 0.1999999999999999
-0.8787531875527166 1.1599037548168147 1.3873810507530149 -0.4978964246388099 0.5 0.1999999999999999
-0.8774356055020371 1.128437436061543 1.4257120907473508 -0.5003340755333912 0.5 0.1999999999999999
-0.8759512813074077 1.0971028755113392 1.4620264715771902 -0.5027386588331197 0.5 0.1999999999999999
-0.8743765552612026 1.0659167473805984 1.4963328395837956 -0.5051035575557274 0.5 0.1999999999999999
-0.8727480938410737 1.034888091854478 1.5286582675997178 -0.5074183034317907 0.5 0.1999999999999999
-0.8710576210143972 1.0040222824703706 1.559044662145498 -0.5096691930336181 0.5 0.1999999999999999
-0.8692539741092797 0.9733255203689308 1.5875445399405066 -0.5118402098998333 0.5 0.1999999999999999
-0.8672524245717927 0.9428091229580028 1.614216727511408 -0.5139142455833843 0.5 0.1999999999999999
-0.8649504441303468 0.9124928805008236 1.639122421444636 -0.5158745963514001 0.5 0.1999999999999999
-0.862248535685799 0.8824068360877889 1.662321887545774 -0.5177066900780092 0.5 0.1999999999999999
-0.8590740623925164 0.8525909825192091 1.6838719210710806 -0.5193999700799344 0.5 0.1999999999999999
-0.855405159973931 0.8230925762799575 1.703824064659776 -0.5209498304504351 0.5 0.1999999999999999
-0.8512910270012042 0.7939610602825644 1.7222234950228392 -0.5223594638131561 0.5 0.1999999999999999
-0.8468646193305762 0.765240957582444 1.739108438787475 -0.5236414516999012 0.5 0.1999999999999999
-0.8423444845163808 0.7369634956493865 1.7545099555809227 -0.5248189055269766 0.5 0.1999999999999999
-0.8380240616173507 0.7091380471977484 1.768451937448439 -0.5259259594353427 0.5 0.1999999999999999
-0.834248726922141 0.6817446410360134 1.7809512168763355 -0.527007431774295 0.5 0.1999999999999999
-0.8313826920618561 0.6547287683437993 1.7920177341956127 -0.5281175144728218 0.5 0.1999999999999999
-0.8297691781104533 0.6279994991376138 1.801654773565947 -0.5293174212148444 0.5 0.1999999999999999
-0.829688073916327 0.6014315813265685 1.8098593241657268 -0.5306720247732425 0.5 0.1999999999999999
-0.8313158412810595 0.5748717739349358 1.816622647469656 -0.5322456353406385 0.5 0.1999999999999999
-0.834692835337778 0.5481491898068299 1.82193112464151 -0.5340972052207522 0.5 0.1999999999999999
-0.83970324481356 0.5210889062730522 1.8257674199349456 -0.5362753750933902 0.5 0.1999999999999999
-0.8460721606828997 0.4935275817916962 1.828111936466444 -0.5388138810031694 0.5 0.1999999999999999
-0.8200542540332612 0.4653293657234063 1.8289444800506105 -0.5417278912214495 0.5 0.1599999995325197
-0.7777889103045532 0.4364001402811297 1.82824600255408 -0.5450118058703068 0.5 0.0999999999999999
-0.7853484556374396 0.4066982492506744 1.8260002745309696 -0.5486389033007385 0.5 0.0999999999999999
-0.7921514213697689 0.3762404036869304 1.82219533975816 -0.552562961231686 0.5 0.0999999999999999
-0.7976527765659869 0.3451022615499535 1.8168246327532815 -0.5567216753157684 0.5 0.0999999999999999
-0.8013931601707136 0.3134139838933548 1.8098876885176227 -0.561041431701388 0.5 0.0999999999999999
-0.8030277701836919 0.2813516678762834 1.8013904289329186 -0.5654428303996308 0.5 0.0999999999999999
-0.8023417238587068 0.2491258908579142 1.791345061571841 -0.5698463193943082 0.5 0.0999999999999999
-0.7992520387738369 0.2169687184720435 1.7797696734310309 -0.5741773632925652 0.5 0.0999999999999999
-0.7937972826644352 0.1851205145946598 1.7666876493963264 -0.5783706974420688 0.5 0.0999999999999999
-0.7861171145599757 0.1538177863282163 1.7521270839058407 -0.582373374440497 0.5 0.0999999999999999
-0.776425318134211 0.1232830748722187 1.7361203575369204 -0.5861464728680083 0.5 0.0999999999999999
-0.764980613904066 0.0937175430587976 1.7187040078854154 -0.5896654923188392 0.5 0.0999999999999999
-0.7520591340779428 0.065296481668391 1.6999189608392176 -0.5929195870476728 0.5 0.0999999999999999
-0.737931370365473 0.0381675682605967 1.6798111305043093 -0.5959098794087664 0.5 0.0999999999999999
-0.7228451064230209 0.0124514312240494 1.658432346759999 -0.5986471414226564 0.5 0.0999999999999999
-0.7070146610919679 -0.0117560794182527 1.6358415260606214 -0.601149142849104 0.5 0.0999999999999999
-0.6906160287071809 -0.0343805455274495 1.6121059649836318 -0.6034379437005819 0.5 0.0999999999999999
-0.6737872062131398 -0.0553651483981676 1.587302606795168 -0.605537366520004 0.5 0.0999999999999999
-0.6566328822193849 -0.0746668690194816 1.5615191119078682 -0.6074708274295155 0.5 0.0999999999999999
-0.639232530511562 -0.0922531572414201 1.534854557336102 -0.6092596423786659 0.5 0.0999999999999999
-0.621650656330407 -0.1080994102925763 1.5074195993128008 -0.6109218631484075 0.5 0.0999999999999999
-0.6039475409318759 -0.122187475925617 1.4793359650822504 -0.6124716419120547 0.5 0.0999999999999999
-0.5861886475669029 -0.1345052300188046 1.45073519768133 -0.6139190770311098 0.5 0.0999999999999999
-0.5684511153018708 -0.1450470947754949 1.421756646848713 -0.615270459005896 0.5 0.0999999999999999
-0.5508264121289281 -0.153815206305682 1.3925447701497486 -0.6165288152524022 0.5 0.0999999999999999
-0.5334190215352028 -0.1608208475185748 1.3632458837434556 -0.6176946447137704 0.5 0.0999999999999999
-0.5163416779846359 -0.1660857496720951 1.3340045822939135 -0.6187667365271701 0.5 0.0999999999999999
-0.49970795427176373 -0.1696429174705587 1.3049601297532092 -0.6197429788352528 0.5 0.0999999999999999
-0.48362308913152807 -0.1715367128977351 1.2762431866787831 -0.6206210820890683 0.5 0.0999999999999999
-0.46817408921559484 -0.1718220218108879 1.247973234623405 -0.6213991646180742 0.5 0.0999999999999999
-0.45342040497708996 -0.1705624307324474 1.2202569570221071 -0.6220761752242208 0.5 0.0999999999999999
-0.439386740999028 -0.1678274712301564 1.1931876797637817 -0.6226521542163164 0.5 0.0999999999999999
-0.4260596358987438 -0.1636891453300592 1.1668458200653298 -0.6231283562628573 0.5 0.0999999999999999
-0.41338914937405 -0.1582181089199336 1.1413001626897958 -0.6235072732946582 0.5 0.0999999999999999
-0.40129624548088283 -0.1514800238573386 1.1166096901700056 -0.6237926027223346 0.5 0.0999999999999999
-0.3896854421750599 -0.1435326484054269 1.092825650832301 -0.6239892055100652 0.5 0.0999999999999999
-0.3784613705157319 -0.1344241926229329 1.0699935515996728 -0.6241030910279991 0.5 0.0999999999999999
-0.36754729724551904 -0.1241933296745061 1.0481548029512715 -0.6241414525800955 0.5 0.0999999999999999
-0.35690341441683093 -0.112871059399058 1.027347815330227 -0.6241127608053078 0.5 0.0999999999999999
-0.34654265884973695 -0.1004844008407411 1.007608439158593 -0.6240269037573436 0.5 0.0999999999999999
-0.3365418288604019 -0.0870616667257148 0.988969744114891 -0.6238953445522998 0.5 0.0999999999999999
-0.32704579639133896 -0.072638849611755 0.9714612354782156 -0.6237312522582155 0.5 0.0999999999999999
-0.3182629172614439 -0.0572664292508889 0.95510768629404 -0.6235495514921312 0.5 0.0999999999999999
-0.31045058697671896 -0.0410157209770333 0.939927812712958 -0.6233668331844656 0.5 0.0999999999999999
-0.30389130281298393 -0.0239837796747052 0.925933037676856 -0.6232010747750079 0.5 0.0999999999999999
-0.29886136740350194 -0.0062959099560036 0.9131265749712332 -0.6230711334450765 0.5 0.0999999999999999
-0.29559607000618393 0.0118949533036462 0.9015030249867554 -0.62299600060438 0.5 0.0999999999999999
-0.29425632367476096 0.0304123463030278 0.8910486173002753 -0.622993838261974 0.5 0.0999999999999999
-0.2949020578465289 0.0490637139355517 0.8817421715722914 -0.6230808552034416 0.5 0.0999999999999999
-0.29747701113706904 0.0676505081508988 0.8735567786790088 -0.6232701186603049 0.5 0.0999999999999999
-0.3018078585613129 0.0859798070371919 0.8664621230354511 -0.6235704293800682 0.5 0.0999999999999999
-0.3076182226806158 0.1038760211810606 0.860427262498631 -0.6239854069893734 0.5 0.0999999999999999
-0.2312357560442188 0.121191198912999 0.855423556834154 -0.6245129295901156 0.5 0.0
-0.23890851102144006 0.1378126233085771 0.8514273233510756 -0.6251450397836514 0.5 0.0
-0.24692535450133501 0.1536667722064331 0.8484217412913914 -0.6258683693379474 0.5 0.0
-0.25493455971734913 0.1687192367562996 0.8463975489375195 -0.6266650586489286 0.5 0.0
-0.2626551826916018 0.1829707807845647 0.8453521864803281 -0.627514075064925 0.5 0.0
-0.26989728696530824 0.1964502625154045 0.8452872314480125 -0.6283927835261602 0.5 0.0
-0.276569189786699 0.2092055338188737 0.8462042361614184 -0.6292786006529493 0.5 0.0
-0.28267221772264095 0.2212936148402038 0.8480993752426652 -0.6301505662041028 0.5 0.0
-0.2882854146719033 0.2327713930679397 0.8509575981325562 -0.6309906869073455 0.5 0.0
-0.29354381755077263 0.2436878516007494 0.8547471987099545 -0.6317849412533304 0.5 0.0
-0.29861418141889196 0.2540784698456721 0.8594158006982302 -0.6325238752473586 0.5 0.0
-0.30367155774916665 0.2639620517037829 0.8648886651263835 -0.6332027638555695 0.5 0.0
-0.30887928178222834 0.2733398959288662 0.8710699357390819 -0.6338213568465645 0.5 0.0
-0.3143739925671313 0.2821969677506434 0.877846976519006 -0.6343832669978309 0.5 0.0
-0.3202563230054317 0.2905045684939303 0.8850974034952046 -0.6348950897861888 0.5 0.0
-0.3265869230287488 0.2982239361933871 0.8926978918068399 -0.6353653646181243 0.5 0.0
-0.3333867388866263 0.3053102438905122 0.9005334676431057 -0.6358034970669446 0.5 0.0
-0.34064008144136626 0.3117165700018496 0.9085058533167054 -0.6362187580716603 0.5 0.0
-0.3482989541580239 0.317397561857713 0.9165395557951947 -0.6366194590802606 0.5 0.0
-0.35628739573720036 0.3223126664419106 0.9245847595112132 -0.6370123733358325 0.5 0.0
-0.3645051972912533 0.3264289268681906 0.932616632237082 -0.637402436736467 0.5 0.0
-0.37283106890969364 0.3297234071390653 0.9406312656935688 -0.6377927223419401 0.5 0.0
-0.38112588262943115 0.3321853002480959 0.9486390300955648 -0.6381846467077141 0.5 0.0
-0.3892368378393829 0.3338177119851528 0.956656519922109 -0.6385783392047117 0.5 0.0
-0.397003266609417 0.3346390282012145 0.9646984354343356 -0.6389730911424678 0.5 0.0
-0.4042644540934448 0.3346837015402728 0.9727706589800316 -0.6393678014563372 0.5 0.0
-0.4108694577526012 0.3340022561309284 0.9808654802919314 -0.6397613488061502 0.5 0.0
-0.41668852632584075 0.3326603103556683 0.9889594798236376 -0.6401528427496522 0.5 0.0
-0.42162531117699575 0.3307364577230842 0.9970140942000212 -0.6405417346344423 0.5 0.0
-0.42562860846670547 0.3283189266053846 1.0049784566130375 -0.6409277968803347 0.5 0.0
-0.4287019321797081 0.325501065758714 1.012793799762914 -0.6413110024020187 0.5 0.0
-0.43090896671424184 0.3223758725407432 1.0203985718595556 -0.6416913503278273 0.5 0.0
-0.43237311251667243 0.319029975869319 1.0277334457942744 -0.642068688235268 0.5 0.0
-0.43327003503665473 0.3155376646176518 1.0347455576854818 -0.6424425753738465 0.5 0.0
-0.4338132409718515 0.3119556611139863 1.0413915378851606 -0.64281221807569 0.5 0.0
-0.434233971628894 0.3083193370168012 1.0476391400765137 -0.6431764910180816 0.5 0.0
-0.43475781872105435 0.3046409398539118 1.0534674897328136 -0.6435340399475907 0.5 0.0
-0.4355811306476032 0.3009101579818063 1.0588661416943603 -0.6438834466180164 0.5 0.0
-0.43685030970449346 0.297097044917046 1.0638332517769082 -0.6442234273317838 0.5 0.0
-0.43864659144072393 0.2931570139465967 1.0683732246434618 -0.6445530327254722 0.5 0.0
-0.44097809600397886 0.2890373548025243 1.072494201248104 -0.6448718173520736 0.5 0.0
-0.4437800302625239 0.2846845452021264 1.0762057065991817 -0.6451799523301833 0.5 0.0
-0.4469229624257265 0.280051542175874 1.0795167084325827 -0.6454782619848314 0.5 0.0
-0.45022811673878615 0.2751042459333014 1.0824342543192358 -0.6457681749637095 0.5 0.0
-0.4534877210156829 0.2698264342594228 1.084962772221109 -0.6460515908573364 0.5 0.0
-0.45648775405146447 0.2642226621578545 1.0871040450606104 -0.6463306740032143 0.5 0.0
-0.45903016738554736 0.2583188867527081 1.0888578033375218 -0.6466075959128104 0.5 0.0
-0.46095186704984165 0.2521608700141534 1.0902228198668096 -0.6468842555657697 0.5 0.0
-0.46213840385009197 0.2458106833091692 1.0911983392646418 -0.6471620115273298 0.5 0.0
-0.3792113082110282 0.23934184292416 1.091785637343844 -0.6474414604073723 0.5 -0.0999999999999999
-0.3788090212586523 0.2328337121030572 1.0919894897392983 -0.64772229196145 0.5 -0.0999999999999999
-0.3776621054035409 0.226365809977192 1.0918193401755245 -0.648003242066914 0.5 -0.0999999999999999
-0.375863830202475 0.2200125994368379 1.0912899959265288 -0.6482821518583783 0.5 -0.0999999999999999
-0.37353749788188506 0.2138392164165904 1.0904217355630617 -0.6485561270568638 0.5 -0.0999999999999999
-0.370822084105058 0.2078984666284019 1.0892397844751474 -0.6488217792437386 0.5 -0.0999999999999999
-0.3678578750404385 0.2022292582178961 1.0877731883331605 -0.649075522538085 0.5 -0.0999999999999999
-0.3647737024418818 0.1968564707138523 1.086053185450707 -0.6493138950888301 0.5 -0.0999999999999999
-0.3616770418243323 0.1917921004696641 1.084111240219488 -0.6495338743604576 0.5 -0.0999999999999999
-0.35864766583867086 0.1870373962872309 1.0819769467935196 -0.649733157504932 0.5 -0.0999999999999999
-0.35573490378519895 0.1825856297033638 1.0796760380805774 -0.6499103823868102 0.5 -0.0999999999999999
-0.3529580534566121 0.1784251393248439 1.0772287326042145 -0.6500652705996546 0.5 -0.0999999999999999
-0.35030925028100485 0.1745423339791827 1.074648619571712 -0.6501986807372713 0.5 -0.0999999999999999
-0.34775811535168316 0.1709244089510822 1.0719422256239268 -0.6503125677771454 0.5 -0.0999999999999999
-0.34525763297126394 0.1675615974159139 1.0691093326671195 -0.6504098521250762 0.5 -0.0999999999999999
-0.34275078999776887 0.1644488341187875 1.0661440333897432 -0.6504942090825828 0.5 -0.0999999999999999
-0.3401774991365972 0.1615867551190106 1.0630364294701202 -0.6505697956999849 0.5 -0.0999999999999999
-0.337481286156589 0.1589820052053509 1.059774807602507 -0.6506409367349173 0.5 -0.0999999999999999
-0.3346152548114234 0.156646876589692 1.0563480793289275 -0.6507117943593514 0.5 -0.0999999999999999
-0.33154702572167405 0.1545983511085497 1.0527482453404493 -0.6507860470696171 0.5 -0.0999999999999999
-0.32826259952626335 0.1528566485363823 1.0489726402663124 -0.6508666019809067 0.5 -0.0999999999999999
-0.32476923207499037 0.151443388583756 1.0450257293001728 -0.6509553615808905 0.5 -0.0999999999999999
-0.32109732505033295 0.150379465376257 1.0409202684919563 -0.6510530613359059 0.5 -0.0999999999999999
-0.31730109803045803 0.1496827328712237 1.036677707184904 -0.6511591886610213 0.5 -0.0999999999999999
-0.31345758290857645 0.1493656230681779 1.0323277947600664 -0.6512719873558315 0.5 -0.0999999999999999
-0.30966342825858695 0.1494328647773203 1.0279074418471947 -0.6513885454989294 0.5 -0.0999999999999999
-0.30602919686963714 0.1498795219514616 1.0234589670343848 -0.6515049596670648 0.5 -0.0999999999999999
-0.3026712314688454 0.1506896022644979 1.0190279235381 -0.6516165645698294 0.5 -0.0999999999999999
-0.29970160939901874 0.1518354791176134 1.0146607388403772 -0.6517182148552162 0.5 -0.0999999999999999
-0.297217080857857 0.1532783181777115 1.0104024096192583 -0.6518046049054866 0.5 -0.0999999999999999
-0.29528813745546695 0.1549696100919258 1.006294472753494 -0.6518706127124281 0.5 -0.0999999999999999
-0.29394949884092303 0.1568537963463791 1.0023734244521103 -0.651911654842787 0.5 -0.0999999999999999
-0.29319336308712335 0.1588718464622868 0.998669690945174 -0.6519240403013293 0.5 -0.0999999999999999
-0.29296673020236697 0.1609655101535745 0.9952071731397192 -0.651905311195995 0.5 -0.0999999999999999
-0.2931738887196042 0.1630818371333378 0.992003305100994 -0.6518545572357264 0.5 -0.0999999999999999
-0.29368464726109406 0.1651774482613774 0.9890694973604814 -0.6517726891298464 0.5 -0.0999999999999999
-0.29434808368126675 0.167221983535268 0.9864117936764316 -0.6516626530516864 0.5 -0.0999999999999999
-0.2950105852228563 0.1692001751671413 0.9840315601173012 -0.6515295651214293 0.5 -0.0999999999999999
-0.29553597746701743 0.1711121166448557 0.9819260476754802 -0.6513807424460609 0.5 -0.0999999999999999
-0.2958248578695022 0.172971518898154 0.9800887179734976 -0.6512256068762169 0.5 -0.0999999999999999
-0.2958300676913461 0.1748020331112038 0.9785092870008244 -0.6510754404558431 0.5 -0.0999999999999999
-0.29556559860060616 0.1766320263420692 0.9771735135224684 -0.6509429784605717 0.5 -0.0999999999999999
-0.29510705897136336 0.1784884664820086 0.976062825165998 -0.650841837464224 0.5 -0.0999999999999999
-0.2945829997580701 0.1803907605848723 0.9751539273652112 -0.6507857919279436 0.5 -0.0999999999999999
-0.29415778249263447 0.1823454606090653 0.974418573941107 -0.650787932328913 0.5 -0.0999999999999999
-0.294008094440788 0.1843426823598019 0.9738236900887832 -0.6508597588083227 0.5 -0.0999999999999999
-0.2942964607917323 0.1863548729157231 0.973332025215492 -0.6510102838871278 0.5 -0.0999999999999999
-0.29514589916015105 0.1883382268365499 0.9729034711997682 -0.6512452322511139 0.5 -0.0999999999999999
-0.21329992219449784 0.1902366369205348 0.9724971101369284 -0.6515664301580442 0.5 -0.2
-0.21539125034449685 0.191987644701085 0.972073956777554 -0.6519714666335013 0.5 -0.2
-0.21802098646943102 0.1935295196666353 0.97160024021529 -0.6524536807126781 0.5 -0.2
-0.22104808174834484 0.1948084210196922 0.9710509360930604 -0.653002487076522 0.5 -0.2
-0.22428717762407485 0.1957846128448577 0.9704131303671866 -0.6536040071849196 0.5 -0.2
-0.22753163812907706 0.1964368950824502 0.9696886935314212 -0.6542419376171116 0.5 -0.2
-0.2305779530688179 0.1967647312695425 0.9688957026202988 -0.6548985698508751 0.5 -0.2
-0.23324779574233095 0.1967879359626607 0.96806809978316 -0.6555558750386626 0.5 -0.2
-0.2354048167905759 0.1965441563884276 0.9672532427409114 -0.6561965761340796 0.5 -0.2
-0.23696451201932173 0.19608467470937 0.9665072847984528 -0.6568051407276069 0.5 -0.2
-0.23789687974663298 0.1954692235074378 0.9658886913136248 -0.6573686376039699 0.5 -0.2
-0.23822278199801095 0.1947605355327745 0.9654505934115882 -0.6578774081101255 0.5 -0.2
-0.23800574452744194 0.1940192573329734 0.9652330108242082 -0.6583255116766307 0.5 -0.2
-0.23734127409005684 0.1932996828802292 0.9652561543569266 -0.6587109156914176 0.5 -0.2
-0.23634564250593404 0.1926465554712235 0.96551598067766 -0.6590354148300462 0.5 -0.2
-0.23514559862999468 0.1920929912206301 0.9659828974889734 -0.6593042836794488 0.5 -0.2
-0.23386980203841196 0.1916594313576306 0.9666040363668712 -0.6595256876423222 0.5 -0.2
-0.23264211167974308 0.1913534511537894 0.9673089072157816 -0.6597098983432941 0.5 -0.2
-0.23157635485646672 0.1911702399858151 0.9680176460823428 -0.6598683781075444 0.5 -0.2
-0.2307719313265319 0.1910936045001684 0.968650597595352 -0.6600128106984321 0.5 -0.2
-0.23030959046808908 0.1910974113675152 0.9691377357630064 -0.6601541601359386 0.5 -0.2
-0.23024691204854092 0.1911474523207063 0.9694264729499936 -0.6603018347145706 0.5 -0.2
-0.23061334839088482 0.1912037611158522 0.9694867276413464 -0.6604630194267309 0.5 -0.2
-0.2314050852178709 0.1912234262767637 0.969312646171796 -0.6606422189915282 0.5 -0.2
-0.23258041183668893 0.1911639177549766 0.9689209828242464 -0.6608410295901359 0.5 -0.2
-0.23405670775735188 0.1909868765713077 0.9683467027576654 -0.6610581351492628 0.5 -0.2
-0.23571045199597684 0.1906622057955725 0.9676367733779988 -0.6612895077218927 0.5 -0.2
-0.23738170420211702 0.1901721605959748 0.9668432915294396 -0.6615287830999298 0.5 -0.2
-0.2388841696006408 0.1895149901757631 0.9660170490083329 -0.6617677818745452 0.5 -0.2
-0.24002119810764805 0.188707573215699 0.9652024045368888 -0.6619971506834379 0.5 -0.2
-0.24060696451496083 0.1877864534049342 0.9644339762234082 -0.6622071051348463 0.5 -0.2
-0.2404908532925959 0.1868067569534381 0.96373528013455 -0.6623882612024345 0.5 -0.2
-0.23958204051159587 0.1858386716241785 0.9631190966470996 -0.6625325424981882 0.5 -0.2
-0.23787071138901078 0.1849614675730189 0.9625891014261688 -0.6626341445398276 0.5 -0.2
-0.235442412349455 0.1842553964341178 0.9621421773611052 -0.6626905232527283 0.5 -0.2
-0.23248268188957505 0.1837921551991723 0.961770825422514 -0.6627033547850564 0.5 -0.2
-0.22927021325429675 0.1836248870102148 0.9614651920017846 -0.6626793905533376 0.5 -0.2
-0.22615821241249806 0.1837788656847851 0.9612143901940228 -0.6626311100862701 0.5 -0.2
-0.22354513434931278 0.1842440444435353 0.9610069729125784 -0.6625770602841571 0.5 -0.2
-0.22183741843190996 0.184970531008604 0.9608305844216176 -0.6625417685411825 0.5 -0.2
-0.22140803608985682 0.185867789165413 0.9606709529343952 -0.6625551330443101 0.5 -0.2
-0.22255545236646607 0.1868079855564273 0.9605104800856636 -0.6626512288307039 0.5 -0.2
-0.22546784315301965 0.1876334403197807 0.9603267314273308 -0.6628665226834586 0.5 -0.2
-0.23019704382625406 0.1881676560044787 0.960091138848286 -0.6632375606205246 0.5 -0.2
-0.236645779897528 0.1882289516218533 0.959768196178892 -0.6637982723932607 0.5 -0.2
-0.24457033424480773 0.1876453736321005 0.9593153685985024 -0.6645771182873238 0.5 -0.2
-0.2535990255200929 0.1862693402076197 0.9586838500074496 -0.665594371085409 0.5 -0.2
-0.26326482343206087 0.1839904376556104 0.9578201967200796 -0.6668598633456975 0.5 -0.2
-0.18972832485121827 0.1807449553124043 0.9566687518665634 -0.6683715180432236 0.5 -0.3
-0.19910557886493513 0.1765211228272825 0.9551746696952396 -0.6701149038708182 0.5 -0.3
-0.20759445641492402 0.171359564940789 0.953287269874036 -0.6720639171627008 0.5 -0.3
-0.21479378935533616 0.1653491192992966 0.950963408793449 -0.6741825202046428 0.5 -0.3
-0.22041117313458314 0.158618740363763 0.9481705474564252 -0.6764273090152377 0.5 -0.3
-0.2242774853050042 0.1513266230503047 0.9448892176488258 -0.6787505840813274 0.5 -0.3
-0.22634817342210706 0.1436478745198043 0.9411146345431606 -0.6811035697173419 0.5 -0.3
-0.22669292627533616 0.1357620571775936 0.9368572722592426 -0.6834394600201841 0.5 -0.3
-0.22547642812249913 0.12784176455006 0.9321423054262872 -0.6857160389393963 0.5 -0.3
-0.22293345983966803 0.1200431217378101 0.92700791843542 -0.6878977075388817 0.5 -0.3
-0.21934161956969705 0.1124987757538433 0.9215025896513356 -0.6899568365250268 0.5 -0.3
-0.21499447842216093 0.1053136137968736 0.915681564321482 -0.6918744350194651 0.5 -0.3
-0.210177238333535 0.0985631659546575 0.9096028273677136 -0.693640181705645 0.5 -0.3
-0.20514616970234892 0.092294442121304 0.9033229630908658 -0.6952519006432104 0.5 -0.3
-0.20011253815238397 0.0865288251510691 0.8968933264553149 -0.6967145834665975 0.5 -0.3
-0.19523142953819003 0.0812665713358307 0.8903569316403467 -0.6980390679742036 0.5 -0.3
-0.19059567619598206 0.0764924283820117 0.8837463836848102 -0.699240485474854 0.5 -0.3
-0.18623485744901386 0.0721818607624135 0.8770830560870443 -0.7003365870696467 0.5 -0.3
-0.1821191156790411 0.0683073750175121 0.8703775746390203 -0.7013460524233417 0.5 -0.3
-0.1781673233851199 0.064844463449608 0.8636315218254029 -0.7022868753677004 0.5 -0.3
-0.17425897165598606 0.061776731111096 0.8568401416961066 -0.7031749110372301 0.5 -0.3
-0.17024905781675106 0.0590998339454974 0.8499957177241876 -0.704022660081093 0.5 -0.3
-0.16598520859304194 0.0568239281638223 0.8430912263030177 -0.7048383569028216 0.5 -0.3
-0.16132620360693406 0.0549744073045181 0.8361238431215258 -0.70562542008237 0.5 -0.3
-0.156160897286287 0.0535907869438247 0.8290979033725517 -0.7063823125971931 0.5 -0.3
-0.150426266295978 0.052723697215196 0.8220269892482663 -0.7071028455511832 0.5 -0.3
-0.14412300938692202 0.0524300705855982 0.8149349331164704 -0.7077769402483566 0.5 -0.3
-0.13732695514811807 0.052766769646906 0.8078556646479408 -0.708391838728873 0.5 -0.3
-0.13019463381641894 0.0537830741320942 0.8008319645462916 -0.7089337231786 0.5 -0.3
-0.12296177301666503 0.0555126107504523 0.7939132912456404 -0.7093896715558603 0.5 -0.3
-0.11593411228972797 0.0579654334487858 0.7871529157165904 -0.7097498413531145 0.5 -0.3
-0.10947068680959002 0.061121022219813 0.7806046383134084 -0.7100097370700225 0.5 -0.3
-0.1039604936192759 0.064922953538854 0.7743193711625631 -0.7101723830678134 0.5 -0.3
-0.09979413247099306 0.0692759041769264 0.7683418518179101 -0.7102501967619798 0.5 -0.3
-0.097332574169922 0.0740454909298271 0.7627077152223877 -0.7102663428650432 0.5 -0.3
-0.09687564858001194 0.0790612335128349 0.7574410983279741 -0.7102553530840205 0.5 -0.3
-0.09863310319266391 0.0841226686548337 0.7525528937102965 -0.7102628222700442 0.5 -0.3
-0.10270106839607107 0.0890083583355673 0.748039714966681 -0.7103440450875291 0.5 -0.3
-0.10904643926598401 0.0934872514959602 0.7438835931253981 -0.7105615382655425 0.5 -0.3
-0.11750104951362597 0.0973316075693618 0.740052390242411 -0.7109815006436886 0.5 -0.3
-0.12776662334415198 0.1003305026179992 0.7365008881096345 -0.7116693905445126 0.5 -0.3
-0.139430529587017 0.102302840283584 0.7331724740893858 -0.7126849366719905 0.5 -0.3
-0.15199153246596098 0.1031087873248823 0.7300012954332405 -0.7140770282393576 0.5 -0.3
-0.16489398459959198 0.1026586340782862 0.7269146979353314 -0.7158790295047335 0.5 -0.3
-0.14423994266953288 0.100918235618327 0.7238357250908415 -0.7181051044889726 0.5 -0.34000000052205
-0.10615138234370991 0.0979104413078765 0.7206854507613553 -0.7207480873921549 0.5 -0.4
-0.11680950639701607 0.0937123030735055 0.7173849686869532 -0.7237792700230822 0.5 -0.4
-0.12584605500708695 0.0884483524338039 0.7138569714260804 -0.7271502095438817 0.5 -0.4
-0.13300296143339801 0.0822807469330952 0.7100270006813802 -0.7307963470658226 0.5 -0.4
-0.13814723180713112 0.0753974507897554 0.7058245966209109 -0.7346419573822207 0.5 -0.4
-0.14126630718521008 0.0679997276090423 0.7011846618727776 -0.7386057918515877 0.5 -0.4
-0.1424545715483859 0.0602900968905213 0.6960493451328804 -0.7426067507601233 0.5 -0.4
-0.14189398069848702 0.0524616397356827 0.6903706279952148 -0.7465690042027975 0.5 -0.4
-0.13983140996035195 0.044689241665834 0.6841135851464096 -0.750426128756028 0.5 -0.4
-0.13655468460391798 0.0371231006697988 0.6772600257128094 -0.7541240011102623 0.5 -0.4
-0.13236868230587598 0.029884632209407 0.6698119773417586 -0.7576223584061326 0.5 -0.4
-0.12757257927292898 0.0230647639788194 0.66179431664222 -0.7608950780780664 0.5 -0.4
-0.12243921547845396 0.0167245060515265 0.6532558338688391 -0.7639293402103711 0.5 -0.4
-0.11719748927295298 0.0108975845036811 0.6442681693806849 -0.7667239116953213 0.5 -0.4
-0.11201859273816998 0.0055948355763858 0.6349223636496252 -0.7692868317386651 0.5 -0.4
-0.10700683107989399 0.0008099763025688 0.625323169891595 -0.7716327831328526 0.5 -0.4
-0.10219571503306098 -0.0034737068054206 0.6155817028878493 -0.7737804111059841 0.5 -0.4
-0.097549887216105 -0.0072762783087267 0.6058073442145068 -0.7757498120929808 0.5 -0.4
-0.09297320272318198 -0.0106142670303372 0.5961000100874366 -0.7775603673274091 0.5 -0.4
-0.08832292240840398 -0.0134945873026554 0.5865438621267393 -0.7792290476657625 0.5 -0.4
-0.083429498060884 -0.0159098795434958 0.5772033053285945 -0.780769270883847 0.5 -0.4
-0.07812086885973599 -0.0178358293495842 0.5681217237979546 -0.7821903524603281 0.5 -0.4
-0.072249583601625 -0.0192309162355578 0.5593229347693544 -0.783497555720638 0.5 -0.4
-0.065720444874076 -0.0200388745957203 0.5508148915081238 -0.7846927155936249 0.5 -0.4
-0.05851581745206596 -0.0201939190831279 0.5425948272038265 -0.7857753797532062 0.5 -0.4
-0.050715381874064 -0.0196285008283345 0.5346548616892904 -0.7867443807364495 0.5 -0.4
-0.04250710436668002 -0.0182830390157409 0.5269871051025281 -0.7875997226393648 0.5 -0.4
-0.03418670432844998 -0.0161167494524089 0.5195874692790526 -0.78834463523649 0.5 -0.4
-0.026144023666609985 -0.0131184198852539 0.5124576909568342 -0.7889876174030744 0.5 -0.4
-0.01883634633892699 -0.0093158222519149 0.5056054126546962 -0.7895442649155122 0.5 -0.4
-0.012750593829852991 -0.0047824568858076 0.4990424915515474 -0.7900386617559333 0.5 -0.4
-0.008358056882674988 0.0003594837312071 0.4927819636535263 -0.7905041158406365 0.5 -0.4
-0.006066564052143002 0.0059406780429396 0.4868342496804342 -0.7909830456488679 0.5 -0.4
-0.0061754939817829785 0.0117510216377253 0.4812032465194211 -0.7915258772914942 0.5 -0.4
-0.008838791939341992 0.017550472239547 0.475882919882381 -0.7921888927177435 0.5 -0.4
-0.01404034867622899 0.0230835930456128 0.4708549186192354 -0.7930310762898249 0.5 -0.4
-0.021584952494849013 0.0280965581779899 0.4660875848475412 -0.7941101320111514 0.5 -0.4
-0.031106634524473015 0.032355062928505 0.461536552869546 -0.7954779755691918 0.5 -0.4
-0.04209461780151996 0.0356613994760577 0.4571469306253025 -0.7971761273551607 0.5 -0.4
-0.053935179813396975 0.0378689376959057 0.452856858033302 -0.7992315228352412 0.5 -0.4
0.017354556086525003 0.038892419714566 0.4486020542248519 -0.8016532883904928 0.5 -0.5
0.005787315790867983 0.0387128753232185 0.4443208171821515 -0.8044309752881109 0.5 -0.5
-0.004731062295912011 0.0373766069023053 0.4399588491418392 -0.8075345816656231 0.5 -0.5
-0.013727896175960985 0.0349885006727141 0.4354732791197468 -0.8109164345900026 0.5 -0.5
-0.020873840340840007 0.031700711055118 0.4308353530399492 -0.8145147125938241 0.5 -0.5
-0.025994760018481985 0.027698327021034 0.4260314461867122 -0.8182581486607298 0.5 -0.5
-0.029066255381425023 0.0231838510191858 0.4210622896508165 -0.8220713220688023 0.5 -0.5
-0.03019397864225599 0.0183622254810433 0.4159405567058752 -0.8258799327310424 0.5 -0.5
-0.029584054875820987 0.0134278276168177 0.410687190201131 -0.8296155288153525 0.5 -0.5
-0.027508337463150005 0.0085544221292356 0.4053270322369091 -0.8332192919644706 0.5 -0.5
-0.024269122581209994 0.0038885883829206 0.3998844125677853 -0.8366446412571592 0.5 -0.5
-0.020167366588735 -0.0004533238752004 0.394379346958312 -0.839858572385871 0.5 -0.5
-0.015477416853478003 -0.0043850605340739 0.38882489628556 -0.8428417849593137 0.5 -0.5
-0.010429942538539988 -0.0078478022194217 0.3832260590991151 -0.845587757359345 0.5 -0.5
-0.005203420306083006 -0.0108057964732757 0.3775803355797422 -0.8481010013396245 0.5 -0.5
7.652899054499604e-05 -0.013241138503884 0.3718798397898132 -0.8503947680017332 0.5 -0.5
0.005331297036893015 -0.0151484856048295 0.3661145924731082 -0.8524884851854192 0.5 -0.5
0.010518575802400017 -0.0165303559011402 0.3602764411273458 -0.8544051881593875 0.5 -0.5
0.015618565944802987 -0.0173934983209002 0.3543629580056073 -0.856169166579574 0.5 -0.5
0.020619066892961016 -0.0177466417264199 0.3483806735830599 -0.8578039972145464 0.5 -0.5
0.025501604013943996 -0.0175997350371238 0.3423471105494937 -0.8593310708201299 0.5 -0.5
0.030230802187004996 -0.0169645746357294 0.3362912755234764 -0.860768658984957 0.5 -0.5
0.03474889115751299 -0.0158564944170289 0.3302525099370809 -0.8621315076864404 0.5 -0.5
0.038976398485033 -0.0142966053012776 0.3242778527403401 -0.8634308931920628 0.5 -0.5
0.04281887046002399 -0.0123139654527743 0.3184182845782995 -0.864675036381046 0.5 -0.5
0.046178194825931 -0.0099470784067719 0.3127243765509112 -0.8658697463561645 0.5 -0.5
0.04896615513116099 -0.0072442589241788 0.3072419345825867 -0.8670191562900509 0.5 -0.5
0.051117460126557004 -0.0042626434110627 0.3020082049339869 -0.8681264243628988 0.5 -0.5
0.05259969207102699 -0.001065897398407 0.2970491038975289 -0.8691942963231102 0.5 -0.5
0.053418261836494 0.0022790718086957 0.2923777859147989 -0.8702254579775951 0.5 -0.5
0.053615347657932994 0.0057058979923451 0.2879946969938961 -0.8712226419229165 0.5 -0.5
0.053262815919904 0.0091524327581384 0.2838890938655156 -0.8721884901556549 0.5 -0.5
0.052450232945978004 0.0125637143501288 0.2800418547025775 -0.8731252097700191 0.5 -0.5
0.051270148582814 0.0158937376447266 0.276429268870807 -0.8740340900215361 0.5 -0.5
0.049803617038882 0.019105752503008 0.2730273759578979 -0.8749149731072605 0.5 -0.5
0.048109144934038 0.0221711142068962 0.269816334914552 -0.8757657855427409 0.5 -0.5
